image_id,has_defect,n_defect_classes,class_ids,primary_class,defect_area_px,area_class_1,area_class_2,area_class_3,area_class_4,has_class_1,has_class_2,has_class_3,has_class_4
0002cc93b.jpg,1,1,1,1,4396,4396,0,0,0,1,0,0,0
00031f466.jpg,0,0,,0,0,0,0,0,0,0,0,0,0
000418bfc.jpg,0,0,,0,0,0,0,0,0,0,0,0,0
000789191.jpg,0,0,,0,0,0,0,0,0,0,0,0,0
0007a71bf.jpg,1,1,3,3,6897,0,0,6897,0,0,0,1,0
000a4bcdd.jpg,1,1,1,1,8319,8319,0,0,0,1,0,0,0
000f6bf48.jpg,1,1,4,4,69357,0,0,0,69357,0,0,0,1
0014fce06.jpg,1,1,3,3,4851,0,0,4851,0,0,0,1,0
001982b08.jpg,0,0,,0,0,0,0,0,0,0,0,0,0
001d1b355.jpg,0,0,,0,0,0,0,0,0,0,0,0,0
001d3d093.jpg,0,0,,0,0,0,0,0,0,0,0,0,0
0025bde0c.jpg,1,2,3|4,3,46047,0,0,28506,17541,0,0,1,1
002af848d.jpg,1,1,4,4,5001,0,0,0,5001,0,0,0,1
002e73b3c.jpg,0,0,,0,0,0,0,0,0,0,0,0,0
002fc4e19.jpg,1,2,1|2,1,2756,1547,1209,0,0,1,1,0,0
0030401a5.jpg,1,1,4,4,60738,0,0,0,60738,0,0,0,1
003ac9d2a.jpg,0,0,,0,0,0,0,0,0,0,0,0,0
0046839bd.jpg,1,1,3,3,5253,0,0,5253,0,0,0,1,0
005b92582.jpg,0,0,,0,0,0,0,0,0,0,0,0,0
005d86c25.jpg,1,1,3,3,163033,0,0,163033,0,0,0,1,0
005da33cf.jpg,0,0,,0,0,0,0,0,0,0,0,0,0
005dbf0e0.jpg,0,0,,0,0,0,0,0,0,0,0,0,0
005f02e20.jpg,1,1,3,3,3429,0,0,3429,0,0,0,1,0
005f19695.jpg,1,1,3,3,27106,0,0,27106,0,0,0,1,0
006a4402e.jpg,0,0,,0,0,0,0,0,0,0,0,0,0
0074d81d0.jpg,0,0,,0,0,0,0,0,0,0,0,0,0
00762aa3b.jpg,0,0,,0,0,0,0,0,0,0,0,0,0
007f28bba.jpg,0,0,,0,0,0,0,0,0,0,0,0,0
008479d08.jpg,0,0,,0,0,0,0,0,0,0,0,0,0
008621629.jpg,1,1,4,4,34031,0,0,0,34031,0,0,0,1
0088260da.jpg,1,1,3,3,86663,0,0,86663,0,0,0,1,0
00894274f.jpg,0,0,,0,0,0,0,0,0,0,0,0,0
008b9acf5.jpg,0,0,,0,0,0,0,0,0,0,0,0,0
008d0f87b.jpg,1,1,3,3,10509,0,0,10509,0,0,0,1,0
008ef3d74.jpg,1,2,1|2,2,5276,2066,3210,0,0,1,1,0,0
0095cd374.jpg,1,1,3,3,11749,0,0,11749,0,0,0,1,0
009b12ccc.jpg,0,0,,0,0,0,0,0,0,0,0,0,0
00ac8372f.jpg,1,2,1|2,2,9541,1232,8309,0,0,1,1,0,0
00af2671f.jpg,1,1,3,3,37903,0,0,37903,0,0,0,1,0
00b989e78.jpg,0,0,,0,0,0,0,0,0,0,0,0,0
00bc01bfe.jpg,1,1,1,1,3525,3525,0,0,0,1,0,0,0
00bf8497a.jpg,1,1,3,3,5321,0,0,5321,0,0,0,1,0
00c24a74c.jpg,0,0,,0,0,0,0,0,0,0,0,0,0
00c6060db.jpg,0,0,,0,0,0,0,0,0,0,0,0,0
00c88fed0.jpg,1,2,1|2,2,4846,407,4439,0,0,1,1,0,0
00cdb56a0.jpg,1,1,3,3,2046,0,0,2046,0,0,0,1,0
00d639396.jpg,1,1,3,3,58029,0,0,58029,0,0,0,1,0
00d7ae946.jpg,0,0,,0,0,0,0,0,0,0,0,0,0
00dcb19f3.jpg,0,0,,0,0,0,0,0,0,0,0,0,0
00ded7837.jpg,0,0,,0,0,0,0,0,0,0,0,0,0
00e0398ad.jpg,1,1,3,3,96228,0,0,96228,0,0,0,1,0
00ec97699.jpg,1,1,3,3,9121,0,0,9121,0,0,0,1,0
00f1665e6.jpg,1,1,3,3,18359,0,0,18359,0,0,0,1,0
00f68d337.jpg,0,0,,0,0,0,0,0,0,0,0,0,0
00f6e702c.jpg,1,1,3,3,5335,0,0,5335,0,0,0,1,0
00f95222c.jpg,0,0,,0,0,0,0,0,0,0,0,0,0
00fe04c98.jpg,0,0,,0,0,0,0,0,0,0,0,0,0
00fe7f023.jpg,0,0,,0,0,0,0,0,0,0,0,0,0
0101e2cf0.jpg,0,0,,0,0,0,0,0,0,0,0,0,0
01053d28f.jpg,1,1,1,1,5677,5677,0,0,0,1,0,0,0
010db68d1.jpg,1,1,1,1,3827,3827,0,0,0,1,0,0,0
012a4581b.jpg,0,0,,0,0,0,0,0,0,0,0,0,0
012a9a4c7.jpg,1,1,1,1,2476,2476,0,0,0,1,0,0,0
012d29df4.jpg,1,1,3,3,154806,0,0,154806,0,0,0,1,0
012f26693.jpg,1,2,3|4,4,20781,0,0,7140,13641,0,0,1,1
01338c0ea.jpg,1,1,3,3,4802,0,0,4802,0,0,0,1,0
0139dd004.jpg,1,1,3,3,3142,0,0,3142,0,0,0,1,0
0141c9bf3.jpg,1,1,3,3,6035,0,0,6035,0,0,0,1,0
014409fcc.jpg,0,0,,0,0,0,0,0,0,0,0,0,0
0148e9891.jpg,1,1,3,3,10146,0,0,10146,0,0,0,1,0
014ebe543.jpg,1,1,3,3,10072,0,0,10072,0,0,0,1,0
01540cab1.jpg,1,1,3,3,13734,0,0,13734,0,0,0,1,0
015ed7fac.jpg,0,0,,0,0,0,0,0,0,0,0,0,0
01661826d.jpg,1,1,1,1,5568,5568,0,0,0,1,0,0,0
0167a740e.jpg,1,1,1,1,2216,2216,0,0,0,1,0,0,0
016af13d0.jpg,1,1,3,3,28333,0,0,28333,0,0,0,1,0
016efe618.jpg,1,1,4,4,96653,0,0,0,96653,0,0,0,1
01764ee81.jpg,1,1,3,3,59508,0,0,59508,0,0,0,1,0
017c828a1.jpg,1,1,1,1,3618,3618,0,0,0,1,0,0,0
017d75655.jpg,0,0,,0,0,0,0,0,0,0,0,0,0
0181695f9.jpg,0,0,,0,0,0,0,0,0,0,0,0,0
018ccdfed.jpg,1,1,4,4,32592,0,0,0,32592,0,0,0,1
01919944c.jpg,1,1,3,3,119376,0,0,119376,0,0,0,1,0
0198ab92d.jpg,0,0,,0,0,0,0,0,0,0,0,0,0
019f42c2a.jpg,1,1,3,3,76468,0,0,76468,0,0,0,1,0
01a1027ce.jpg,1,1,3,3,10711,0,0,10711,0,0,0,1,0
01afbfa7a.jpg,1,1,4,4,4277,0,0,0,4277,0,0,0,1
01b043500.jpg,1,1,3,3,12970,0,0,12970,0,0,0,1,0
01b237ab8.jpg,0,0,,0,0,0,0,0,0,0,0,0,0
01b492dd6.jpg,1,1,3,3,571,0,0,571,0,0,0,1,0
01b6c2dc1.jpg,0,0,,0,0,0,0,0,0,0,0,0,0
01c3ef286.jpg,1,1,3,3,8409,0,0,8409,0,0,0,1,0
01cf446d4.jpg,1,1,3,3,3726,0,0,3726,0,0,0,1,0
01cfacf80.jpg,1,2,3|4,4,135056,0,0,31050,104006,0,0,1,1
01d590c5f.jpg,0,0,,0,0,0,0,0,0,0,0,0,0
01d97b205.jpg,0,0,,0,0,0,0,0,0,0,0,0,0
01dbcd2ec.jpg,0,0,,0,0,0,0,0,0,0,0,0,0
01df77e59.jpg,1,1,1,1,2393,2393,0,0,0,1,0,0,0
01e020dc5.jpg,1,1,3,3,61676,0,0,61676,0,0,0,1,0
01e501f99.jpg,0,0,,0,0,0,0,0,0,0,0,0,0
01e69cfc3.jpg,0,0,,0,0,0,0,0,0,0,0,0,0
01ebe0d32.jpg,1,1,3,3,37992,0,0,37992,0,0,0,1,0
01fd320c9.jpg,1,1,3,3,7599,0,0,7599,0,0,0,1,0
01fd50e68.jpg,1,1,3,3,12765,0,0,12765,0,0,0,1,0
0202a5f22.jpg,0,0,,0,0,0,0,0,0,0,0,0,0
020ff3106.jpg,1,1,3,3,5368,0,0,5368,0,0,0,1,0
0217af9b1.jpg,1,1,3,3,4992,0,0,4992,0,0,0,1,0
0218c0fcc.jpg,1,1,4,4,15677,0,0,0,15677,0,0,0,1
02291e913.jpg,1,1,3,3,3049,0,0,3049,0,0,0,1,0
023353d24.jpg,0,0,,0,0,0,0,0,0,0,0,0,0
023a21cf2.jpg,0,0,,0,0,0,0,0,0,0,0,0,0
02431211b.jpg,1,1,3,3,17558,0,0,17558,0,0,0,1,0
02449f836.jpg,0,0,,0,0,0,0,0,0,0,0,0,0
025cb9f6e.jpg,1,1,3,3,13393,0,0,13393,0,0,0,1,0
025dc8dc8.jpg,1,1,3,3,5852,0,0,5852,0,0,0,1,0
026105525.jpg,0,0,,0,0,0,0,0,0,0,0,0,0
026183d85.jpg,1,1,2,2,2212,0,2212,0,0,0,1,0,0
02701c239.jpg,1,1,3,3,9109,0,0,9109,0,0,0,1,0
02709b038.jpg,0,0,,0,0,0,0,0,0,0,0,0,0
0274a26b4.jpg,0,0,,0,0,0,0,0,0,0,0,0,0
02761e0d1.jpg,0,0,,0,0,0,0,0,0,0,0,0,0
027b280f4.jpg,0,0,,0,0,0,0,0,0,0,0,0,0
0281aba7b.jpg,1,1,3,3,10724,0,0,10724,0,0,0,1,0
0285f63ad.jpg,0,0,,0,0,0,0,0,0,0,0,0,0
028eb44d1.jpg,1,1,3,3,28292,0,0,28292,0,0,0,1,0
028ed7768.jpg,1,1,3,3,28016,0,0,28016,0,0,0,1,0
0294f23c0.jpg,1,1,3,3,18310,0,0,18310,0,0,0,1,0
02a78fb18.jpg,0,0,,0,0,0,0,0,0,0,0,0,0
02aa62471.jpg,0,0,,0,0,0,0,0,0,0,0,0,0
02b2cb5c3.jpg,0,0,,0,0,0,0,0,0,0,0,0,0
02b2d3aa4.jpg,1,1,1,1,6520,6520,0,0,0,1,0,0,0
02b6b9f29.jpg,0,0,,0,0,0,0,0,0,0,0,0,0
02b906933.jpg,1,1,3,3,11323,0,0,11323,0,0,0,1,0
02bb80457.jpg,0,0,,0,0,0,0,0,0,0,0,0,0
02bf279c9.jpg,1,1,3,3,6796,0,0,6796,0,0,0,1,0
02c4655ff.jpg,1,1,1,1,7274,7274,0,0,0,1,0,0,0
02c79bfcb.jpg,1,1,3,3,12489,0,0,12489,0,0,0,1,0
02c7f44d9.jpg,0,0,,0,0,0,0,0,0,0,0,0,0
02d006f47.jpg,0,0,,0,0,0,0,0,0,0,0,0,0
02d18b8a4.jpg,1,1,3,3,18150,0,0,18150,0,0,0,1,0
02d3ca489.jpg,0,0,,0,0,0,0,0,0,0,0,0,0
02d573611.jpg,1,1,4,4,13152,0,0,0,13152,0,0,0,1
02d8c6b30.jpg,1,1,3,3,15467,0,0,15467,0,0,0,1,0
02ea1d0e8.jpg,0,0,,0,0,0,0,0,0,0,0,0,0
030336aa4.jpg,0,0,,0,0,0,0,0,0,0,0,0,0
03098160c.jpg,0,0,,0,0,0,0,0,0,0,0,0,0
031179c6e.jpg,0,0,,0,0,0,0,0,0,0,0,0,0
031614d60.jpg,0,0,,0,0,0,0,0,0,0,0,0,0
031627893.jpg,1,1,3,3,94089,0,0,94089,0,0,0,1,0
031f334ec.jpg,1,1,3,3,8642,0,0,8642,0,0,0,1,0
031fc45b5.jpg,0,0,,0,0,0,0,0,0,0,0,0,0
03216ed91.jpg,0,0,,0,0,0,0,0,0,0,0,0,0
03284f71b.jpg,0,0,,0,0,0,0,0,0,0,0,0,0
03395a3da.jpg,0,0,,0,0,0,0,0,0,0,0,0,0
0340e13c4.jpg,1,1,3,3,59115,0,0,59115,0,0,0,1,0
03461f8e0.jpg,1,1,3,3,3081,0,0,3081,0,0,0,1,0
034941f9d.jpg,1,1,3,3,5101,0,0,5101,0,0,0,1,0
034a72783.jpg,0,0,,0,0,0,0,0,0,0,0,0,0
034b387c3.jpg,0,0,,0,0,0,0,0,0,0,0,0,0
034e64ff3.jpg,0,0,,0,0,0,0,0,0,0,0,0,0
035021da2.jpg,1,1,3,3,19158,0,0,19158,0,0,0,1,0
0358eaf5b.jpg,0,0,,0,0,0,0,0,0,0,0,0,0
0360edfb8.jpg,1,1,3,3,18823,0,0,18823,0,0,0,1,0
036505ca3.jpg,0,0,,0,0,0,0,0,0,0,0,0,0
036c4e5d2.jpg,1,1,1,1,6348,6348,0,0,0,1,0,0,0
036c7d18c.jpg,1,1,3,3,123666,0,0,123666,0,0,0,1,0
037887e11.jpg,0,0,,0,0,0,0,0,0,0,0,0,0
037fca267.jpg,1,1,3,3,7963,0,0,7963,0,0,0,1,0
0384b81f8.jpg,0,0,,0,0,0,0,0,0,0,0,0,0
03860f6a9.jpg,1,1,3,3,92814,0,0,92814,0,0,0,1,0
0386ce84b.jpg,1,1,3,3,66330,0,0,66330,0,0,0,1,0
038c59253.jpg,0,0,,0,0,0,0,0,0,0,0,0,0
038c9fdad.jpg,0,0,,0,0,0,0,0,0,0,0,0,0
038f14456.jpg,1,1,4,4,16320,0,0,0,16320,0,0,0,1
0391d44d6.jpg,1,2,3|4,4,95496,0,0,11366,84130,0,0,1,1
039577d49.jpg,1,1,3,3,19897,0,0,19897,0,0,0,1,0
0399d7c46.jpg,0,0,,0,0,0,0,0,0,0,0,0,0
03ab4e3ea.jpg,1,1,3,3,11105,0,0,11105,0,0,0,1,0
03ae2bc91.jpg,0,0,,0,0,0,0,0,0,0,0,0,0
03af7f0c0.jpg,0,0,,0,0,0,0,0,0,0,0,0,0
03b3b06e1.jpg,0,0,,0,0,0,0,0,0,0,0,0,0
03ba7286b.jpg,0,0,,0,0,0,0,0,0,0,0,0,0
03c558103.jpg,0,0,,0,0,0,0,0,0,0,0,0,0
03ca4d04c.jpg,1,1,3,3,168846,0,0,168846,0,0,0,1,0
03da79fda.jpg,1,1,1,1,1401,1401,0,0,0,1,0,0,0
03db6bbc3.jpg,1,2,3|4,4,55222,0,0,4363,50859,0,0,1,1
03e2515a7.jpg,0,0,,0,0,0,0,0,0,0,0,0,0
03f15daba.jpg,0,0,,0,0,0,0,0,0,0,0,0,0
03faf7462.jpg,1,1,3,3,7930,0,0,7930,0,0,0,1,0
0401d67aa.jpg,0,0,,0,0,0,0,0,0,0,0,0,0
04055fd3e.jpg,1,1,3,3,14346,0,0,14346,0,0,0,1,0
0405e7c54.jpg,1,1,2,2,5799,0,5799,0,0,0,1,0,0
04072b39a.jpg,1,1,3,3,23033,0,0,23033,0,0,0,1,0
040de71ca.jpg,0,0,,0,0,0,0,0,0,0,0,0,0
040fcc2f1.jpg,0,0,,0,0,0,0,0,0,0,0,0,0
041187764.jpg,1,1,3,3,61040,0,0,61040,0,0,0,1,0
041a93b6d.jpg,1,1,3,3,3178,0,0,3178,0,0,0,1,0
04238d7e3.jpg,0,0,,0,0,0,0,0,0,0,0,0,0
04246167f.jpg,1,1,3,3,13371,0,0,13371,0,0,0,1,0
042691991.jpg,0,0,,0,0,0,0,0,0,0,0,0,0
0429258ad.jpg,1,1,1,1,1412,1412,0,0,0,1,0,0,0
044700866.jpg,1,2,3|4,4,9064,0,0,4397,4667,0,0,1,1
04505c6df.jpg,0,0,,0,0,0,0,0,0,0,0,0,0
04594d04e.jpg,1,1,3,3,8941,0,0,8941,0,0,0,1,0
046282f58.jpg,1,1,3,3,2772,0,0,2772,0,0,0,1,0
046c35525.jpg,1,1,1,1,4862,4862,0,0,0,1,0,0,0
0473a80ee.jpg,0,0,,0,0,0,0,0,0,0,0,0,0
047681252.jpg,0,0,,0,0,0,0,0,0,0,0,0,0
047fa15d0.jpg,1,1,3,3,16128,0,0,16128,0,0,0,1,0
04802a6c2.jpg,0,0,,0,0,0,0,0,0,0,0,0,0
0482ee1d6.jpg,0,0,,0,0,0,0,0,0,0,0,0,0
0483ecae0.jpg,0,0,,0,0,0,0,0,0,0,0,0,0
0489a64d7.jpg,0,0,,0,0,0,0,0,0,0,0,0,0
048d14d3f.jpg,1,1,3,3,9035,0,0,9035,0,0,0,1,0
048e8f015.jpg,0,0,,0,0,0,0,0,0,0,0,0,0
04933e7f0.jpg,0,0,,0,0,0,0,0,0,0,0,0,0
04985b2a8.jpg,0,0,,0,0,0,0,0,0,0,0,0,0
0498abd18.jpg,1,1,3,3,168131,0,0,168131,0,0,0,1,0
049bad998.jpg,1,1,3,3,52142,0,0,52142,0,0,0,1,0
049fb17a1.jpg,0,0,,0,0,0,0,0,0,0,0,0,0
04a06d744.jpg,1,1,3,3,20837,0,0,20837,0,0,0,1,0
04a4777e9.jpg,1,1,3,3,9472,0,0,9472,0,0,0,1,0
04a5009fa.jpg,1,1,3,3,51830,0,0,51830,0,0,0,1,0
04a5d5763.jpg,0,0,,0,0,0,0,0,0,0,0,0,0
04ae7853c.jpg,1,1,3,3,29285,0,0,29285,0,0,0,1,0
04b0f819d.jpg,0,0,,0,0,0,0,0,0,0,0,0,0
04bf23eba.jpg,0,0,,0,0,0,0,0,0,0,0,0,0
04c3aade7.jpg,1,1,4,4,36119,0,0,0,36119,0,0,0,1
04d49c95d.jpg,1,1,3,3,13101,0,0,13101,0,0,0,1,0
04d527562.jpg,0,0,,0,0,0,0,0,0,0,0,0,0
04d9a0db8.jpg,0,0,,0,0,0,0,0,0,0,0,0,0
04e15fdc1.jpg,0,0,,0,0,0,0,0,0,0,0,0,0
04e23e414.jpg,1,1,1,1,8983,8983,0,0,0,1,0,0,0
04fa19d59.jpg,1,1,4,4,23338,0,0,0,23338,0,0,0,1
050edacec.jpg,0,0,,0,0,0,0,0,0,0,0,0,0
05172e316.jpg,0,0,,0,0,0,0,0,0,0,0,0,0
05184e71b.jpg,1,1,3,3,10665,0,0,10665,0,0,0,1,0
0518e79e9.jpg,1,1,3,3,9615,0,0,9615,0,0,0,1,0
0519989b3.jpg,0,0,,0,0,0,0,0,0,0,0,0,0
051f0d825.jpg,1,1,3,3,38904,0,0,38904,0,0,0,1,0
051f58cb4.jpg,0,0,,0,0,0,0,0,0,0,0,0,0
0526d780c.jpg,1,1,3,3,14080,0,0,14080,0,0,0,1,0
052838084.jpg,1,1,3,3,4914,0,0,4914,0,0,0,1,0
052ac9a54.jpg,1,1,3,3,16864,0,0,16864,0,0,0,1,0
052cc2a0f.jpg,1,1,4,4,59391,0,0,0,59391,0,0,0,1
0534f1b45.jpg,1,1,3,3,34195,0,0,34195,0,0,0,1,0
05396b495.jpg,1,1,3,3,24958,0,0,24958,0,0,0,1,0
053bf4b5f.jpg,0,0,,0,0,0,0,0,0,0,0,0,0
053e9a29c.jpg,1,1,3,3,3207,0,0,3207,0,0,0,1,0
054190eb2.jpg,1,1,3,3,60124,0,0,60124,0,0,0,1,0
05431e2d2.jpg,0,0,,0,0,0,0,0,0,0,0,0,0
0549ad8ba.jpg,0,0,,0,0,0,0,0,0,0,0,0,0
054d1650d.jpg,0,0,,0,0,0,0,0,0,0,0,0,0
054fad516.jpg,0,0,,0,0,0,0,0,0,0,0,0,0
056e34021.jpg,1,1,1,1,10188,10188,0,0,0,1,0,0,0
05747b10b.jpg,1,1,2,2,1938,0,1938,0,0,0,1,0,0
0576d3847.jpg,1,1,3,3,8746,0,0,8746,0,0,0,1,0
057b89dd5.jpg,1,1,3,3,11532,0,0,11532,0,0,0,1,0
0582ac66c.jpg,1,1,4,4,53888,0,0,0,53888,0,0,0,1
058a1e3b8.jpg,1,1,3,3,7556,0,0,7556,0,0,0,1,0
058f6a9c6.jpg,0,0,,0,0,0,0,0,0,0,0,0,0
059000a4f.jpg,1,1,1,1,510,510,0,0,0,1,0,0,0
059327fe3.jpg,1,1,3,3,11081,0,0,11081,0,0,0,1,0
059910f5a.jpg,0,0,,0,0,0,0,0,0,0,0,0,0
05a024a74.jpg,1,1,3,3,63686,0,0,63686,0,0,0,1,0
05a08c565.jpg,0,0,,0,0,0,0,0,0,0,0,0,0
05a2c2eb0.jpg,0,0,,0,0,0,0,0,0,0,0,0,0
05b847b1f.jpg,0,0,,0,0,0,0,0,0,0,0,0,0
05b8ed770.jpg,0,0,,0,0,0,0,0,0,0,0,0,0
05bb18957.jpg,0,0,,0,0,0,0,0,0,0,0,0,0
05bc27672.jpg,0,0,,0,0,0,0,0,0,0,0,0,0
05c05ea43.jpg,0,0,,0,0,0,0,0,0,0,0,0,0
05d67a7ef.jpg,0,0,,0,0,0,0,0,0,0,0,0,0
05d6bccf8.jpg,1,1,3,3,11047,0,0,11047,0,0,0,1,0
05f5e7366.jpg,1,1,3,3,5491,0,0,5491,0,0,0,1,0
05fc29f57.jpg,0,0,,0,0,0,0,0,0,0,0,0,0
0602f0520.jpg,1,1,3,3,14064,0,0,14064,0,0,0,1,0
0603c2340.jpg,1,1,1,1,2251,2251,0,0,0,1,0,0,0
0606395c5.jpg,1,1,3,3,87117,0,0,87117,0,0,0,1,0
060964105.jpg,1,1,2,2,2584,0,2584,0,0,0,1,0,0
060c3159e.jpg,1,1,2,2,3473,0,3473,0,0,0,1,0,0
0613c11b3.jpg,0,0,,0,0,0,0,0,0,0,0,0,0
061c3401a.jpg,0,0,,0,0,0,0,0,0,0,0,0,0
062167783.jpg,1,1,3,3,30792,0,0,30792,0,0,0,1,0
0634275a6.jpg,0,0,,0,0,0,0,0,0,0,0,0,0
063571c5c.jpg,1,1,3,3,10998,0,0,10998,0,0,0,1,0
063b5dcbe.jpg,0,0,,0,0,0,0,0,0,0,0,0,0
063fa1630.jpg,1,1,4,4,37284,0,0,0,37284,0,0,0,1
0645d69f9.jpg,1,1,3,3,3061,0,0,3061,0,0,0,1,0
065b312ff.jpg,0,0,,0,0,0,0,0,0,0,0,0,0
066b9220c.jpg,0,0,,0,0,0,0,0,0,0,0,0,0
066bed8c1.jpg,0,0,,0,0,0,0,0,0,0,0,0,0
066ecd182.jpg,1,1,3,3,47457,0,0,47457,0,0,0,1,0
06713b712.jpg,1,1,3,3,112280,0,0,112280,0,0,0,1,0
068587112.jpg,1,1,3,3,32469,0,0,32469,0,0,0,1,0
068c6c4a9.jpg,1,1,2,2,4648,0,4648,0,0,0,1,0,0
0696cfa05.jpg,1,1,3,3,108286,0,0,108286,0,0,0,1,0
06a01c775.jpg,1,1,1,1,5964,5964,0,0,0,1,0,0,0
06a86ee90.jpg,0,0,,0,0,0,0,0,0,0,0,0,0
06ab5c48e.jpg,0,0,,0,0,0,0,0,0,0,0,0,0
06ad83bac.jpg,1,1,3,3,105296,0,0,105296,0,0,0,1,0
06ae96c30.jpg,1,1,3,3,128248,0,0,128248,0,0,0,1,0
06aed81ba.jpg,1,1,3,3,21970,0,0,21970,0,0,0,1,0
06b384e78.jpg,1,1,3,3,12416,0,0,12416,0,0,0,1,0
06b49e34f.jpg,1,1,3,3,1294,0,0,1294,0,0,0,1,0
06d0fbb0c.jpg,1,1,3,3,9263,0,0,9263,0,0,0,1,0
06d3a99cb.jpg,1,1,3,3,122974,0,0,122974,0,0,0,1,0
06e099136.jpg,0,0,,0,0,0,0,0,0,0,0,0,0
06e5521bc.jpg,0,0,,0,0,0,0,0,0,0,0,0,0
06e55cb16.jpg,1,1,3,3,1150,0,0,1150,0,0,0,1,0
06e6582af.jpg,1,1,3,3,47214,0,0,47214,0,0,0,1,0
06e6e7a8c.jpg,1,1,4,4,20309,0,0,0,20309,0,0,0,1
06e7b157a.jpg,1,1,3,3,19604,0,0,19604,0,0,0,1,0
06e8eced9.jpg,0,0,,0,0,0,0,0,0,0,0,0,0
06eb2151d.jpg,1,1,3,3,2270,0,0,2270,0,0,0,1,0
06f4583b1.jpg,1,1,3,3,2438,0,0,2438,0,0,0,1,0
06f52f4dd.jpg,1,1,3,3,31268,0,0,31268,0,0,0,1,0
06fb3a6e5.jpg,1,1,3,3,11331,0,0,11331,0,0,0,1,0
070037b64.jpg,0,0,,0,0,0,0,0,0,0,0,0,0
070f0733c.jpg,0,0,,0,0,0,0,0,0,0,0,0,0
0712fbd90.jpg,1,1,3,3,3447,0,0,3447,0,0,0,1,0
07134bc11.jpg,0,0,,0,0,0,0,0,0,0,0,0,0
0728b2ac9.jpg,1,1,1,1,14229,14229,0,0,0,1,0,0,0
0739e9688.jpg,1,1,3,3,51290,0,0,51290,0,0,0,1,0
073d8f414.jpg,0,0,,0,0,0,0,0,0,0,0,0,0
073f2a466.jpg,0,0,,0,0,0,0,0,0,0,0,0,0
0757665c0.jpg,0,0,,0,0,0,0,0,0,0,0,0,0
075ae68f4.jpg,0,0,,0,0,0,0,0,0,0,0,0,0
07611b0a1.jpg,0,0,,0,0,0,0,0,0,0,0,0,0
07732248e.jpg,1,2,3|4,3,16892,0,0,9235,7657,0,0,1,1
0774ee747.jpg,0,0,,0,0,0,0,0,0,0,0,0,0
077f0256d.jpg,1,1,1,1,859,859,0,0,0,1,0,0,0
078cb6932.jpg,0,0,,0,0,0,0,0,0,0,0,0,0
078e8abfb.jpg,0,0,,0,0,0,0,0,0,0,0,0,0
079054aa2.jpg,1,1,3,3,3681,0,0,3681,0,0,0,1,0
0792723f1.jpg,0,0,,0,0,0,0,0,0,0,0,0,0
0794e9e24.jpg,0,0,,0,0,0,0,0,0,0,0,0,0
079ff61ce.jpg,0,0,,0,0,0,0,0,0,0,0,0,0
07a238cf0.jpg,0,0,,0,0,0,0,0,0,0,0,0,0
07a5651ce.jpg,1,1,3,3,58094,0,0,58094,0,0,0,1,0
07ac7620c.jpg,1,1,1,1,1826,1826,0,0,0,1,0,0,0
07b1a9644.jpg,1,1,3,3,3627,0,0,3627,0,0,0,1,0
07b627cb9.jpg,1,1,3,3,7658,0,0,7658,0,0,0,1,0
07ba16aba.jpg,1,1,3,3,56667,0,0,56667,0,0,0,1,0
07ba66beb.jpg,1,1,1,1,6840,6840,0,0,0,1,0,0,0
07bee931a.jpg,0,0,,0,0,0,0,0,0,0,0,0,0
07c3d6d77.jpg,1,1,2,2,2667,0,2667,0,0,0,1,0,0
07c8ba1d5.jpg,1,2,3|4,3,24821,0,0,18673,6148,0,0,1,1
07c8c77a3.jpg,1,1,3,3,2585,0,0,2585,0,0,0,1,0
07c917711.jpg,1,1,3,3,31181,0,0,31181,0,0,0,1,0
07cb6d544.jpg,1,1,3,3,1165,0,0,1165,0,0,0,1,0
07cb85a8d.jpg,0,0,,0,0,0,0,0,0,0,0,0,0
07cbfd1f8.jpg,1,2,3|4,4,120096,0,0,32229,87867,0,0,1,1
07cd0a3e9.jpg,1,1,3,3,40171,0,0,40171,0,0,0,1,0
07e68173c.jpg,0,0,,0,0,0,0,0,0,0,0,0,0
07e6bbef3.jpg,0,0,,0,0,0,0,0,0,0,0,0,0
07e8fca73.jpg,0,0,,0,0,0,0,0,0,0,0,0,0
07edbd095.jpg,0,0,,0,0,0,0,0,0,0,0,0,0
07edcfc26.jpg,0,0,,0,0,0,0,0,0,0,0,0,0
07edd4209.jpg,0,0,,0,0,0,0,0,0,0,0,0,0
07ee5cbb2.jpg,0,0,,0,0,0,0,0,0,0,0,0,0
07fd9f3e6.jpg,0,0,,0,0,0,0,0,0,0,0,0,0
0803acf1f.jpg,1,1,3,3,2792,0,0,2792,0,0,0,1,0
08041ffdb.jpg,0,0,,0,0,0,0,0,0,0,0,0,0
0808a098b.jpg,1,1,3,3,2727,0,0,2727,0,0,0,1,0
080906d34.jpg,0,0,,0,0,0,0,0,0,0,0,0,0
080d6f77f.jpg,1,1,3,3,31687,0,0,31687,0,0,0,1,0
08135e87d.jpg,0,0,,0,0,0,0,0,0,0,0,0,0
0817e2da4.jpg,1,1,3,3,41526,0,0,41526,0,0,0,1,0
08193cfc8.jpg,1,1,2,2,2670,0,2670,0,0,0,1,0,0
0821136d7.jpg,0,0,,0,0,0,0,0,0,0,0,0,0
0824aaa5d.jpg,0,0,,0,0,0,0,0,0,0,0,0,0
0829af407.jpg,1,1,1,1,1231,1231,0,0,0,1,0,0,0
082ad405c.jpg,0,0,,0,0,0,0,0,0,0,0,0,0
083134687.jpg,0,0,,0,0,0,0,0,0,0,0,0,0
0832de752.jpg,1,1,1,1,11363,11363,0,0,0,1,0,0,0
0841074c1.jpg,1,1,3,3,19422,0,0,19422,0,0,0,1,0
0842fa725.jpg,1,1,2,2,751,0,751,0,0,0,1,0,0
0849ea9f1.jpg,1,1,3,3,31955,0,0,31955,0,0,0,1,0
084abb378.jpg,0,0,,0,0,0,0,0,0,0,0,0,0
084e8ba74.jpg,1,1,3,3,13988,0,0,13988,0,0,0,1,0
0855026b4.jpg,0,0,,0,0,0,0,0,0,0,0,0,0
0858830b6.jpg,1,1,3,3,20249,0,0,20249,0,0,0,1,0
085a9eea6.jpg,1,1,3,3,10624,0,0,10624,0,0,0,1,0
085bcd104.jpg,1,1,3,3,19547,0,0,19547,0,0,0,1,0
085f71134.jpg,0,0,,0,0,0,0,0,0,0,0,0,0
08605c0eb.jpg,1,1,3,3,49974,0,0,49974,0,0,0,1,0
08630f05d.jpg,0,0,,0,0,0,0,0,0,0,0,0,0
08658acdf.jpg,0,0,,0,0,0,0,0,0,0,0,0,0
086739d4f.jpg,0,0,,0,0,0,0,0,0,0,0,0,0
086bf54f4.jpg,0,0,,0,0,0,0,0,0,0,0,0,0
08808b1a2.jpg,1,1,1,1,6192,6192,0,0,0,1,0,0,0
08852b69d.jpg,1,1,3,3,9623,0,0,9623,0,0,0,1,0
0888e6a84.jpg,1,2,3|4,4,7190,0,0,929,6261,0,0,1,1
088a6bb94.jpg,1,1,3,3,13042,0,0,13042,0,0,0,1,0
088aee82e.jpg,1,1,3,3,49168,0,0,49168,0,0,0,1,0
088ecc915.jpg,0,0,,0,0,0,0,0,0,0,0,0,0
08a1a079b.jpg,1,2,1|3,1,12816,9349,0,3467,0,1,0,1,0
08a8ed239.jpg,1,1,1,1,1696,1696,0,0,0,1,0,0,0
08b10468d.jpg,1,1,4,4,43926,0,0,0,43926,0,0,0,1
08b40a161.jpg,1,2,3|4,4,63647,0,0,10377,53270,0,0,1,1
08b539d11.jpg,1,1,3,3,132553,0,0,132553,0,0,0,1,0
08b99532a.jpg,0,0,,0,0,0,0,0,0,0,0,0,0
08ba29346.jpg,0,0,,0,0,0,0,0,0,0,0,0,0
08c2fc120.jpg,1,1,3,3,5984,0,0,5984,0,0,0,1,0
08c8229e3.jpg,0,0,,0,0,0,0,0,0,0,0,0,0
08cb2b899.jpg,0,0,,0,0,0,0,0,0,0,0,0,0
08d5bd03d.jpg,1,1,3,3,2106,0,0,2106,0,0,0,1,0
08d80d51a.jpg,1,1,3,3,22016,0,0,22016,0,0,0,1,0
08d9cdf3b.jpg,0,0,,0,0,0,0,0,0,0,0,0,0
08de8621d.jpg,1,1,3,3,38480,0,0,38480,0,0,0,1,0
08de8df60.jpg,1,2,1|3,3,9785,4440,0,5345,0,1,0,1,0
08e21ba66.jpg,0,0,,0,0,0,0,0,0,0,0,0,0
08e3aadde.jpg,1,1,3,3,72931,0,0,72931,0,0,0,1,0
08f0b26ac.jpg,1,1,3,3,3060,0,0,3060,0,0,0,1,0
08f37071a.jpg,0,0,,0,0,0,0,0,0,0,0,0,0
08f5c0997.jpg,1,1,3,3,33421,0,0,33421,0,0,0,1,0
08f5d5a29.jpg,0,0,,0,0,0,0,0,0,0,0,0,0
08f9c685f.jpg,1,2,1|3,1,2440,1794,0,646,0,1,0,1,0
08fc8dc5d.jpg,0,0,,0,0,0,0,0,0,0,0,0,0
08fe9f644.jpg,0,0,,0,0,0,0,0,0,0,0,0,0
0905fe055.jpg,1,1,1,1,1656,1656,0,0,0,1,0,0,0
090859f6a.jpg,0,0,,0,0,0,0,0,0,0,0,0,0
090a6a4b5.jpg,1,1,3,3,7048,0,0,7048,0,0,0,1,0
09140dda7.jpg,1,1,3,3,9748,0,0,9748,0,0,0,1,0
091d21109.jpg,1,1,3,3,44943,0,0,44943,0,0,0,1,0
091fcc239.jpg,0,0,,0,0,0,0,0,0,0,0,0,0
0920a07c6.jpg,0,0,,0,0,0,0,0,0,0,0,0,0
092145f0c.jpg,1,1,3,3,44422,0,0,44422,0,0,0,1,0
092614afe.jpg,1,1,4,4,16362,0,0,0,16362,0,0,0,1
0929b3d8f.jpg,1,1,3,3,8153,0,0,8153,0,0,0,1,0
092c1f666.jpg,0,0,,0,0,0,0,0,0,0,0,0,0
092f2587c.jpg,0,0,,0,0,0,0,0,0,0,0,0,0
092f8d365.jpg,1,1,3,3,9722,0,0,9722,0,0,0,1,0
09323504a.jpg,1,1,3,3,2766,0,0,2766,0,0,0,1,0
0934b8bff.jpg,1,1,1,1,4061,4061,0,0,0,1,0,0,0
093ec1c68.jpg,1,1,3,3,4291,0,0,4291,0,0,0,1,0
094281d26.jpg,0,0,,0,0,0,0,0,0,0,0,0,0
09478d706.jpg,0,0,,0,0,0,0,0,0,0,0,0,0
094b155b4.jpg,0,0,,0,0,0,0,0,0,0,0,0,0
094fd70ea.jpg,1,1,3,3,65656,0,0,65656,0,0,0,1,0
09552b326.jpg,1,1,3,3,27555,0,0,27555,0,0,0,1,0
095c6bcdc.jpg,0,0,,0,0,0,0,0,0,0,0,0,0
095c72506.jpg,0,0,,0,0,0,0,0,0,0,0,0,0
09627b1bf.jpg,0,0,,0,0,0,0,0,0,0,0,0,0
096465b41.jpg,1,1,3,3,40436,0,0,40436,0,0,0,1,0
096701230.jpg,0,0,,0,0,0,0,0,0,0,0,0,0
096e9d26a.jpg,0,0,,0,0,0,0,0,0,0,0,0,0
0970201e2.jpg,1,1,3,3,11261,0,0,11261,0,0,0,1,0
0973e56f0.jpg,0,0,,0,0,0,0,0,0,0,0,0,0
09757b84e.jpg,1,1,3,3,13497,0,0,13497,0,0,0,1,0
097e28492.jpg,1,1,3,3,1075,0,0,1075,0,0,0,1,0
097eaf94c.jpg,1,2,3|4,4,102267,0,0,5939,96328,0,0,1,1
0984c380f.jpg,1,1,3,3,11859,0,0,11859,0,0,0,1,0
0986996f0.jpg,1,1,3,3,3534,0,0,3534,0,0,0,1,0
0988e13e7.jpg,1,1,3,3,2168,0,0,2168,0,0,0,1,0
098935502.jpg,0,0,,0,0,0,0,0,0,0,0,0,0
09909c535.jpg,0,0,,0,0,0,0,0,0,0,0,0,0
099465815.jpg,0,0,,0,0,0,0,0,0,0,0,0,0
0999e53af.jpg,1,1,1,1,3804,3804,0,0,0,1,0,0,0
099e4e39a.jpg,1,1,3,3,8567,0,0,8567,0,0,0,1,0
09a3a5730.jpg,0,0,,0,0,0,0,0,0,0,0,0,0
09b2001b6.jpg,0,0,,0,0,0,0,0,0,0,0,0,0
09b26a624.jpg,1,1,3,3,16913,0,0,16913,0,0,0,1,0
09b428fe0.jpg,1,1,1,1,6723,6723,0,0,0,1,0,0,0
09b8f16ad.jpg,0,0,,0,0,0,0,0,0,0,0,0,0
09bb26d69.jpg,0,0,,0,0,0,0,0,0,0,0,0,0
09bb99140.jpg,0,0,,0,0,0,0,0,0,0,0,0,0
09c4ca5ef.jpg,0,0,,0,0,0,0,0,0,0,0,0,0
09c967630.jpg,1,1,3,3,4294,0,0,4294,0,0,0,1,0
09d4ee8a5.jpg,1,1,3,3,11281,0,0,11281,0,0,0,1,0
09d70d8f0.jpg,1,1,3,3,36097,0,0,36097,0,0,0,1,0
09d7dba1b.jpg,1,1,3,3,20186,0,0,20186,0,0,0,1,0
09d84ff22.jpg,1,1,3,3,11380,0,0,11380,0,0,0,1,0
09d87038e.jpg,1,1,3,3,8475,0,0,8475,0,0,0,1,0
09dd555c8.jpg,0,0,,0,0,0,0,0,0,0,0,0,0
09e06e897.jpg,1,1,3,3,23285,0,0,23285,0,0,0,1,0
09e15218c.jpg,1,1,3,3,59788,0,0,59788,0,0,0,1,0
09e4f864e.jpg,0,0,,0,0,0,0,0,0,0,0,0,0
09e75817a.jpg,1,1,3,3,4165,0,0,4165,0,0,0,1,0
09e9c96fd.jpg,1,1,3,3,47811,0,0,47811,0,0,0,1,0
09ee01161.jpg,1,1,3,3,16156,0,0,16156,0,0,0,1,0
09ef816bf.jpg,0,0,,0,0,0,0,0,0,0,0,0,0
09f1605ee.jpg,1,1,4,4,19585,0,0,0,19585,0,0,0,1
09f598cb6.jpg,0,0,,0,0,0,0,0,0,0,0,0,0
09fa983ff.jpg,0,0,,0,0,0,0,0,0,0,0,0,0
0a058fcb6.jpg,0,0,,0,0,0,0,0,0,0,0,0,0
0a122ef42.jpg,0,0,,0,0,0,0,0,0,0,0,0,0
0a1cade03.jpg,0,0,,0,0,0,0,0,0,0,0,0,0
0a21ce787.jpg,1,1,3,3,1661,0,0,1661,0,0,0,1,0
0a26aceb2.jpg,1,1,3,3,57149,0,0,57149,0,0,0,1,0
0a29ef6f9.jpg,0,0,,0,0,0,0,0,0,0,0,0,0
0a34e73df.jpg,0,0,,0,0,0,0,0,0,0,0,0,0
0a37f0a29.jpg,1,1,3,3,20281,0,0,20281,0,0,0,1,0
0a3bbea4d.jpg,0,0,,0,0,0,0,0,0,0,0,0,0
0a405b396.jpg,1,1,3,3,37063,0,0,37063,0,0,0,1,0
0a427a066.jpg,0,0,,0,0,0,0,0,0,0,0,0,0
0a433cb96.jpg,0,0,,0,0,0,0,0,0,0,0,0,0
0a46cc4bf.jpg,0,0,,0,0,0,0,0,0,0,0,0,0
0a4ad45a5.jpg,1,1,1,1,1943,1943,0,0,0,1,0,0,0
0a4ef8ee7.jpg,0,0,,0,0,0,0,0,0,0,0,0,0
0a536b3c5.jpg,0,0,,0,0,0,0,0,0,0,0,0,0
0a5a82b86.jpg,0,0,,0,0,0,0,0,0,0,0,0,0
0a5ad2f0f.jpg,0,0,,0,0,0,0,0,0,0,0,0,0
0a5cff3a7.jpg,1,1,3,3,7757,0,0,7757,0,0,0,1,0
0a6324223.jpg,0,0,,0,0,0,0,0,0,0,0,0,0
0a65bd8d4.jpg,0,0,,0,0,0,0,0,0,0,0,0,0
0a728f2a5.jpg,0,0,,0,0,0,0,0,0,0,0,0,0
0a740fe74.jpg,0,0,,0,0,0,0,0,0,0,0,0,0
0a76ac9b8.jpg,0,0,,0,0,0,0,0,0,0,0,0,0
0a76c7934.jpg,0,0,,0,0,0,0,0,0,0,0,0,0
0a8306bfe.jpg,1,1,3,3,2593,0,0,2593,0,0,0,1,0
0a85666e4.jpg,0,0,,0,0,0,0,0,0,0,0,0,0
0a8cb8ddf.jpg,1,1,1,1,8178,8178,0,0,0,1,0,0,0
0a8fddf7a.jpg,0,0,,0,0,0,0,0,0,0,0,0,0
0a9799f01.jpg,0,0,,0,0,0,0,0,0,0,0,0,0
0a9a7a6c7.jpg,1,1,3,3,10214,0,0,10214,0,0,0,1,0
0a9aaba9a.jpg,1,1,3,3,30376,0,0,30376,0,0,0,1,0
0aa4399a4.jpg,1,1,3,3,3538,0,0,3538,0,0,0,1,0
0aa66dd72.jpg,0,0,,0,0,0,0,0,0,0,0,0,0
0aa7955fd.jpg,1,1,3,3,4492,0,0,4492,0,0,0,1,0
0aafd7471.jpg,1,1,1,1,1110,1110,0,0,0,1,0,0,0
0abfbfc69.jpg,1,1,3,3,144475,0,0,144475,0,0,0,1,0
0ac9936af.jpg,1,1,3,3,4086,0,0,4086,0,0,0,1,0
0aceecf0a.jpg,1,1,3,3,150006,0,0,150006,0,0,0,1,0
0adc17f1d.jpg,1,1,4,4,100622,0,0,0,100622,0,0,0,1
0ae08c27e.jpg,0,0,,0,0,0,0,0,0,0,0,0,0
0ae4f8a60.jpg,1,1,3,3,15360,0,0,15360,0,0,0,1,0
0af5680b1.jpg,0,0,,0,0,0,0,0,0,0,0,0,0
0af6b34a8.jpg,1,1,3,3,2585,0,0,2585,0,0,0,1,0
0b0f32a34.jpg,0,0,,0,0,0,0,0,0,0,0,0,0
0b1235e38.jpg,1,1,3,3,7204,0,0,7204,0,0,0,1,0
0b15dd467.jpg,0,0,,0,0,0,0,0,0,0,0,0,0
0b1993a49.jpg,1,1,3,3,76871,0,0,76871,0,0,0,1,0
0b1a4d585.jpg,1,1,1,1,3529,3529,0,0,0,1,0,0,0
0b1e5a7a5.jpg,1,1,2,2,3448,0,3448,0,0,0,1,0,0
0b202a5ad.jpg,0,0,,0,0,0,0,0,0,0,0,0,0
0b2d14bfd.jpg,0,0,,0,0,0,0,0,0,0,0,0,0
0b2edb671.jpg,0,0,,0,0,0,0,0,0,0,0,0,0
0b31575c2.jpg,0,0,,0,0,0,0,0,0,0,0,0,0
0b3a0fabe.jpg,0,0,,0,0,0,0,0,0,0,0,0,0
0b431da6c.jpg,0,0,,0,0,0,0,0,0,0,0,0,0
0b4457f28.jpg,0,0,,0,0,0,0,0,0,0,0,0,0
0b475b419.jpg,1,1,3,3,3425,0,0,3425,0,0,0,1,0
0b4a68676.jpg,1,1,3,3,15449,0,0,15449,0,0,0,1,0
0b4c8e681.jpg,1,1,2,2,3982,0,3982,0,0,0,1,0,0
0b5018316.jpg,1,1,2,2,2287,0,2287,0,0,0,1,0,0
0b5051d9f.jpg,1,1,3,3,4162,0,0,4162,0,0,0,1,0
0b50b417a.jpg,0,0,,0,0,0,0,0,0,0,0,0,0
0b56da4ff.jpg,1,1,4,4,3699,0,0,0,3699,0,0,0,1
0b5c97e4c.jpg,1,1,3,3,8847,0,0,8847,0,0,0,1,0
0b620e67a.jpg,0,0,,0,0,0,0,0,0,0,0,0,0
0b6cc9daa.jpg,1,1,3,3,21629,0,0,21629,0,0,0,1,0
0b76bcd3a.jpg,1,1,3,3,78227,0,0,78227,0,0,0,1,0
0b77d4ddf.jpg,1,1,3,3,123646,0,0,123646,0,0,0,1,0
0b7a4c9b9.jpg,1,1,3,3,80401,0,0,80401,0,0,0,1,0
0b8575001.jpg,1,1,3,3,24064,0,0,24064,0,0,0,1,0
0b8775632.jpg,1,1,3,3,17795,0,0,17795,0,0,0,1,0
0b89f99d7.jpg,0,0,,0,0,0,0,0,0,0,0,0,0
0b95d9ca5.jpg,0,0,,0,0,0,0,0,0,0,0,0,0
0ba2d403f.jpg,0,0,,0,0,0,0,0,0,0,0,0,0
0ba4c4183.jpg,0,0,,0,0,0,0,0,0,0,0,0,0
0bac0ef65.jpg,0,0,,0,0,0,0,0,0,0,0,0,0
0bae1d71e.jpg,0,0,,0,0,0,0,0,0,0,0,0,0
0bb304645.jpg,1,1,1,1,6900,6900,0,0,0,1,0,0,0
0bb37f2aa.jpg,1,1,3,3,2491,0,0,2491,0,0,0,1,0
0bb39cafa.jpg,1,1,3,3,10139,0,0,10139,0,0,0,1,0
0bb3b11e1.jpg,0,0,,0,0,0,0,0,0,0,0,0,0
0bbd121d7.jpg,1,1,3,3,18587,0,0,18587,0,0,0,1,0
0bbec39a3.jpg,0,0,,0,0,0,0,0,0,0,0,0,0
0bc0d715e.jpg,1,1,3,3,4850,0,0,4850,0,0,0,1,0
0bc373e44.jpg,1,2,1|3,3,5936,2652,0,3284,0,1,0,1,0
0bc3f8ce8.jpg,1,1,3,3,6001,0,0,6001,0,0,0,1,0
0bc8070d5.jpg,1,1,3,3,2333,0,0,2333,0,0,0,1,0
0bd505b1b.jpg,0,0,,0,0,0,0,0,0,0,0,0,0
0bd6da716.jpg,1,1,1,1,975,975,0,0,0,1,0,0,0
0bda9a0eb.jpg,1,1,3,3,25296,0,0,25296,0,0,0,1,0
0be6eca0c.jpg,0,0,,0,0,0,0,0,0,0,0,0,0
0be878d63.jpg,0,0,,0,0,0,0,0,0,0,0,0,0
0be9bad7b.jpg,1,2,3|4,4,37805,0,0,4984,32821,0,0,1,1
0beadf0e6.jpg,0,0,,0,0,0,0,0,0,0,0,0,0
0becaa911.jpg,0,0,,0,0,0,0,0,0,0,0,0,0
0bee4edeb.jpg,1,1,3,3,52793,0,0,52793,0,0,0,1,0
0bef9d940.jpg,0,0,,0,0,0,0,0,0,0,0,0,0
0bf383153.jpg,0,0,,0,0,0,0,0,0,0,0,0,0
0bfce2f41.jpg,1,1,3,3,9440,0,0,9440,0,0,0,1,0
0bfcf7a71.jpg,1,1,3,3,19022,0,0,19022,0,0,0,1,0
0bfe252d0.jpg,0,0,,0,0,0,0,0,0,0,0,0,0
0c0f61ab5.jpg,0,0,,0,0,0,0,0,0,0,0,0,0
0c1c63e68.jpg,0,0,,0,0,0,0,0,0,0,0,0,0
0c21c4b46.jpg,1,1,3,3,1756,0,0,1756,0,0,0,1,0
0c2522533.jpg,1,1,3,3,25216,0,0,25216,0,0,0,1,0
0c3fdad18.jpg,0,0,,0,0,0,0,0,0,0,0,0,0
0c46e79a4.jpg,0,0,,0,0,0,0,0,0,0,0,0,0
0c495b1c8.jpg,1,1,3,3,2580,0,0,2580,0,0,0,1,0
0c4c73167.jpg,0,0,,0,0,0,0,0,0,0,0,0,0
0c4fc6017.jpg,0,0,,0,0,0,0,0,0,0,0,0,0
0c59df320.jpg,1,1,1,1,3867,3867,0,0,0,1,0,0,0
0c5c5644b.jpg,1,1,3,3,15189,0,0,15189,0,0,0,1,0
0c607c9a3.jpg,0,0,,0,0,0,0,0,0,0,0,0,0
0c6720401.jpg,1,1,2,2,5333,0,5333,0,0,0,1,0,0
0c6b1cfeb.jpg,0,0,,0,0,0,0,0,0,0,0,0,0
0c6d171c6.jpg,0,0,,0,0,0,0,0,0,0,0,0,0
0c6f55571.jpg,0,0,,0,0,0,0,0,0,0,0,0,0
0c7930c2d.jpg,0,0,,0,0,0,0,0,0,0,0,0,0
0c888ecb5.jpg,1,2,3|4,4,35694,0,0,10348,25346,0,0,1,1
0c9425441.jpg,0,0,,0,0,0,0,0,0,0,0,0,0
0c9ae816d.jpg,1,1,3,3,8187,0,0,8187,0,0,0,1,0
0ca915b9f.jpg,1,1,3,3,5683,0,0,5683,0,0,0,1,0
0ca999106.jpg,0,0,,0,0,0,0,0,0,0,0,0,0
0caf53aba.jpg,1,1,3,3,10700,0,0,10700,0,0,0,1,0
0cb3064bd.jpg,1,1,3,3,81149,0,0,81149,0,0,0,1,0
0cb590f8e.jpg,1,2,1|2,2,914,241,673,0,0,1,1,0,0
0cc0f6640.jpg,0,0,,0,0,0,0,0,0,0,0,0,0
0cc44081a.jpg,0,0,,0,0,0,0,0,0,0,0,0,0
0cd22bad5.jpg,1,1,3,3,41937,0,0,41937,0,0,0,1,0
0cd8bbae8.jpg,0,0,,0,0,0,0,0,0,0,0,0,0
0cdce1e66.jpg,0,0,,0,0,0,0,0,0,0,0,0,0
0ce18d9e2.jpg,1,1,3,3,11647,0,0,11647,0,0,0,1,0
0ce3a145f.jpg,1,1,3,3,120910,0,0,120910,0,0,0,1,0
0ce5ead68.jpg,1,1,3,3,11563,0,0,11563,0,0,0,1,0
0ce6ef153.jpg,1,1,3,3,9679,0,0,9679,0,0,0,1,0
0ce9fcb62.jpg,0,0,,0,0,0,0,0,0,0,0,0,0
0cefc1f4f.jpg,1,1,3,3,89719,0,0,89719,0,0,0,1,0
0cf509103.jpg,1,1,1,1,1698,1698,0,0,0,1,0,0,0
0cfcad1f5.jpg,1,1,3,3,311,0,0,311,0,0,0,1,0
0d01c8efb.jpg,0,0,,0,0,0,0,0,0,0,0,0,0
0d0c21687.jpg,0,0,,0,0,0,0,0,0,0,0,0,0
0d0ee7a51.jpg,1,1,3,3,51413,0,0,51413,0,0,0,1,0
0d13c2a23.jpg,1,1,1,1,1567,1567,0,0,0,1,0,0,0
0d17b6b4f.jpg,1,1,3,3,2376,0,0,2376,0,0,0,1,0
0d1ada935.jpg,0,0,,0,0,0,0,0,0,0,0,0,0
0d1b42754.jpg,0,0,,0,0,0,0,0,0,0,0,0,0
0d1e0ae6d.jpg,0,0,,0,0,0,0,0,0,0,0,0,0
0d224e852.jpg,1,1,3,3,13863,0,0,13863,0,0,0,1,0
0d22c1559.jpg,1,1,3,3,16237,0,0,16237,0,0,0,1,0
0d22de6d4.jpg,0,0,,0,0,0,0,0,0,0,0,0,0
0d258e4ae.jpg,0,0,,0,0,0,0,0,0,0,0,0,0
0d26bb9b3.jpg,0,0,,0,0,0,0,0,0,0,0,0,0
0d2a4e766.jpg,1,1,3,3,5036,0,0,5036,0,0,0,1,0
0d2a8b196.jpg,0,0,,0,0,0,0,0,0,0,0,0,0
0d2c6fdf8.jpg,0,0,,0,0,0,0,0,0,0,0,0,0
0d2fe4d55.jpg,0,0,,0,0,0,0,0,0,0,0,0,0
0d324f7bd.jpg,0,0,,0,0,0,0,0,0,0,0,0,0
0d32ad533.jpg,0,0,,0,0,0,0,0,0,0,0,0,0
0d365d98c.jpg,1,1,3,3,9058,0,0,9058,0,0,0,1,0
0d388891f.jpg,0,0,,0,0,0,0,0,0,0,0,0,0
0d3a308d6.jpg,0,0,,0,0,0,0,0,0,0,0,0,0
0d3d0dbf2.jpg,1,1,3,3,41933,0,0,41933,0,0,0,1,0
0d3edfec6.jpg,1,1,3,3,21081,0,0,21081,0,0,0,1,0
0d4866e3c.jpg,1,1,2,2,2822,0,2822,0,0,0,1,0,0
0d4eae8de.jpg,1,1,4,4,108576,0,0,0,108576,0,0,0,1
0d4ebbafc.jpg,0,0,,0,0,0,0,0,0,0,0,0,0
0d51538b9.jpg,1,1,4,4,31988,0,0,0,31988,0,0,0,1
0d5e07a0d.jpg,0,0,,0,0,0,0,0,0,0,0,0,0
0d617d477.jpg,1,1,3,3,19025,0,0,19025,0,0,0,1,0
0d61cb826.jpg,0,0,,0,0,0,0,0,0,0,0,0,0
0d661ca68.jpg,1,1,3,3,12541,0,0,12541,0,0,0,1,0
0d78ac743.jpg,1,1,4,4,22959,0,0,0,22959,0,0,0,1
0d7943344.jpg,0,0,,0,0,0,0,0,0,0,0,0,0
0d7afc7a6.jpg,0,0,,0,0,0,0,0,0,0,0,0,0
0d7e52a91.jpg,1,1,3,3,18714,0,0,18714,0,0,0,1,0
0d99ab39c.jpg,1,1,3,3,9079,0,0,9079,0,0,0,1,0
0d9d01f2e.jpg,0,0,,0,0,0,0,0,0,0,0,0,0
0d9d2aa59.jpg,1,1,3,3,5441,0,0,5441,0,0,0,1,0
0da0d2c17.jpg,1,1,3,3,10065,0,0,10065,0,0,0,1,0
0da1c044f.jpg,1,1,3,3,23147,0,0,23147,0,0,0,1,0
0da296499.jpg,0,0,,0,0,0,0,0,0,0,0,0,0
0da6615e7.jpg,0,0,,0,0,0,0,0,0,0,0,0,0
0db39b46a.jpg,0,0,,0,0,0,0,0,0,0,0,0,0
0db448eb7.jpg,1,1,3,3,7188,0,0,7188,0,0,0,1,0
0db535c8c.jpg,1,1,3,3,9023,0,0,9023,0,0,0,1,0
0db7ec4f0.jpg,1,1,3,3,10555,0,0,10555,0,0,0,1,0
0dc52baf6.jpg,0,0,,0,0,0,0,0,0,0,0,0,0
0dc953a31.jpg,1,1,3,3,8293,0,0,8293,0,0,0,1,0
0dced41aa.jpg,0,0,,0,0,0,0,0,0,0,0,0,0
0dcfc9c19.jpg,0,0,,0,0,0,0,0,0,0,0,0,0
0dd76b019.jpg,1,1,3,3,4718,0,0,4718,0,0,0,1,0
0dd8c9f61.jpg,1,1,3,3,4167,0,0,4167,0,0,0,1,0
0ddbc9fb5.jpg,1,1,4,4,41960,0,0,0,41960,0,0,0,1
0ddd9b0c8.jpg,0,0,,0,0,0,0,0,0,0,0,0,0
0debf180d.jpg,0,0,,0,0,0,0,0,0,0,0,0,0
0dfc5aa21.jpg,0,0,,0,0,0,0,0,0,0,0,0,0
0dfd831a1.jpg,0,0,,0,0,0,0,0,0,0,0,0,0
0e01b820c.jpg,1,1,4,4,60214,0,0,0,60214,0,0,0,1
0e0377ffa.jpg,1,1,3,3,3115,0,0,3115,0,0,0,1,0
0e09ff3bd.jpg,0,0,,0,0,0,0,0,0,0,0,0,0
0e0d5004d.jpg,1,1,3,3,11218,0,0,11218,0,0,0,1,0
0e0f06208.jpg,1,1,3,3,10311,0,0,10311,0,0,0,1,0
0e0f0a99e.jpg,0,0,,0,0,0,0,0,0,0,0,0,0
0e106d482.jpg,1,1,2,2,2275,0,2275,0,0,0,1,0,0
0e15479f7.jpg,0,0,,0,0,0,0,0,0,0,0,0,0
0e1925eb6.jpg,1,1,3,3,7721,0,0,7721,0,0,0,1,0
0e232ce72.jpg,1,1,4,4,8095,0,0,0,8095,0,0,0,1
0e3ade070.jpg,0,0,,0,0,0,0,0,0,0,0,0,0
0e45812d6.jpg,0,0,,0,0,0,0,0,0,0,0,0,0
0e479a15f.jpg,0,0,,0,0,0,0,0,0,0,0,0,0
0e5981679.jpg,1,1,3,3,24163,0,0,24163,0,0,0,1,0
0e5e3f570.jpg,1,1,3,3,45870,0,0,45870,0,0,0,1,0
0e62d06d5.jpg,1,1,3,3,76105,0,0,76105,0,0,0,1,0
0e650e720.jpg,1,1,4,4,50284,0,0,0,50284,0,0,0,1
0e6f5e694.jpg,0,0,,0,0,0,0,0,0,0,0,0,0
0e6ff7484.jpg,0,0,,0,0,0,0,0,0,0,0,0,0
0e71cd651.jpg,1,2,3|4,4,54853,0,0,10635,44218,0,0,1,1
0e7a45695.jpg,1,1,1,1,943,943,0,0,0,1,0,0,0
0e7f04eb4.jpg,1,1,3,3,1002,0,0,1002,0,0,0,1,0
0e86dea5b.jpg,1,1,1,1,4051,4051,0,0,0,1,0,0,0
0e9356159.jpg,1,1,1,1,945,945,0,0,0,1,0,0,0
0ea00bf92.jpg,1,1,2,2,2172,0,2172,0,0,0,1,0,0
0ea151b2f.jpg,1,1,3,3,42925,0,0,42925,0,0,0,1,0
0ea1e5d1a.jpg,0,0,,0,0,0,0,0,0,0,0,0,0
0ea67158e.jpg,0,0,,0,0,0,0,0,0,0,0,0,0
0eae06feb.jpg,1,1,3,3,30025,0,0,30025,0,0,0,1,0
0eb09950a.jpg,1,1,3,3,16182,0,0,16182,0,0,0,1,0
0eb39d43f.jpg,0,0,,0,0,0,0,0,0,0,0,0,0
0eb737bd5.jpg,0,0,,0,0,0,0,0,0,0,0,0,0
0eb93b1a5.jpg,0,0,,0,0,0,0,0,0,0,0,0,0
0ebb34d89.jpg,1,1,3,3,78700,0,0,78700,0,0,0,1,0
0ebdc1277.jpg,1,1,2,2,4992,0,4992,0,0,0,1,0,0
0ec130695.jpg,1,1,3,3,3380,0,0,3380,0,0,0,1,0
0ec47dc45.jpg,1,1,3,3,127926,0,0,127926,0,0,0,1,0
0ec69ca92.jpg,1,1,3,3,16401,0,0,16401,0,0,0,1,0
0ec90edd8.jpg,0,0,,0,0,0,0,0,0,0,0,0,0
0ecf31314.jpg,1,1,3,3,9284,0,0,9284,0,0,0,1,0
0ed2b54f1.jpg,0,0,,0,0,0,0,0,0,0,0,0,0
0ed6d9ed0.jpg,0,0,,0,0,0,0,0,0,0,0,0,0
0ed6dadbd.jpg,1,1,3,3,5632,0,0,5632,0,0,0,1,0
0edbdc249.jpg,0,0,,0,0,0,0,0,0,0,0,0,0
0ee20797b.jpg,1,1,3,3,32230,0,0,32230,0,0,0,1,0
0ee406ddb.jpg,1,1,3,3,3512,0,0,3512,0,0,0,1,0
0ee453e02.jpg,0,0,,0,0,0,0,0,0,0,0,0,0
0ee9187b6.jpg,0,0,,0,0,0,0,0,0,0,0,0,0
0eeb95f8f.jpg,0,0,,0,0,0,0,0,0,0,0,0,0
0ef465b25.jpg,1,1,3,3,183488,0,0,183488,0,0,0,1,0
0ef4bff49.jpg,0,0,,0,0,0,0,0,0,0,0,0,0
0f010cc60.jpg,1,2,1|3,3,38874,13576,0,25298,0,1,0,1,0
0f059464d.jpg,0,0,,0,0,0,0,0,0,0,0,0,0
0f0c71c3e.jpg,1,1,3,3,8430,0,0,8430,0,0,0,1,0
0f0e5dcf1.jpg,0,0,,0,0,0,0,0,0,0,0,0,0
0f1617841.jpg,1,1,1,1,12752,12752,0,0,0,1,0,0,0
0f2f4c90e.jpg,1,1,3,3,90464,0,0,90464,0,0,0,1,0
0f3528f69.jpg,0,0,,0,0,0,0,0,0,0,0,0,0
0f388ff6d.jpg,0,0,,0,0,0,0,0,0,0,0,0,0
0f3de4dde.jpg,0,0,,0,0,0,0,0,0,0,0,0,0
0f4709f57.jpg,0,0,,0,0,0,0,0,0,0,0,0,0
0f4a022fd.jpg,1,1,3,3,39831,0,0,39831,0,0,0,1,0
0f4bf08bd.jpg,1,1,1,1,3049,3049,0,0,0,1,0,0,0
0f55795dc.jpg,0,0,,0,0,0,0,0,0,0,0,0,0
0f61cbd36.jpg,0,0,,0,0,0,0,0,0,0,0,0,0
0f632b643.jpg,0,0,,0,0,0,0,0,0,0,0,0,0
0f65a99d2.jpg,1,1,3,3,22097,0,0,22097,0,0,0,1,0
0f74501fa.jpg,0,0,,0,0,0,0,0,0,0,0,0,0
0f79fd2f8.jpg,0,0,,0,0,0,0,0,0,0,0,0,0
0f7b0f4ab.jpg,1,1,3,3,4594,0,0,4594,0,0,0,1,0
0f8305adb.jpg,1,1,4,4,15667,0,0,0,15667,0,0,0,1
0f9227faf.jpg,0,0,,0,0,0,0,0,0,0,0,0,0
0f9a12222.jpg,1,1,1,1,1467,1467,0,0,0,1,0,0,0
0f9f79a88.jpg,1,1,1,1,4513,4513,0,0,0,1,0,0,0
0fa3f0dab.jpg,1,1,3,3,7875,0,0,7875,0,0,0,1,0
0faa71251.jpg,0,0,,0,0,0,0,0,0,0,0,0,0
0fab4b372.jpg,0,0,,0,0,0,0,0,0,0,0,0,0
0fac62a3e.jpg,0,0,,0,0,0,0,0,0,0,0,0,0
0fb0a9555.jpg,0,0,,0,0,0,0,0,0,0,0,0,0
0fb30b22c.jpg,1,1,3,3,4224,0,0,4224,0,0,0,1,0
0fb56c62d.jpg,1,1,1,1,2458,2458,0,0,0,1,0,0,0
0fc3d194a.jpg,1,1,3,3,85553,0,0,85553,0,0,0,1,0
0fc62814e.jpg,0,0,,0,0,0,0,0,0,0,0,0,0
0fcafcb3b.jpg,1,1,3,3,53244,0,0,53244,0,0,0,1,0
0fd171923.jpg,1,1,3,3,5491,0,0,5491,0,0,0,1,0
0fd52bd83.jpg,0,0,,0,0,0,0,0,0,0,0,0,0
0fd63823c.jpg,1,1,1,1,1916,1916,0,0,0,1,0,0,0
0fd87a6a9.jpg,0,0,,0,0,0,0,0,0,0,0,0,0
0fe12f041.jpg,1,1,3,3,64117,0,0,64117,0,0,0,1,0
0fe38037f.jpg,0,0,,0,0,0,0,0,0,0,0,0,0
0fe52ac1e.jpg,0,0,,0,0,0,0,0,0,0,0,0,0
0ff13bf69.jpg,1,1,3,3,9498,0,0,9498,0,0,0,1,0
0ff2850a2.jpg,1,1,3,3,5120,0,0,5120,0,0,0,1,0
0ff538004.jpg,1,1,3,3,2134,0,0,2134,0,0,0,1,0
100cf75d9.jpg,1,1,3,3,3456,0,0,3456,0,0,0,1,0
100de36e9.jpg,0,0,,0,0,0,0,0,0,0,0,0,0
10120e148.jpg,0,0,,0,0,0,0,0,0,0,0,0,0
1013a0b6e.jpg,1,1,3,3,5949,0,0,5949,0,0,0,1,0
1014162c3.jpg,0,0,,0,0,0,0,0,0,0,0,0,0
10145b58a.jpg,0,0,,0,0,0,0,0,0,0,0,0,0
1015a389a.jpg,0,0,,0,0,0,0,0,0,0,0,0,0
101648543.jpg,1,2,2|3,3,5790,0,2416,3374,0,0,1,1,0
1017c52e8.jpg,1,1,1,1,704,704,0,0,0,1,0,0,0
101bc8aa5.jpg,1,1,3,3,50441,0,0,50441,0,0,0,1,0
101cb7171.jpg,0,0,,0,0,0,0,0,0,0,0,0,0
1028475d0.jpg,0,0,,0,0,0,0,0,0,0,0,0,0
102ac71fd.jpg,1,1,3,3,9071,0,0,9071,0,0,0,1,0
10378f8ea.jpg,1,1,3,3,3133,0,0,3133,0,0,0,1,0
1045b62c0.jpg,0,0,,0,0,0,0,0,0,0,0,0,0
104856a03.jpg,0,0,,0,0,0,0,0,0,0,0,0,0
104e612c2.jpg,1,1,3,3,9068,0,0,9068,0,0,0,1,0
1058879b4.jpg,0,0,,0,0,0,0,0,0,0,0,0,0
105c65107.jpg,0,0,,0,0,0,0,0,0,0,0,0,0
105f93d9e.jpg,1,1,3,3,2591,0,0,2591,0,0,0,1,0
10631d848.jpg,0,0,,0,0,0,0,0,0,0,0,0,0
1065b4d64.jpg,0,0,,0,0,0,0,0,0,0,0,0,0
106a5cf60.jpg,0,0,,0,0,0,0,0,0,0,0,0,0
106fd7aad.jpg,1,1,3,3,29921,0,0,29921,0,0,0,1,0
1082cfe08.jpg,1,1,4,4,11377,0,0,0,11377,0,0,0,1
108502c97.jpg,0,0,,0,0,0,0,0,0,0,0,0,0
1086196e1.jpg,1,1,3,3,21759,0,0,21759,0,0,0,1,0
108ea689b.jpg,1,1,3,3,66441,0,0,66441,0,0,0,1,0
10909b4bb.jpg,1,1,3,3,8622,0,0,8622,0,0,0,1,0
10972add9.jpg,1,1,3,3,65532,0,0,65532,0,0,0,1,0
109fbcecf.jpg,0,0,,0,0,0,0,0,0,0,0,0,0
10a3cfbce.jpg,1,1,3,3,4352,0,0,4352,0,0,0,1,0
10ad74934.jpg,0,0,,0,0,0,0,0,0,0,0,0,0
10b23eabe.jpg,1,1,3,3,16770,0,0,16770,0,0,0,1,0
10b6f12f1.jpg,1,1,3,3,11443,0,0,11443,0,0,0,1,0
10bbf7cb3.jpg,1,1,3,3,5655,0,0,5655,0,0,0,1,0
10c05e806.jpg,1,1,3,3,633,0,0,633,0,0,0,1,0
10c190f20.jpg,1,1,3,3,6750,0,0,6750,0,0,0,1,0
10c5015a2.jpg,0,0,,0,0,0,0,0,0,0,0,0,0
10c752d54.jpg,0,0,,0,0,0,0,0,0,0,0,0,0
10ca1b930.jpg,0,0,,0,0,0,0,0,0,0,0,0,0
10caa6470.jpg,0,0,,0,0,0,0,0,0,0,0,0,0
10cc0c97a.jpg,0,0,,0,0,0,0,0,0,0,0,0,0
10d49b465.jpg,0,0,,0,0,0,0,0,0,0,0,0,0
10d98c2be.jpg,1,1,3,3,129159,0,0,129159,0,0,0,1,0
10d9f85be.jpg,1,1,1,1,1544,1544,0,0,0,1,0,0,0
10dd730be.jpg,0,0,,0,0,0,0,0,0,0,0,0,0
10de4f401.jpg,0,0,,0,0,0,0,0,0,0,0,0,0
10e429bfc.jpg,1,1,3,3,13788,0,0,13788,0,0,0,1,0
10ea01334.jpg,0,0,,0,0,0,0,0,0,0,0,0,0
10f1276ce.jpg,0,0,,0,0,0,0,0,0,0,0,0,0
10f93990e.jpg,0,0,,0,0,0,0,0,0,0,0,0,0
10fd19005.jpg,0,0,,0,0,0,0,0,0,0,0,0,0
10ff9730b.jpg,0,0,,0,0,0,0,0,0,0,0,0,0
110e63bfa.jpg,0,0,,0,0,0,0,0,0,0,0,0,0
11192bc94.jpg,1,1,3,3,16423,0,0,16423,0,0,0,1,0
111ea31b8.jpg,0,0,,0,0,0,0,0,0,0,0,0,0
112624ebb.jpg,0,0,,0,0,0,0,0,0,0,0,0,0
112942aed.jpg,1,2,1|2,2,1048,485,563,0,0,1,1,0,0
112b06482.jpg,1,1,3,3,7529,0,0,7529,0,0,0,1,0
112d183e5.jpg,1,1,3,3,11123,0,0,11123,0,0,0,1,0
11418b1c5.jpg,1,1,1,1,11055,11055,0,0,0,1,0,0,0
114743369.jpg,0,0,,0,0,0,0,0,0,0,0,0,0
114e89e60.jpg,1,1,3,3,3786,0,0,3786,0,0,0,1,0
115c02850.jpg,1,1,3,3,12713,0,0,12713,0,0,0,1,0
115d51e4f.jpg,0,0,,0,0,0,0,0,0,0,0,0,0
115efa1ca.jpg,0,0,,0,0,0,0,0,0,0,0,0,0
115f3e6ad.jpg,0,0,,0,0,0,0,0,0,0,0,0,0
1165781f0.jpg,1,1,3,3,8230,0,0,8230,0,0,0,1,0
116d673e3.jpg,1,1,3,3,186107,0,0,186107,0,0,0,1,0
117759a83.jpg,1,1,3,3,629,0,0,629,0,0,0,1,0
117a02fa5.jpg,0,0,,0,0,0,0,0,0,0,0,0,0
117ddaa9f.jpg,1,1,3,3,7213,0,0,7213,0,0,0,1,0
117e76e70.jpg,0,0,,0,0,0,0,0,0,0,0,0,0
11872c662.jpg,0,0,,0,0,0,0,0,0,0,0,0,0
118b71091.jpg,1,1,3,3,1624,0,0,1624,0,0,0,1,0
118f6acfe.jpg,0,0,,0,0,0,0,0,0,0,0,0,0
1195bebaf.jpg,0,0,,0,0,0,0,0,0,0,0,0,0
1198f83d2.jpg,1,1,3,3,6445,0,0,6445,0,0,0,1,0
119f2b7e3.jpg,0,0,,0,0,0,0,0,0,0,0,0,0
11a92e52f.jpg,0,0,,0,0,0,0,0,0,0,0,0,0
11aaf18e2.jpg,1,1,3,3,3817,0,0,3817,0,0,0,1,0
11b1e2910.jpg,0,0,,0,0,0,0,0,0,0,0,0,0
11b37e4d7.jpg,1,1,3,3,5273,0,0,5273,0,0,0,1,0
11b3c8232.jpg,0,0,,0,0,0,0,0,0,0,0,0,0
11b3d69a1.jpg,0,0,,0,0,0,0,0,0,0,0,0,0
11b60701f.jpg,0,0,,0,0,0,0,0,0,0,0,0,0
11b801a0a.jpg,1,1,3,3,4332,0,0,4332,0,0,0,1,0
11bbd9f31.jpg,0,0,,0,0,0,0,0,0,0,0,0,0
11bda65f0.jpg,1,1,3,3,27475,0,0,27475,0,0,0,1,0
11bf761dc.jpg,1,1,3,3,19199,0,0,19199,0,0,0,1,0
11c481d5e.jpg,1,1,3,3,2280,0,0,2280,0,0,0,1,0
11e51739f.jpg,0,0,,0,0,0,0,0,0,0,0,0,0
11f34f40d.jpg,1,1,3,3,10723,0,0,10723,0,0,0,1,0
11f788ecf.jpg,1,1,1,1,4688,4688,0,0,0,1,0,0,0
11ff6a6f4.jpg,1,1,3,3,65720,0,0,65720,0,0,0,1,0
12006587f.jpg,0,0,,0,0,0,0,0,0,0,0,0,0
1205a8e2b.jpg,0,0,,0,0,0,0,0,0,0,0,0,0
121d3818a.jpg,1,1,3,3,50833,0,0,50833,0,0,0,1,0
12234aab8.jpg,1,1,3,3,11611,0,0,11611,0,0,0,1,0
12274ea9c.jpg,1,1,2,2,2052,0,2052,0,0,0,1,0,0
122c21f79.jpg,0,0,,0,0,0,0,0,0,0,0,0,0
122e21783.jpg,0,0,,0,0,0,0,0,0,0,0,0,0
122e9279c.jpg,0,0,,0,0,0,0,0,0,0,0,0,0
1233290d1.jpg,0,0,,0,0,0,0,0,0,0,0,0,0
12375dd7a.jpg,1,1,3,3,8664,0,0,8664,0,0,0,1,0
1238340e9.jpg,1,1,3,3,3754,0,0,3754,0,0,0,1,0
123a05e48.jpg,0,0,,0,0,0,0,0,0,0,0,0,0
123b0882e.jpg,1,1,1,1,11465,11465,0,0,0,1,0,0,0
124204a30.jpg,1,1,3,3,4783,0,0,4783,0,0,0,1,0
12471d0d5.jpg,1,1,1,1,548,548,0,0,0,1,0,0,0
1259fbac8.jpg,1,1,3,3,47145,0,0,47145,0,0,0,1,0
12627251e.jpg,1,1,3,3,80351,0,0,80351,0,0,0,1,0
12630149a.jpg,0,0,,0,0,0,0,0,0,0,0,0,0
127504e0f.jpg,1,1,3,3,10703,0,0,10703,0,0,0,1,0
1279bdb2d.jpg,0,0,,0,0,0,0,0,0,0,0,0,0
127a4a097.jpg,1,1,3,3,7555,0,0,7555,0,0,0,1,0
127f33e12.jpg,0,0,,0,0,0,0,0,0,0,0,0,0
1287339e5.jpg,1,1,3,3,5084,0,0,5084,0,0,0,1,0
1287c7c74.jpg,1,1,3,3,124717,0,0,124717,0,0,0,1,0
128b708e5.jpg,1,1,1,1,5915,5915,0,0,0,1,0,0,0
12939a330.jpg,0,0,,0,0,0,0,0,0,0,0,0,0
1296079c8.jpg,0,0,,0,0,0,0,0,0,0,0,0,0
1298b6dbb.jpg,1,1,3,3,20081,0,0,20081,0,0,0,1,0
12baa6dc4.jpg,0,0,,0,0,0,0,0,0,0,0,0,0
12c03a410.jpg,0,0,,0,0,0,0,0,0,0,0,0,0
12c0b2b5c.jpg,1,1,3,3,5237,0,0,5237,0,0,0,1,0
12ca2b04b.jpg,1,1,3,3,8553,0,0,8553,0,0,0,1,0
12d1056a2.jpg,0,0,,0,0,0,0,0,0,0,0,0,0
12d38a1d4.jpg,1,1,3,3,73157,0,0,73157,0,0,0,1,0
12d720737.jpg,0,0,,0,0,0,0,0,0,0,0,0,0
12d7ffca7.jpg,0,0,,0,0,0,0,0,0,0,0,0,0
12dc92cfd.jpg,0,0,,0,0,0,0,0,0,0,0,0,0
12dd3899c.jpg,1,1,3,3,6263,0,0,6263,0,0,0,1,0
12e0fb251.jpg,0,0,,0,0,0,0,0,0,0,0,0,0
12e5fd049.jpg,0,0,,0,0,0,0,0,0,0,0,0,0
12ee58841.jpg,1,1,3,3,14308,0,0,14308,0,0,0,1,0
12ef6188f.jpg,0,0,,0,0,0,0,0,0,0,0,0,0
13067c801.jpg,1,1,3,3,10344,0,0,10344,0,0,0,1,0
1308a608d.jpg,1,1,1,1,9112,9112,0,0,0,1,0,0,0
130e11be6.jpg,1,1,3,3,91833,0,0,91833,0,0,0,1,0
131196b13.jpg,0,0,,0,0,0,0,0,0,0,0,0,0
131566b9b.jpg,0,0,,0,0,0,0,0,0,0,0,0,0
13169e4cf.jpg,1,1,3,3,2674,0,0,2674,0,0,0,1,0
132511b8b.jpg,1,1,4,4,120287,0,0,0,120287,0,0,0,1
132e8ca58.jpg,1,1,3,3,22492,0,0,22492,0,0,0,1,0
1339dae37.jpg,0,0,,0,0,0,0,0,0,0,0,0,0
13432fa74.jpg,0,0,,0,0,0,0,0,0,0,0,0,0
1346c8ba2.jpg,1,1,3,3,20538,0,0,20538,0,0,0,1,0
135a4b191.jpg,1,1,3,3,1279,0,0,1279,0,0,0,1,0
135a6d6ef.jpg,0,0,,0,0,0,0,0,0,0,0,0,0
135be73db.jpg,1,1,3,3,31148,0,0,31148,0,0,0,1,0
135fe211d.jpg,1,1,3,3,6340,0,0,6340,0,0,0,1,0
136d519e9.jpg,0,0,,0,0,0,0,0,0,0,0,0,0
136e82a7f.jpg,0,0,,0,0,0,0,0,0,0,0,0,0
1379aba8d.jpg,1,1,3,3,42549,0,0,42549,0,0,0,1,0
137b5546d.jpg,1,1,3,3,25965,0,0,25965,0,0,0,1,0
137bea7ce.jpg,0,0,,0,0,0,0,0,0,0,0,0,0
1380154bd.jpg,0,0,,0,0,0,0,0,0,0,0,0,0
1387583da.jpg,1,1,3,3,66060,0,0,66060,0,0,0,1,0
1395f831c.jpg,0,0,,0,0,0,0,0,0,0,0,0,0
13964d18d.jpg,0,0,,0,0,0,0,0,0,0,0,0,0
1396b6e88.jpg,1,1,3,3,162877,0,0,162877,0,0,0,1,0
139a60994.jpg,0,0,,0,0,0,0,0,0,0,0,0,0
139b7e692.jpg,1,2,3|4,4,31575,0,0,13269,18306,0,0,1,1
13a12ca2b.jpg,0,0,,0,0,0,0,0,0,0,0,0,0
13a5ae893.jpg,0,0,,0,0,0,0,0,0,0,0,0,0
13ab7b13e.jpg,1,1,3,3,144144,0,0,144144,0,0,0,1,0
13b66e5de.jpg,1,1,4,4,19435,0,0,0,19435,0,0,0,1
13baad39e.jpg,0,0,,0,0,0,0,0,0,0,0,0,0
13c1d516a.jpg,1,1,3,3,29391,0,0,29391,0,0,0,1,0
13c27aa5b.jpg,1,1,3,3,13175,0,0,13175,0,0,0,1,0
13c9921d2.jpg,1,1,3,3,1642,0,0,1642,0,0,0,1,0
13ca110ae.jpg,1,1,1,1,1066,1066,0,0,0,1,0,0,0
13cf44f8d.jpg,0,0,,0,0,0,0,0,0,0,0,0,0
13d727efa.jpg,0,0,,0,0,0,0,0,0,0,0,0,0
13de5ec74.jpg,0,0,,0,0,0,0,0,0,0,0,0,0
13e1de19b.jpg,0,0,,0,0,0,0,0,0,0,0,0,0
13eaecb93.jpg,0,0,,0,0,0,0,0,0,0,0,0,0
13f563a54.jpg,0,0,,0,0,0,0,0,0,0,0,0,0
13fa1d70d.jpg,1,2,3|4,4,72760,0,0,3753,69007,0,0,1,1
14003a7d9.jpg,0,0,,0,0,0,0,0,0,0,0,0,0
140c6ef91.jpg,0,0,,0,0,0,0,0,0,0,0,0,0
140e212df.jpg,1,1,1,1,1934,1934,0,0,0,1,0,0,0
140e59cff.jpg,1,2,1|3,1,9334,6011,0,3323,0,1,0,1,0
141b21ab9.jpg,0,0,,0,0,0,0,0,0,0,0,0,0
141bea747.jpg,1,1,4,4,1486,0,0,0,1486,0,0,0,1
141d72a3f.jpg,1,1,3,3,6241,0,0,6241,0,0,0,1,0
142036308.jpg,0,0,,0,0,0,0,0,0,0,0,0,0
1422b7da0.jpg,1,1,4,4,16801,0,0,0,16801,0,0,0,1
1422f2b27.jpg,1,1,3,3,12546,0,0,12546,0,0,0,1,0
14277cfb6.jpg,0,0,,0,0,0,0,0,0,0,0,0,0
1434e44e5.jpg,0,0,,0,0,0,0,0,0,0,0,0,0
1435cd970.jpg,1,1,3,3,21061,0,0,21061,0,0,0,1,0
1435e5572.jpg,0,0,,0,0,0,0,0,0,0,0,0,0
14423e60c.jpg,0,0,,0,0,0,0,0,0,0,0,0,0
14457e888.jpg,1,1,1,1,8665,8665,0,0,0,1,0,0,0
144e06202.jpg,0,0,,0,0,0,0,0,0,0,0,0,0
144fa75bf.jpg,0,0,,0,0,0,0,0,0,0,0,0,0
144fdd925.jpg,1,1,2,2,3504,0,3504,0,0,0,1,0,0
1453b2506.jpg,0,0,,0,0,0,0,0,0,0,0,0,0
1466a7fc7.jpg,0,0,,0,0,0,0,0,0,0,0,0,0
146ce9b0d.jpg,0,0,,0,0,0,0,0,0,0,0,0,0
1470535be.jpg,0,0,,0,0,0,0,0,0,0,0,0,0
1473a83e2.jpg,1,1,3,3,6491,0,0,6491,0,0,0,1,0
147be765a.jpg,0,0,,0,0,0,0,0,0,0,0,0,0
147ca5516.jpg,1,1,4,4,13285,0,0,0,13285,0,0,0,1
1481a35e4.jpg,0,0,,0,0,0,0,0,0,0,0,0,0
1483a930d.jpg,0,0,,0,0,0,0,0,0,0,0,0,0
1483bc52d.jpg,1,1,3,3,7626,0,0,7626,0,0,0,1,0
148da3675.jpg,0,0,,0,0,0,0,0,0,0,0,0,0
149ac1c03.jpg,0,0,,0,0,0,0,0,0,0,0,0,0
14a77cc6f.jpg,1,1,3,3,4884,0,0,4884,0,0,0,1,0
14b5ab5a6.jpg,0,0,,0,0,0,0,0,0,0,0,0,0
14c0ae34c.jpg,0,0,,0,0,0,0,0,0,0,0,0,0
14c9a9062.jpg,1,1,3,3,9632,0,0,9632,0,0,0,1,0
14cc1c6b0.jpg,1,1,4,4,22751,0,0,0,22751,0,0,0,1
14d55eb94.jpg,0,0,,0,0,0,0,0,0,0,0,0,0
14dfdd0bf.jpg,0,0,,0,0,0,0,0,0,0,0,0,0
14e4da366.jpg,1,1,3,3,2508,0,0,2508,0,0,0,1,0
14e90eb54.jpg,1,1,3,3,47358,0,0,47358,0,0,0,1,0
14ef456c0.jpg,0,0,,0,0,0,0,0,0,0,0,0,0
14fb9778c.jpg,1,1,3,3,10738,0,0,10738,0,0,0,1,0
14ff2a474.jpg,1,2,3|4,4,47500,0,0,7958,39542,0,0,1,1
1501f53a2.jpg,1,1,3,3,21771,0,0,21771,0,0,0,1,0
15063692d.jpg,0,0,,0,0,0,0,0,0,0,0,0,0
150b95c70.jpg,0,0,,0,0,0,0,0,0,0,0,0,0
150cadc70.jpg,1,1,3,3,28827,0,0,28827,0,0,0,1,0
1511d97da.jpg,1,1,3,3,18611,0,0,18611,0,0,0,1,0
1513b40a0.jpg,1,1,3,3,29809,0,0,29809,0,0,0,1,0
1522f11af.jpg,0,0,,0,0,0,0,0,0,0,0,0,0
1524a6e4f.jpg,1,1,3,3,4508,0,0,4508,0,0,0,1,0
15334d9b3.jpg,0,0,,0,0,0,0,0,0,0,0,0,0
1534debad.jpg,0,0,,0,0,0,0,0,0,0,0,0,0
1535e2127.jpg,1,1,3,3,4156,0,0,4156,0,0,0,1,0
153b56c43.jpg,1,1,3,3,83383,0,0,83383,0,0,0,1,0
154e7e802.jpg,1,1,1,1,2814,2814,0,0,0,1,0,0,0
15547c309.jpg,1,1,3,3,9483,0,0,9483,0,0,0,1,0
15550e6b7.jpg,0,0,,0,0,0,0,0,0,0,0,0,0
155d2590e.jpg,0,0,,0,0,0,0,0,0,0,0,0,0
1561eb657.jpg,1,1,2,2,7281,0,7281,0,0,0,1,0,0
156a74a49.jpg,1,1,2,2,3200,0,3200,0,0,0,1,0,0
1571b4532.jpg,0,0,,0,0,0,0,0,0,0,0,0,0
1574cc730.jpg,1,1,3,3,2090,0,0,2090,0,0,0,1,0
15796b4d5.jpg,1,1,3,3,255797,0,0,255797,0,0,0,1,0
157b414cc.jpg,0,0,,0,0,0,0,0,0,0,0,0,0
157f361ec.jpg,1,1,3,3,34298,0,0,34298,0,0,0,1,0
1592ad79d.jpg,0,0,,0,0,0,0,0,0,0,0,0,0
159a2fee0.jpg,1,1,3,3,79937,0,0,79937,0,0,0,1,0
159a7dfba.jpg,0,0,,0,0,0,0,0,0,0,0,0,0
159b43d49.jpg,1,1,3,3,281,0,0,281,0,0,0,1,0
15a15f4c4.jpg,0,0,,0,0,0,0,0,0,0,0,0,0
15aab6627.jpg,0,0,,0,0,0,0,0,0,0,0,0,0
15ab03ce5.jpg,1,1,3,3,4652,0,0,4652,0,0,0,1,0
15aeb5d52.jpg,1,1,3,3,4026,0,0,4026,0,0,0,1,0
15afcbaf7.jpg,0,0,,0,0,0,0,0,0,0,0,0,0
15b56bf43.jpg,1,1,4,4,5305,0,0,0,5305,0,0,0,1
15b56e942.jpg,0,0,,0,0,0,0,0,0,0,0,0,0
15ca4bc45.jpg,0,0,,0,0,0,0,0,0,0,0,0,0
15ca7ce7c.jpg,0,0,,0,0,0,0,0,0,0,0,0,0
15ce9e5cf.jpg,1,1,3,3,11631,0,0,11631,0,0,0,1,0
15d258692.jpg,1,1,3,3,6784,0,0,6784,0,0,0,1,0
15d355039.jpg,0,0,,0,0,0,0,0,0,0,0,0,0
15d8b6f02.jpg,1,1,3,3,16531,0,0,16531,0,0,0,1,0
15e21dfad.jpg,1,1,3,3,62167,0,0,62167,0,0,0,1,0
15e25d808.jpg,0,0,,0,0,0,0,0,0,0,0,0,0
15e512a0f.jpg,1,1,3,3,33348,0,0,33348,0,0,0,1,0
15e8d5e3d.jpg,1,1,4,4,75083,0,0,0,75083,0,0,0,1
15ece0447.jpg,1,1,3,3,9129,0,0,9129,0,0,0,1,0
15f14781f.jpg,1,1,3,3,5085,0,0,5085,0,0,0,1,0
15f78ae69.jpg,0,0,,0,0,0,0,0,0,0,0,0,0
15f8fd390.jpg,1,1,3,3,3055,0,0,3055,0,0,0,1,0
16020674e.jpg,0,0,,0,0,0,0,0,0,0,0,0,0
160337c37.jpg,0,0,,0,0,0,0,0,0,0,0,0,0
160391fb1.jpg,0,0,,0,0,0,0,0,0,0,0,0,0
16073dd8e.jpg,0,0,,0,0,0,0,0,0,0,0,0,0
1607a314f.jpg,0,0,,0,0,0,0,0,0,0,0,0,0
161ab51b4.jpg,0,0,,0,0,0,0,0,0,0,0,0,0
161ca82bf.jpg,1,1,3,3,8794,0,0,8794,0,0,0,1,0
1621488c7.jpg,0,0,,0,0,0,0,0,0,0,0,0,0
162de780e.jpg,1,1,3,3,93792,0,0,93792,0,0,0,1,0
162f17999.jpg,1,1,3,3,63936,0,0,63936,0,0,0,1,0
162fbb1af.jpg,1,1,3,3,5563,0,0,5563,0,0,0,1,0
16305679d.jpg,0,0,,0,0,0,0,0,0,0,0,0,0
163473240.jpg,1,1,3,3,3678,0,0,3678,0,0,0,1,0
1636d2e36.jpg,0,0,,0,0,0,0,0,0,0,0,0,0
16371ae14.jpg,1,1,1,1,2635,2635,0,0,0,1,0,0,0
1639cc829.jpg,1,1,3,3,3181,0,0,3181,0,0,0,1,0
163cc2750.jpg,1,1,4,4,8196,0,0,0,8196,0,0,0,1
163ff3547.jpg,1,1,2,2,2647,0,2647,0,0,0,1,0,0
16498a156.jpg,1,1,3,3,149800,0,0,149800,0,0,0,1,0
164df9af8.jpg,0,0,,0,0,0,0,0,0,0,0,0,0
164ed8257.jpg,0,0,,0,0,0,0,0,0,0,0,0,0
1651fe36f.jpg,0,0,,0,0,0,0,0,0,0,0,0,0
165598000.jpg,0,0,,0,0,0,0,0,0,0,0,0,0
16585993c.jpg,0,0,,0,0,0,0,0,0,0,0,0,0
165908e42.jpg,0,0,,0,0,0,0,0,0,0,0,0,0
165a55d5c.jpg,1,2,3|4,4,45122,0,0,773,44349,0,0,1,1
1662b40c1.jpg,0,0,,0,0,0,0,0,0,0,0,0,0
1664d4b17.jpg,1,1,3,3,2856,0,0,2856,0,0,0,1,0
166645a0b.jpg,1,1,3,3,50998,0,0,50998,0,0,0,1,0
166818755.jpg,1,1,3,3,7550,0,0,7550,0,0,0,1,0
166944188.jpg,0,0,,0,0,0,0,0,0,0,0,0,0
166d7ab80.jpg,0,0,,0,0,0,0,0,0,0,0,0,0
166fcd035.jpg,1,1,3,3,3328,0,0,3328,0,0,0,1,0
166fff927.jpg,1,1,3,3,199926,0,0,199926,0,0,0,1,0
16730239e.jpg,0,0,,0,0,0,0,0,0,0,0,0,0
167ae556b.jpg,1,1,3,3,28894,0,0,28894,0,0,0,1,0
167bea6b7.jpg,0,0,,0,0,0,0,0,0,0,0,0,0
167d6930a.jpg,1,1,3,3,14481,0,0,14481,0,0,0,1,0
1689be8c8.jpg,0,0,,0,0,0,0,0,0,0,0,0,0
168ad74c8.jpg,0,0,,0,0,0,0,0,0,0,0,0,0
1695e6e06.jpg,0,0,,0,0,0,0,0,0,0,0,0,0
1699951da.jpg,1,1,1,1,2705,2705,0,0,0,1,0,0,0
169baf9bb.jpg,1,1,3,3,1493,0,0,1493,0,0,0,1,0
169bb9923.jpg,1,1,3,3,16459,0,0,16459,0,0,0,1,0
16a1cf5b9.jpg,1,1,3,3,19024,0,0,19024,0,0,0,1,0
16a50624d.jpg,1,1,4,4,26474,0,0,0,26474,0,0,0,1
16a8c937b.jpg,0,0,,0,0,0,0,0,0,0,0,0,0
16aa5333c.jpg,1,1,3,3,24505,0,0,24505,0,0,0,1,0
16aabaf79.jpg,1,1,1,1,9785,9785,0,0,0,1,0,0,0
16acf1ed9.jpg,1,1,3,3,29767,0,0,29767,0,0,0,1,0
16b00d4ef.jpg,0,0,,0,0,0,0,0,0,0,0,0,0
16b7dc417.jpg,1,2,1|3,1,4497,3048,0,1449,0,1,0,1,0
16b8b50af.jpg,1,1,3,3,9908,0,0,9908,0,0,0,1,0
16c01355c.jpg,0,0,,0,0,0,0,0,0,0,0,0,0
16c2faaef.jpg,0,0,,0,0,0,0,0,0,0,0,0,0
16c60441c.jpg,1,1,3,3,13990,0,0,13990,0,0,0,1,0
16ce69c02.jpg,0,0,,0,0,0,0,0,0,0,0,0,0
16cf961d6.jpg,1,1,1,1,1607,1607,0,0,0,1,0,0,0
16d0b11ff.jpg,1,2,1|2,2,1532,230,1302,0,0,1,1,0,0
16d76e80f.jpg,0,0,,0,0,0,0,0,0,0,0,0,0
16d9c0a30.jpg,0,0,,0,0,0,0,0,0,0,0,0,0
16e926c1a.jpg,0,0,,0,0,0,0,0,0,0,0,0,0
16ec8f55a.jpg,0,0,,0,0,0,0,0,0,0,0,0,0
16f5ada73.jpg,0,0,,0,0,0,0,0,0,0,0,0,0
16f619f33.jpg,0,0,,0,0,0,0,0,0,0,0,0,0
16f6acb96.jpg,0,0,,0,0,0,0,0,0,0,0,0,0
16fbb83d5.jpg,0,0,,0,0,0,0,0,0,0,0,0,0
16fe1ce09.jpg,0,0,,0,0,0,0,0,0,0,0,0,0
16ffb6397.jpg,0,0,,0,0,0,0,0,0,0,0,0,0
170c6b1b7.jpg,0,0,,0,0,0,0,0,0,0,0,0,0
170f32281.jpg,0,0,,0,0,0,0,0,0,0,0,0,0
17158eff6.jpg,0,0,,0,0,0,0,0,0,0,0,0,0
1717ef156.jpg,1,1,3,3,3794,0,0,3794,0,0,0,1,0
171c64a72.jpg,1,1,3,3,35221,0,0,35221,0,0,0,1,0
17260504d.jpg,0,0,,0,0,0,0,0,0,0,0,0,0
172b72353.jpg,1,1,3,3,11398,0,0,11398,0,0,0,1,0
172e692e1.jpg,1,1,3,3,12908,0,0,12908,0,0,0,1,0
17383bd97.jpg,1,1,1,1,2590,2590,0,0,0,1,0,0,0
1740fcd28.jpg,1,1,3,3,9908,0,0,9908,0,0,0,1,0
174528b1d.jpg,0,0,,0,0,0,0,0,0,0,0,0,0
174a43cd9.jpg,0,0,,0,0,0,0,0,0,0,0,0,0
174af9fd6.jpg,1,1,3,3,6891,0,0,6891,0,0,0,1,0
1755b86e4.jpg,1,1,3,3,10266,0,0,10266,0,0,0,1,0
175a25522.jpg,0,0,,0,0,0,0,0,0,0,0,0,0
175abd8ac.jpg,0,0,,0,0,0,0,0,0,0,0,0,0
175aeb257.jpg,0,0,,0,0,0,0,0,0,0,0,0,0
175c0ee12.jpg,1,1,3,3,13562,0,0,13562,0,0,0,1,0
175d95f92.jpg,0,0,,0,0,0,0,0,0,0,0,0,0
17685ac2d.jpg,0,0,,0,0,0,0,0,0,0,0,0,0
177151af4.jpg,0,0,,0,0,0,0,0,0,0,0,0,0
177a33f57.jpg,1,1,3,3,2508,0,0,2508,0,0,0,1,0
17840def7.jpg,0,0,,0,0,0,0,0,0,0,0,0,0
178490b45.jpg,1,1,3,3,10585,0,0,10585,0,0,0,1,0
17856c79c.jpg,0,0,,0,0,0,0,0,0,0,0,0,0
1795867f2.jpg,1,1,4,4,24372,0,0,0,24372,0,0,0,1
179b27647.jpg,1,1,3,3,16415,0,0,16415,0,0,0,1,0
179f00d93.jpg,1,1,3,3,29157,0,0,29157,0,0,0,1,0
17a2d22f7.jpg,0,0,,0,0,0,0,0,0,0,0,0,0
17ac2163c.jpg,1,1,2,2,5945,0,5945,0,0,0,1,0,0
17af615e5.jpg,0,0,,0,0,0,0,0,0,0,0,0,0
17b384c3e.jpg,1,1,3,3,13033,0,0,13033,0,0,0,1,0
17b3f9421.jpg,1,1,3,3,12248,0,0,12248,0,0,0,1,0
17c821b3f.jpg,1,1,1,1,11885,11885,0,0,0,1,0,0,0
17d02873a.jpg,1,1,3,3,10500,0,0,10500,0,0,0,1,0
17d084dae.jpg,0,0,,0,0,0,0,0,0,0,0,0,0
17d359607.jpg,0,0,,0,0,0,0,0,0,0,0,0,0
17de32215.jpg,0,0,,0,0,0,0,0,0,0,0,0,0
17e12e6cb.jpg,0,0,,0,0,0,0,0,0,0,0,0,0
17e6602c2.jpg,0,0,,0,0,0,0,0,0,0,0,0,0
17e6e4b30.jpg,0,0,,0,0,0,0,0,0,0,0,0,0
17e7cd5c6.jpg,1,1,3,3,91660,0,0,91660,0,0,0,1,0
17e7e1e08.jpg,0,0,,0,0,0,0,0,0,0,0,0,0
17eeca349.jpg,1,1,1,1,2113,2113,0,0,0,1,0,0,0
17f01b94d.jpg,1,1,1,1,8039,8039,0,0,0,1,0,0,0
17f611256.jpg,1,1,3,3,44439,0,0,44439,0,0,0,1,0
17f9f952a.jpg,1,1,1,1,5653,5653,0,0,0,1,0,0,0
17fa32126.jpg,1,1,3,3,3348,0,0,3348,0,0,0,1,0
1800cd0b0.jpg,0,0,,0,0,0,0,0,0,0,0,0,0
180478e66.jpg,1,1,3,3,2690,0,0,2690,0,0,0,1,0
18076ccc9.jpg,0,0,,0,0,0,0,0,0,0,0,0,0
1809bcad9.jpg,1,1,3,3,2794,0,0,2794,0,0,0,1,0
180bb19f9.jpg,1,1,4,4,34853,0,0,0,34853,0,0,0,1
181454b94.jpg,1,1,3,3,2364,0,0,2364,0,0,0,1,0
181d5197b.jpg,1,1,3,3,58157,0,0,58157,0,0,0,1,0
1821dcbf1.jpg,1,1,4,4,126754,0,0,0,126754,0,0,0,1
18262cbbb.jpg,0,0,,0,0,0,0,0,0,0,0,0,0
182a90efe.jpg,0,0,,0,0,0,0,0,0,0,0,0,0
182bce847.jpg,1,1,1,1,4340,4340,0,0,0,1,0,0,0
18303031f.jpg,0,0,,0,0,0,0,0,0,0,0,0,0
183383e8d.jpg,1,1,3,3,1488,0,0,1488,0,0,0,1,0
1834d87c4.jpg,0,0,,0,0,0,0,0,0,0,0,0,0
1835aee23.jpg,1,1,3,3,24215,0,0,24215,0,0,0,1,0
183bd7328.jpg,0,0,,0,0,0,0,0,0,0,0,0,0
183dbcde4.jpg,1,1,3,3,376,0,0,376,0,0,0,1,0
1841b3825.jpg,0,0,,0,0,0,0,0,0,0,0,0,0
1844b698a.jpg,0,0,,0,0,0,0,0,0,0,0,0,0
1849f8952.jpg,1,1,4,4,15851,0,0,0,15851,0,0,0,1
184bd091d.jpg,0,0,,0,0,0,0,0,0,0,0,0,0
184eb988e.jpg,0,0,,0,0,0,0,0,0,0,0,0,0
185c3d54f.jpg,0,0,,0,0,0,0,0,0,0,0,0,0
1860df762.jpg,1,1,3,3,5366,0,0,5366,0,0,0,1,0
18615eacf.jpg,1,1,3,3,12290,0,0,12290,0,0,0,1,0
1863eb011.jpg,0,0,,0,0,0,0,0,0,0,0,0,0
186534efc.jpg,1,1,3,3,5611,0,0,5611,0,0,0,1,0
186ecdd0c.jpg,0,0,,0,0,0,0,0,0,0,0,0,0
187220bde.jpg,0,0,,0,0,0,0,0,0,0,0,0,0
18736b585.jpg,0,0,,0,0,0,0,0,0,0,0,0,0
1875c660c.jpg,0,0,,0,0,0,0,0,0,0,0,0,0
1878c476c.jpg,0,0,,0,0,0,0,0,0,0,0,0,0
189659389.jpg,1,1,1,1,1248,1248,0,0,0,1,0,0,0
1897882a1.jpg,1,1,3,3,28899,0,0,28899,0,0,0,1,0
18a277ca3.jpg,0,0,,0,0,0,0,0,0,0,0,0,0
18aa8af7c.jpg,1,1,3,3,3407,0,0,3407,0,0,0,1,0
18ace9a9a.jpg,1,1,4,4,113342,0,0,0,113342,0,0,0,1
18af1ceb1.jpg,0,0,,0,0,0,0,0,0,0,0,0,0
18b1bb78a.jpg,0,0,,0,0,0,0,0,0,0,0,0,0
18b243e06.jpg,0,0,,0,0,0,0,0,0,0,0,0,0
18ba753ff.jpg,1,1,2,2,1110,0,1110,0,0,0,1,0,0
18bacf0e3.jpg,1,1,3,3,3474,0,0,3474,0,0,0,1,0
18c141479.jpg,1,1,3,3,5560,0,0,5560,0,0,0,1,0
18c14f720.jpg,1,1,2,2,3978,0,3978,0,0,0,1,0,0
18c3cb344.jpg,0,0,,0,0,0,0,0,0,0,0,0,0
18c97da58.jpg,0,0,,0,0,0,0,0,0,0,0,0,0
18cc39190.jpg,0,0,,0,0,0,0,0,0,0,0,0,0
18cc78e81.jpg,0,0,,0,0,0,0,0,0,0,0,0,0
18db4975b.jpg,0,0,,0,0,0,0,0,0,0,0,0,0
18dfcd9ae.jpg,0,0,,0,0,0,0,0,0,0,0,0,0
18e2f6396.jpg,0,0,,0,0,0,0,0,0,0,0,0,0
18eeb26f7.jpg,0,0,,0,0,0,0,0,0,0,0,0,0
18ef5e6f6.jpg,0,0,,0,0,0,0,0,0,0,0,0,0
18f057e52.jpg,1,1,3,3,1725,0,0,1725,0,0,0,1,0
18fc395b4.jpg,1,1,1,1,5281,5281,0,0,0,1,0,0,0
1901655b3.jpg,0,0,,0,0,0,0,0,0,0,0,0,0
190190a6f.jpg,1,1,4,4,14658,0,0,0,14658,0,0,0,1
19115aedb.jpg,1,1,3,3,10953,0,0,10953,0,0,0,1,0
1917c9f34.jpg,1,1,3,3,13532,0,0,13532,0,0,0,1,0
1918f3176.jpg,0,0,,0,0,0,0,0,0,0,0,0,0
1919bde53.jpg,1,1,1,1,3238,3238,0,0,0,1,0,0,0
192531334.jpg,1,1,4,4,35632,0,0,0,35632,0,0,0,1
192557d24.jpg,0,0,,0,0,0,0,0,0,0,0,0,0
192a90dcc.jpg,0,0,,0,0,0,0,0,0,0,0,0,0
192e256ba.jpg,1,1,3,3,10050,0,0,10050,0,0,0,1,0
193732cc8.jpg,0,0,,0,0,0,0,0,0,0,0,0,0
193884988.jpg,1,1,3,3,34704,0,0,34704,0,0,0,1,0
193c9a289.jpg,0,0,,0,0,0,0,0,0,0,0,0,0
193eeae52.jpg,1,1,3,3,31394,0,0,31394,0,0,0,1,0
19402ed6b.jpg,0,0,,0,0,0,0,0,0,0,0,0,0
194244a20.jpg,0,0,,0,0,0,0,0,0,0,0,0,0
194cce1be.jpg,1,1,1,1,4673,4673,0,0,0,1,0,0,0
194e207f7.jpg,0,0,,0,0,0,0,0,0,0,0,0,0
194f48184.jpg,0,0,,0,0,0,0,0,0,0,0,0,0
195a41c2d.jpg,1,1,3,3,5845,0,0,5845,0,0,0,1,0
195a8e47b.jpg,0,0,,0,0,0,0,0,0,0,0,0,0
195c2e0d0.jpg,1,1,3,3,14670,0,0,14670,0,0,0,1,0
195c67ce9.jpg,0,0,,0,0,0,0,0,0,0,0,0,0
195e36565.jpg,1,1,1,1,2090,2090,0,0,0,1,0,0,0
19656c148.jpg,1,1,3,3,3415,0,0,3415,0,0,0,1,0
1966c0598.jpg,0,0,,0,0,0,0,0,0,0,0,0,0
196d65e42.jpg,1,1,3,3,115498,0,0,115498,0,0,0,1,0
196e624f5.jpg,1,1,3,3,9880,0,0,9880,0,0,0,1,0
196f339f2.jpg,0,0,,0,0,0,0,0,0,0,0,0,0
198252b95.jpg,1,1,3,3,12959,0,0,12959,0,0,0,1,0
1988d45c4.jpg,1,1,3,3,12277,0,0,12277,0,0,0,1,0
198942ea8.jpg,0,0,,0,0,0,0,0,0,0,0,0,0
19955420c.jpg,1,1,3,3,27558,0,0,27558,0,0,0,1,0
199c7ca22.jpg,0,0,,0,0,0,0,0,0,0,0,0,0
199da8fbc.jpg,0,0,,0,0,0,0,0,0,0,0,0,0
199dc89de.jpg,1,1,3,3,46279,0,0,46279,0,0,0,1,0
19a0b8362.jpg,0,0,,0,0,0,0,0,0,0,0,0,0
19a0beb1a.jpg,0,0,,0,0,0,0,0,0,0,0,0,0
19a352c2f.jpg,1,1,3,3,33180,0,0,33180,0,0,0,1,0
19a3acdeb.jpg,1,1,3,3,178419,0,0,178419,0,0,0,1,0
19ab4c335.jpg,1,2,3|4,3,34026,0,0,24329,9697,0,0,1,1
19aef9172.jpg,1,1,3,3,2225,0,0,2225,0,0,0,1,0
19b4b7cd8.jpg,1,1,1,1,2717,2717,0,0,0,1,0,0,0
19b8972c7.jpg,1,1,3,3,9138,0,0,9138,0,0,0,1,0
19c3a9c48.jpg,1,1,3,3,15527,0,0,15527,0,0,0,1,0
19c645c25.jpg,1,1,3,3,28201,0,0,28201,0,0,0,1,0
19cf72d91.jpg,1,1,1,1,11112,11112,0,0,0,1,0,0,0
19d5d25a6.jpg,1,1,3,3,3070,0,0,3070,0,0,0,1,0
19d892dd9.jpg,1,1,4,4,41197,0,0,0,41197,0,0,0,1
19dcbc01f.jpg,0,0,,0,0,0,0,0,0,0,0,0,0
19dd323a9.jpg,0,0,,0,0,0,0,0,0,0,0,0,0
19e918673.jpg,1,1,4,4,7846,0,0,0,7846,0,0,0,1
19e96b746.jpg,0,0,,0,0,0,0,0,0,0,0,0,0
19e9bfbf2.jpg,0,0,,0,0,0,0,0,0,0,0,0,0
19ecb0e40.jpg,0,0,,0,0,0,0,0,0,0,0,0,0
19f00abbf.jpg,1,1,3,3,10959,0,0,10959,0,0,0,1,0
19f3fd5f9.jpg,0,0,,0,0,0,0,0,0,0,0,0,0
19fd40586.jpg,0,0,,0,0,0,0,0,0,0,0,0,0
19fee14e3.jpg,0,0,,0,0,0,0,0,0,0,0,0,0
1a075e075.jpg,1,1,4,4,22966,0,0,0,22966,0,0,0,1
1a0f5230a.jpg,1,1,3,3,964,0,0,964,0,0,0,1,0
1a0fbd2f0.jpg,0,0,,0,0,0,0,0,0,0,0,0,0
1a1380e4f.jpg,0,0,,0,0,0,0,0,0,0,0,0,0
1a15e33ae.jpg,1,1,3,3,5248,0,0,5248,0,0,0,1,0
1a17a1f15.jpg,1,2,3|4,4,23828,0,0,9126,14702,0,0,1,1
1a1d0ced7.jpg,0,0,,0,0,0,0,0,0,0,0,0,0
1a20228f6.jpg,0,0,,0,0,0,0,0,0,0,0,0,0
1a20361c3.jpg,1,1,3,3,4542,0,0,4542,0,0,0,1,0
1a23e4531.jpg,0,0,,0,0,0,0,0,0,0,0,0,0
1a2457322.jpg,0,0,,0,0,0,0,0,0,0,0,0,0
1a2b7acb7.jpg,0,0,,0,0,0,0,0,0,0,0,0,0
1a33e152d.jpg,1,1,1,1,12280,12280,0,0,0,1,0,0,0
1a382baf6.jpg,1,1,4,4,5762,0,0,0,5762,0,0,0,1
1a3cb1bfc.jpg,1,1,4,4,106991,0,0,0,106991,0,0,0,1
1a4039711.jpg,1,1,1,1,2328,2328,0,0,0,1,0,0,0
1a4ac4d43.jpg,0,0,,0,0,0,0,0,0,0,0,0,0
1a4bfb910.jpg,0,0,,0,0,0,0,0,0,0,0,0,0
1a5947eb5.jpg,0,0,,0,0,0,0,0,0,0,0,0,0
1a5f1097f.jpg,0,0,,0,0,0,0,0,0,0,0,0,0
1a603f8dd.jpg,1,1,3,3,3590,0,0,3590,0,0,0,1,0
1a674eaaf.jpg,0,0,,0,0,0,0,0,0,0,0,0,0
1a70268d4.jpg,1,1,1,1,1326,1326,0,0,0,1,0,0,0
1a7230747.jpg,0,0,,0,0,0,0,0,0,0,0,0,0
1a750bfc8.jpg,0,0,,0,0,0,0,0,0,0,0,0,0
1a759ef19.jpg,0,0,,0,0,0,0,0,0,0,0,0,0
1a77fb759.jpg,1,1,4,4,5286,0,0,0,5286,0,0,0,1
1a8440db2.jpg,1,1,1,1,7681,7681,0,0,0,1,0,0,0
1a8eb71da.jpg,1,1,3,3,13836,0,0,13836,0,0,0,1,0
1a947561f.jpg,0,0,,0,0,0,0,0,0,0,0,0,0
1a9654c65.jpg,1,1,3,3,13229,0,0,13229,0,0,0,1,0
1a9c38991.jpg,1,1,1,1,1088,1088,0,0,0,1,0,0,0
1aa2ba1b5.jpg,1,1,3,3,17964,0,0,17964,0,0,0,1,0
1aa2e159a.jpg,0,0,,0,0,0,0,0,0,0,0,0,0
1aa7e1c47.jpg,0,0,,0,0,0,0,0,0,0,0,0,0
1ab07605b.jpg,1,1,3,3,5207,0,0,5207,0,0,0,1,0
1ab13a821.jpg,0,0,,0,0,0,0,0,0,0,0,0,0
1ab604624.jpg,0,0,,0,0,0,0,0,0,0,0,0,0
1ab7b5ed2.jpg,1,1,3,3,12971,0,0,12971,0,0,0,1,0
1ab97ff12.jpg,0,0,,0,0,0,0,0,0,0,0,0,0
1abb621ee.jpg,1,1,1,1,4358,4358,0,0,0,1,0,0,0
1ac437ea4.jpg,1,1,3,3,18379,0,0,18379,0,0,0,1,0
1ad10c316.jpg,1,1,1,1,929,929,0,0,0,1,0,0,0
1ad5eabbc.jpg,0,0,,0,0,0,0,0,0,0,0,0,0
1ad82d66a.jpg,1,1,3,3,34334,0,0,34334,0,0,0,1,0
1ada6a7ac.jpg,1,1,3,3,91486,0,0,91486,0,0,0,1,0
1ae34857b.jpg,0,0,,0,0,0,0,0,0,0,0,0,0
1ae56dead.jpg,1,1,1,1,1209,1209,0,0,0,1,0,0,0
1ae581a9b.jpg,1,1,3,3,1748,0,0,1748,0,0,0,1,0
1aecf21ad.jpg,0,0,,0,0,0,0,0,0,0,0,0,0
1aedfd7ab.jpg,1,1,3,3,45337,0,0,45337,0,0,0,1,0
1af650ab4.jpg,1,1,3,3,84107,0,0,84107,0,0,0,1,0
1afbf2cc3.jpg,0,0,,0,0,0,0,0,0,0,0,0,0
1b04341a6.jpg,0,0,,0,0,0,0,0,0,0,0,0,0
1b053c667.jpg,1,1,3,3,33368,0,0,33368,0,0,0,1,0
1b12de419.jpg,1,1,3,3,12379,0,0,12379,0,0,0,1,0
1b13686ba.jpg,0,0,,0,0,0,0,0,0,0,0,0,0
1b1937685.jpg,0,0,,0,0,0,0,0,0,0,0,0,0
1b1a8316b.jpg,0,0,,0,0,0,0,0,0,0,0,0,0
1b1fd7bb3.jpg,0,0,,0,0,0,0,0,0,0,0,0,0
1b213d816.jpg,1,1,1,1,1757,1757,0,0,0,1,0,0,0
1b2b4d68f.jpg,0,0,,0,0,0,0,0,0,0,0,0,0
1b2c029b8.jpg,1,1,3,3,49178,0,0,49178,0,0,0,1,0
1b2d85fa8.jpg,0,0,,0,0,0,0,0,0,0,0,0,0
1b2dcaa3d.jpg,0,0,,0,0,0,0,0,0,0,0,0,0
1b3619d14.jpg,0,0,,0,0,0,0,0,0,0,0,0,0
1b3666262.jpg,0,0,,0,0,0,0,0,0,0,0,0,0
1b4642fd5.jpg,1,1,3,3,3138,0,0,3138,0,0,0,1,0
1b4b41b81.jpg,0,0,,0,0,0,0,0,0,0,0,0,0
1b52ec552.jpg,1,1,3,3,3398,0,0,3398,0,0,0,1,0
1b5427b35.jpg,1,1,4,4,28288,0,0,0,28288,0,0,0,1
1b58aab8e.jpg,0,0,,0,0,0,0,0,0,0,0,0,0
1b6346c51.jpg,0,0,,0,0,0,0,0,0,0,0,0,0
1b64a8b18.jpg,0,0,,0,0,0,0,0,0,0,0,0,0
1b64da256.jpg,0,0,,0,0,0,0,0,0,0,0,0,0
1b6743f6e.jpg,1,1,3,3,8285,0,0,8285,0,0,0,1,0
1b6a9d41b.jpg,0,0,,0,0,0,0,0,0,0,0,0,0
1b6aefdb7.jpg,1,1,3,3,3778,0,0,3778,0,0,0,1,0
1b7669eb4.jpg,1,1,3,3,142502,0,0,142502,0,0,0,1,0
1b7bec2ba.jpg,1,1,1,1,1717,1717,0,0,0,1,0,0,0
1b7d7eec6.jpg,0,0,,0,0,0,0,0,0,0,0,0,0
1b7e426bc.jpg,1,1,3,3,4425,0,0,4425,0,0,0,1,0
1b88aba1a.jpg,1,1,1,1,621,621,0,0,0,1,0,0,0
1b8ef5392.jpg,1,1,3,3,47594,0,0,47594,0,0,0,1,0
1b9016dd1.jpg,0,0,,0,0,0,0,0,0,0,0,0,0
1b91eb9cb.jpg,0,0,,0,0,0,0,0,0,0,0,0,0
1b92a1b6d.jpg,0,0,,0,0,0,0,0,0,0,0,0,0
1b93e337a.jpg,1,1,3,3,10348,0,0,10348,0,0,0,1,0
1b955ad28.jpg,1,1,3,3,6879,0,0,6879,0,0,0,1,0
1b9fb7411.jpg,1,2,3|4,4,107166,0,0,8636,98530,0,0,1,1
1ba01937f.jpg,1,1,4,4,29548,0,0,0,29548,0,0,0,1
1bad143b0.jpg,0,0,,0,0,0,0,0,0,0,0,0,0
1bb1e1055.jpg,1,1,3,3,7057,0,0,7057,0,0,0,1,0
1bb316ba4.jpg,0,0,,0,0,0,0,0,0,0,0,0,0
1bbd2bc64.jpg,0,0,,0,0,0,0,0,0,0,0,0,0
1bc37a6f4.jpg,1,1,3,3,2701,0,0,2701,0,0,0,1,0
1bd394dd6.jpg,1,1,3,3,4386,0,0,4386,0,0,0,1,0
1bd3a1f4c.jpg,1,1,3,3,4435,0,0,4435,0,0,0,1,0
1bd93f498.jpg,0,0,,0,0,0,0,0,0,0,0,0,0
1bdb7f26f.jpg,1,1,1,1,4187,4187,0,0,0,1,0,0,0
1bdcc6338.jpg,1,1,3,3,6998,0,0,6998,0,0,0,1,0
1bdf9a8c6.jpg,0,0,,0,0,0,0,0,0,0,0,0,0
1be022616.jpg,0,0,,0,0,0,0,0,0,0,0,0,0
1be0f63b4.jpg,0,0,,0,0,0,0,0,0,0,0,0,0
1be49cb6f.jpg,1,1,3,3,10693,0,0,10693,0,0,0,1,0
1be849dd0.jpg,1,1,3,3,10048,0,0,10048,0,0,0,1,0
1be84c6a7.jpg,1,1,3,3,8588,0,0,8588,0,0,0,1,0
1bea66c7a.jpg,1,1,4,4,18337,0,0,0,18337,0,0,0,1
1bead4843.jpg,0,0,,0,0,0,0,0,0,0,0,0,0
1bebe7eb7.jpg,0,0,,0,0,0,0,0,0,0,0,0,0
1bec34f9a.jpg,0,0,,0,0,0,0,0,0,0,0,0,0
1bed9264f.jpg,1,1,2,2,6342,0,6342,0,0,0,1,0,0
1bf49d46e.jpg,1,1,3,3,918,0,0,918,0,0,0,1,0
1bf758d80.jpg,1,1,3,3,4891,0,0,4891,0,0,0,1,0
1c029a278.jpg,1,1,3,3,7780,0,0,7780,0,0,0,1,0
1c0d8bcd0.jpg,1,1,3,3,2274,0,0,2274,0,0,0,1,0
1c18acd30.jpg,1,1,3,3,5730,0,0,5730,0,0,0,1,0
1c19efedd.jpg,1,1,3,3,55517,0,0,55517,0,0,0,1,0
1c1ca0221.jpg,1,2,2|3,3,7003,0,2907,4096,0,0,1,1,0
1c2879d0d.jpg,1,1,3,3,6345,0,0,6345,0,0,0,1,0
1c29bf20f.jpg,0,0,,0,0,0,0,0,0,0,0,0,0
1c2a39896.jpg,0,0,,0,0,0,0,0,0,0,0,0,0
1c2b72b46.jpg,0,0,,0,0,0,0,0,0,0,0,0,0
1c32b8c83.jpg,1,1,3,3,8983,0,0,8983,0,0,0,1,0
1c3a58b06.jpg,1,1,3,3,10140,0,0,10140,0,0,0,1,0
1c3aae5fd.jpg,0,0,,0,0,0,0,0,0,0,0,0,0
1c3bfb4ab.jpg,0,0,,0,0,0,0,0,0,0,0,0,0
1c3c26c17.jpg,0,0,,0,0,0,0,0,0,0,0,0,0
1c3efa3ca.jpg,0,0,,0,0,0,0,0,0,0,0,0,0
1c4018f02.jpg,0,0,,0,0,0,0,0,0,0,0,0,0
1c448e585.jpg,0,0,,0,0,0,0,0,0,0,0,0,0
1c484802f.jpg,0,0,,0,0,0,0,0,0,0,0,0,0
1c493aed1.jpg,1,1,3,3,12023,0,0,12023,0,0,0,1,0
1c61eaea9.jpg,1,1,3,3,6365,0,0,6365,0,0,0,1,0
1c6625114.jpg,1,1,3,3,17088,0,0,17088,0,0,0,1,0
1c75c4ebd.jpg,1,1,3,3,12722,0,0,12722,0,0,0,1,0
1c8053366.jpg,0,0,,0,0,0,0,0,0,0,0,0,0
1c8802c08.jpg,1,1,4,4,48432,0,0,0,48432,0,0,0,1
1c92b4274.jpg,0,0,,0,0,0,0,0,0,0,0,0,0
1c9564f66.jpg,0,0,,0,0,0,0,0,0,0,0,0,0
1c96b0bbc.jpg,1,1,2,2,5821,0,5821,0,0,0,1,0,0
1c97d1861.jpg,1,1,3,3,23988,0,0,23988,0,0,0,1,0
1c9ac6c1d.jpg,0,0,,0,0,0,0,0,0,0,0,0,0
1c9bc9377.jpg,0,0,,0,0,0,0,0,0,0,0,0,0
1ca7f19cf.jpg,1,1,3,3,4858,0,0,4858,0,0,0,1,0
1cac6e1f3.jpg,1,2,1|3,1,2213,1719,0,494,0,1,0,1,0
1caea18fc.jpg,1,1,3,3,18514,0,0,18514,0,0,0,1,0
1cb0a0a2f.jpg,0,0,,0,0,0,0,0,0,0,0,0,0
1cb26b10a.jpg,1,1,3,3,48699,0,0,48699,0,0,0,1,0
1cb27ff90.jpg,1,1,3,3,4990,0,0,4990,0,0,0,1,0
1cb290c38.jpg,0,0,,0,0,0,0,0,0,0,0,0,0
1cb83b95a.jpg,0,0,,0,0,0,0,0,0,0,0,0,0
1ccb093e6.jpg,1,1,2,2,3835,0,3835,0,0,0,1,0,0
1cd446dc7.jpg,0,0,,0,0,0,0,0,0,0,0,0,0
1cdbad7d2.jpg,1,1,3,3,7107,0,0,7107,0,0,0,1,0
1ce62dfc0.jpg,0,0,,0,0,0,0,0,0,0,0,0,0
1cf3a123f.jpg,0,0,,0,0,0,0,0,0,0,0,0,0
1cf5ea893.jpg,0,0,,0,0,0,0,0,0,0,0,0,0
1d00226a0.jpg,1,1,1,1,2083,2083,0,0,0,1,0,0,0
1d0521214.jpg,1,1,3,3,11413,0,0,11413,0,0,0,1,0
1d0861206.jpg,1,1,1,1,5380,5380,0,0,0,1,0,0,0
1d13e99fc.jpg,0,0,,0,0,0,0,0,0,0,0,0,0
1d2202772.jpg,0,0,,0,0,0,0,0,0,0,0,0,0
1d28002da.jpg,1,1,3,3,17437,0,0,17437,0,0,0,1,0
1d32009ed.jpg,1,1,3,3,4786,0,0,4786,0,0,0,1,0
1d34ad26c.jpg,1,1,1,1,6378,6378,0,0,0,1,0,0,0
1d3b3b762.jpg,0,0,,0,0,0,0,0,0,0,0,0,0
1d3f3c69c.jpg,0,0,,0,0,0,0,0,0,0,0,0,0
1d405ef29.jpg,0,0,,0,0,0,0,0,0,0,0,0,0
1d4a5181e.jpg,1,1,3,3,2860,0,0,2860,0,0,0,1,0
1d4b011c7.jpg,0,0,,0,0,0,0,0,0,0,0,0,0
1d4d33873.jpg,1,1,3,3,5408,0,0,5408,0,0,0,1,0
1d4fa8da0.jpg,0,0,,0,0,0,0,0,0,0,0,0,0
1d56ccf70.jpg,1,1,3,3,12350,0,0,12350,0,0,0,1,0
1d5ad5541.jpg,1,1,3,3,2549,0,0,2549,0,0,0,1,0
1d5eeb9bd.jpg,1,1,3,3,9359,0,0,9359,0,0,0,1,0
1d5f3ecb8.jpg,1,1,3,3,44237,0,0,44237,0,0,0,1,0
1d61649b1.jpg,0,0,,0,0,0,0,0,0,0,0,0,0
1d64dd62e.jpg,0,0,,0,0,0,0,0,0,0,0,0,0
1d66a6fb4.jpg,1,2,3|4,3,30775,0,0,16006,14769,0,0,1,1
1d694b8dc.jpg,1,1,3,3,2743,0,0,2743,0,0,0,1,0
1d69915c8.jpg,0,0,,0,0,0,0,0,0,0,0,0,0
1d71764d0.jpg,1,1,4,4,22347,0,0,0,22347,0,0,0,1
1d718ddb9.jpg,1,1,2,2,4797,0,4797,0,0,0,1,0,0
1d7f05244.jpg,1,1,3,3,6827,0,0,6827,0,0,0,1,0
1d7f89efa.jpg,1,2,3|4,3,32040,0,0,19241,12799,0,0,1,1
1d7fb0fa8.jpg,0,0,,0,0,0,0,0,0,0,0,0,0
1d83b44be.jpg,1,1,1,1,4611,4611,0,0,0,1,0,0,0
1d849ef03.jpg,0,0,,0,0,0,0,0,0,0,0,0,0
1d895ec3d.jpg,0,0,,0,0,0,0,0,0,0,0,0,0
1d99e94a9.jpg,1,1,3,3,5899,0,0,5899,0,0,0,1,0
1da1345fc.jpg,0,0,,0,0,0,0,0,0,0,0,0,0
1da26ff0c.jpg,0,0,,0,0,0,0,0,0,0,0,0,0
1da5c535f.jpg,0,0,,0,0,0,0,0,0,0,0,0,0
1daa10850.jpg,0,0,,0,0,0,0,0,0,0,0,0,0
1dac7069c.jpg,1,1,3,3,27163,0,0,27163,0,0,0,1,0
1dae4f59b.jpg,0,0,,0,0,0,0,0,0,0,0,0,0
1dae739cb.jpg,0,0,,0,0,0,0,0,0,0,0,0,0
1dafc568c.jpg,0,0,,0,0,0,0,0,0,0,0,0,0
1dba99dc5.jpg,1,1,3,3,184870,0,0,184870,0,0,0,1,0
1dbbbadde.jpg,0,0,,0,0,0,0,0,0,0,0,0,0
1dbe980cc.jpg,0,0,,0,0,0,0,0,0,0,0,0,0
1dc0e1d12.jpg,1,1,3,3,3588,0,0,3588,0,0,0,1,0
1dc68a7a7.jpg,1,1,3,3,5960,0,0,5960,0,0,0,1,0
1dc8a43ce.jpg,1,1,3,3,10181,0,0,10181,0,0,0,1,0
1dd219a5c.jpg,0,0,,0,0,0,0,0,0,0,0,0,0
1dd56a824.jpg,0,0,,0,0,0,0,0,0,0,0,0,0
1dd76fb74.jpg,1,1,3,3,15493,0,0,15493,0,0,0,1,0
1dd8107e9.jpg,1,1,3,3,3805,0,0,3805,0,0,0,1,0
1dd828ff3.jpg,0,0,,0,0,0,0,0,0,0,0,0,0
1de3fbfda.jpg,1,1,4,4,24142,0,0,0,24142,0,0,0,1
1deada184.jpg,1,1,1,1,1399,1399,0,0,0,1,0,0,0
1dec24f86.jpg,0,0,,0,0,0,0,0,0,0,0,0,0
1def10240.jpg,1,1,3,3,4627,0,0,4627,0,0,0,1,0
1df34bed6.jpg,1,1,3,3,7115,0,0,7115,0,0,0,1,0
1df9eefe5.jpg,1,1,2,2,4007,0,4007,0,0,0,1,0,0
1dfd53dbb.jpg,0,0,,0,0,0,0,0,0,0,0,0,0
1e01ad32d.jpg,1,1,4,4,15087,0,0,0,15087,0,0,0,1
1e0220d5c.jpg,1,1,3,3,2762,0,0,2762,0,0,0,1,0
1e037a937.jpg,0,0,,0,0,0,0,0,0,0,0,0,0
1e0980950.jpg,1,1,3,3,111174,0,0,111174,0,0,0,1,0
1e1d1606e.jpg,1,1,4,4,35015,0,0,0,35015,0,0,0,1
1e1f0b7b0.jpg,1,1,3,3,1251,0,0,1251,0,0,0,1,0
1e28fa5c3.jpg,0,0,,0,0,0,0,0,0,0,0,0,0
1e2bd7ad0.jpg,1,1,1,1,569,569,0,0,0,1,0,0,0
1e2c34785.jpg,0,0,,0,0,0,0,0,0,0,0,0,0
1e2ec4b36.jpg,0,0,,0,0,0,0,0,0,0,0,0,0
1e3328de6.jpg,0,0,,0,0,0,0,0,0,0,0,0,0
1e351863b.jpg,0,0,,0,0,0,0,0,0,0,0,0,0
1e41bed39.jpg,0,0,,0,0,0,0,0,0,0,0,0,0
1e4530fc7.jpg,0,0,,0,0,0,0,0,0,0,0,0,0
1e4aaae3e.jpg,1,1,3,3,4448,0,0,4448,0,0,0,1,0
1e4cf3b70.jpg,1,1,3,3,9587,0,0,9587,0,0,0,1,0
1e4e988cd.jpg,1,1,3,3,2810,0,0,2810,0,0,0,1,0
1e57c8073.jpg,1,1,3,3,20490,0,0,20490,0,0,0,1,0
1e5f88c2c.jpg,0,0,,0,0,0,0,0,0,0,0,0,0
1e6878c5e.jpg,0,0,,0,0,0,0,0,0,0,0,0,0
1e6ac8d91.jpg,0,0,,0,0,0,0,0,0,0,0,0,0
1e6d08dd9.jpg,0,0,,0,0,0,0,0,0,0,0,0,0
1e7415a4c.jpg,0,0,,0,0,0,0,0,0,0,0,0,0
1e742caeb.jpg,1,2,3|4,4,33292,0,0,2336,30956,0,0,1,1
1e75373b2.jpg,1,1,1,1,17050,17050,0,0,0,1,0,0,0
1e7893a11.jpg,1,1,3,3,4566,0,0,4566,0,0,0,1,0
1e7a089c5.jpg,0,0,,0,0,0,0,0,0,0,0,0,0
1e7b96509.jpg,1,1,3,3,6854,0,0,6854,0,0,0,1,0
1e7c529a2.jpg,1,1,3,3,1820,0,0,1820,0,0,0,1,0
1e893e86c.jpg,1,1,3,3,33646,0,0,33646,0,0,0,1,0
1e896dda7.jpg,0,0,,0,0,0,0,0,0,0,0,0,0
1e954c608.jpg,1,1,3,3,17326,0,0,17326,0,0,0,1,0
1e95fc3d7.jpg,1,2,1|3,3,7643,2176,0,5467,0,1,0,1,0
1e963d7f6.jpg,1,1,3,3,21836,0,0,21836,0,0,0,1,0
1e979fb66.jpg,1,1,3,3,21996,0,0,21996,0,0,0,1,0
1e9aec741.jpg,1,1,3,3,5122,0,0,5122,0,0,0,1,0
1ea25d4fa.jpg,1,1,3,3,37524,0,0,37524,0,0,0,1,0
1ea40df0e.jpg,1,1,3,3,7277,0,0,7277,0,0,0,1,0
1ea493a4f.jpg,1,1,3,3,15038,0,0,15038,0,0,0,1,0
1eb193ad7.jpg,0,0,,0,0,0,0,0,0,0,0,0,0
1eb697fe5.jpg,1,1,1,1,5808,5808,0,0,0,1,0,0,0
1eb8aaa15.jpg,0,0,,0,0,0,0,0,0,0,0,0,0
1ebd7aba5.jpg,1,1,3,3,2887,0,0,2887,0,0,0,1,0
1ebf04057.jpg,0,0,,0,0,0,0,0,0,0,0,0,0
1ebf26c1d.jpg,0,0,,0,0,0,0,0,0,0,0,0,0
1ec0bfd19.jpg,0,0,,0,0,0,0,0,0,0,0,0,0
1ec98acac.jpg,1,1,3,3,14028,0,0,14028,0,0,0,1,0
1ecae540a.jpg,0,0,,0,0,0,0,0,0,0,0,0,0
1ecd0214c.jpg,1,1,3,3,4271,0,0,4271,0,0,0,1,0
1ecfcc78b.jpg,0,0,,0,0,0,0,0,0,0,0,0,0
1ed75107a.jpg,1,1,3,3,4184,0,0,4184,0,0,0,1,0
1ee38e570.jpg,1,1,3,3,3993,0,0,3993,0,0,0,1,0
1ee9359c6.jpg,0,0,,0,0,0,0,0,0,0,0,0,0
1ee966a3e.jpg,0,0,,0,0,0,0,0,0,0,0,0,0
1eedf2f95.jpg,0,0,,0,0,0,0,0,0,0,0,0,0
1eee7f0da.jpg,0,0,,0,0,0,0,0,0,0,0,0,0
1ef276277.jpg,1,1,3,3,3712,0,0,3712,0,0,0,1,0
1ef27af60.jpg,1,1,4,4,32172,0,0,0,32172,0,0,0,1
1ef476f3c.jpg,1,1,3,3,6355,0,0,6355,0,0,0,1,0
1ef82c3bb.jpg,0,0,,0,0,0,0,0,0,0,0,0,0
1efdd626e.jpg,1,1,1,1,4405,4405,0,0,0,1,0,0,0
1efe2a3d5.jpg,0,0,,0,0,0,0,0,0,0,0,0,0
1efff24a0.jpg,1,1,3,3,14208,0,0,14208,0,0,0,1,0
1f06bd0a5.jpg,1,1,1,1,6117,6117,0,0,0,1,0,0,0
1f1110622.jpg,0,0,,0,0,0,0,0,0,0,0,0,0
1f117b19e.jpg,1,1,1,1,1708,1708,0,0,0,1,0,0,0
1f1426f32.jpg,1,1,3,3,9770,0,0,9770,0,0,0,1,0
1f151ee84.jpg,0,0,,0,0,0,0,0,0,0,0,0,0
1f15d197c.jpg,0,0,,0,0,0,0,0,0,0,0,0,0
1f1a35501.jpg,0,0,,0,0,0,0,0,0,0,0,0,0
1f249ed4c.jpg,0,0,,0,0,0,0,0,0,0,0,0,0
1f2c14ca8.jpg,0,0,,0,0,0,0,0,0,0,0,0,0
1f3092136.jpg,0,0,,0,0,0,0,0,0,0,0,0,0
1f384e1f4.jpg,0,0,,0,0,0,0,0,0,0,0,0,0
1f3c86c6f.jpg,1,1,3,3,4133,0,0,4133,0,0,0,1,0
1f3e0b337.jpg,1,1,3,3,2377,0,0,2377,0,0,0,1,0
1f4161475.jpg,1,1,1,1,4434,4434,0,0,0,1,0,0,0
1f43421a7.jpg,1,1,3,3,70150,0,0,70150,0,0,0,1,0
1f45f2491.jpg,0,0,,0,0,0,0,0,0,0,0,0,0
1f4f2cbae.jpg,0,0,,0,0,0,0,0,0,0,0,0,0
1f54ac735.jpg,0,0,,0,0,0,0,0,0,0,0,0,0
1f5af3611.jpg,0,0,,0,0,0,0,0,0,0,0,0,0
1f5cd4df7.jpg,1,1,3,3,46192,0,0,46192,0,0,0,1,0
1f663a670.jpg,0,0,,0,0,0,0,0,0,0,0,0,0
1f6807921.jpg,1,1,3,3,15705,0,0,15705,0,0,0,1,0
1f6915575.jpg,1,1,3,3,56205,0,0,56205,0,0,0,1,0
1f6a00569.jpg,0,0,,0,0,0,0,0,0,0,0,0,0
1f7b64701.jpg,1,1,1,1,8596,8596,0,0,0,1,0,0,0
1f7e9363d.jpg,1,1,3,3,50004,0,0,50004,0,0,0,1,0
1f86fdb5b.jpg,0,0,,0,0,0,0,0,0,0,0,0,0
1f88df184.jpg,0,0,,0,0,0,0,0,0,0,0,0,0
1f8ea6702.jpg,1,1,3,3,2028,0,0,2028,0,0,0,1,0
1f93c38d7.jpg,0,0,,0,0,0,0,0,0,0,0,0,0
1f9442c13.jpg,0,0,,0,0,0,0,0,0,0,0,0,0
1f9863963.jpg,1,1,4,4,5954,0,0,0,5954,0,0,0,1
1f9b8e2e6.jpg,1,1,3,3,54852,0,0,54852,0,0,0,1,0
1f9f854f3.jpg,0,0,,0,0,0,0,0,0,0,0,0,0
1f9f97b80.jpg,1,1,3,3,22139,0,0,22139,0,0,0,1,0
1fa0c8951.jpg,1,1,3,3,3998,0,0,3998,0,0,0,1,0
1fbde2708.jpg,0,0,,0,0,0,0,0,0,0,0,0,0
1fc012f23.jpg,1,2,3|4,4,83276,0,0,38055,45221,0,0,1,1
1fc4c5a4b.jpg,1,1,3,3,4723,0,0,4723,0,0,0,1,0
1fcabeee5.jpg,0,0,,0,0,0,0,0,0,0,0,0,0
1fccd2eed.jpg,0,0,,0,0,0,0,0,0,0,0,0,0
1fcecb643.jpg,1,1,3,3,3788,0,0,3788,0,0,0,1,0
1fd098a38.jpg,1,1,1,1,3672,3672,0,0,0,1,0,0,0
1fd4cb300.jpg,0,0,,0,0,0,0,0,0,0,0,0,0
1fd758653.jpg,0,0,,0,0,0,0,0,0,0,0,0,0
1fdd142e9.jpg,0,0,,0,0,0,0,0,0,0,0,0,0
1fdef786c.jpg,1,2,3|4,4,57405,0,0,27752,29653,0,0,1,1
1fe327594.jpg,1,1,3,3,49057,0,0,49057,0,0,0,1,0
1fe3d2031.jpg,0,0,,0,0,0,0,0,0,0,0,0,0
1feaa8b3f.jpg,1,1,3,3,38607,0,0,38607,0,0,0,1,0
1fed233e0.jpg,1,1,1,1,4966,4966,0,0,0,1,0,0,0
1ff3214db.jpg,1,1,3,3,2418,0,0,2418,0,0,0,1,0
1ffe887dd.jpg,1,2,1|2,1,8433,4614,3819,0,0,1,1,0,0
200031377.jpg,0,0,,0,0,0,0,0,0,0,0,0,0
2001189bd.jpg,0,0,,0,0,0,0,0,0,0,0,0,0
20064e3ab.jpg,0,0,,0,0,0,0,0,0,0,0,0,0
200992bc9.jpg,1,1,3,3,5257,0,0,5257,0,0,0,1,0
200e555b4.jpg,1,1,4,4,1579,0,0,0,1579,0,0,0,1
2012a6d02.jpg,1,1,2,2,931,0,931,0,0,0,1,0,0
20134e94c.jpg,0,0,,0,0,0,0,0,0,0,0,0,0
201560907.jpg,1,1,3,3,58853,0,0,58853,0,0,0,1,0
20180fd12.jpg,0,0,,0,0,0,0,0,0,0,0,0,0
2019417e0.jpg,1,1,3,3,25737,0,0,25737,0,0,0,1,0
201f7cd69.jpg,1,1,1,1,2303,2303,0,0,0,1,0,0,0
202838a14.jpg,1,1,4,4,39668,0,0,0,39668,0,0,0,1
202c60d61.jpg,0,0,,0,0,0,0,0,0,0,0,0,0
203052fde.jpg,0,0,,0,0,0,0,0,0,0,0,0,0
20366ec45.jpg,0,0,,0,0,0,0,0,0,0,0,0,0
203935b70.jpg,0,0,,0,0,0,0,0,0,0,0,0,0
203ede335.jpg,0,0,,0,0,0,0,0,0,0,0,0,0
203f204d0.jpg,0,0,,0,0,0,0,0,0,0,0,0,0
204949166.jpg,1,1,1,1,6171,6171,0,0,0,1,0,0,0
204ad9b3b.jpg,0,0,,0,0,0,0,0,0,0,0,0,0
204b5e3d3.jpg,0,0,,0,0,0,0,0,0,0,0,0,0
204bcfc88.jpg,1,1,1,1,8159,8159,0,0,0,1,0,0,0
205360569.jpg,1,1,3,3,16894,0,0,16894,0,0,0,1,0
205685883.jpg,1,2,1|2,2,2900,1269,1631,0,0,1,1,0,0
2059da9eb.jpg,0,0,,0,0,0,0,0,0,0,0,0,0
205e05371.jpg,1,1,3,3,14818,0,0,14818,0,0,0,1,0
20617dd9a.jpg,1,1,3,3,11187,0,0,11187,0,0,0,1,0
206bb4788.jpg,0,0,,0,0,0,0,0,0,0,0,0,0
206c20ee0.jpg,1,1,3,3,5354,0,0,5354,0,0,0,1,0
206c8bb0c.jpg,1,1,2,2,1504,0,1504,0,0,0,1,0,0
207633776.jpg,0,0,,0,0,0,0,0,0,0,0,0,0
207d87ea7.jpg,1,1,3,3,11478,0,0,11478,0,0,0,1,0
207e88d4a.jpg,1,1,3,3,5311,0,0,5311,0,0,0,1,0
207f33325.jpg,1,1,3,3,14733,0,0,14733,0,0,0,1,0
208825e67.jpg,1,1,3,3,34993,0,0,34993,0,0,0,1,0
20905c068.jpg,1,1,3,3,38435,0,0,38435,0,0,0,1,0
20964a4f0.jpg,1,2,3|4,4,19492,0,0,4633,14859,0,0,1,1
209e34a89.jpg,1,1,3,3,29725,0,0,29725,0,0,0,1,0
20a0d5ea9.jpg,0,0,,0,0,0,0,0,0,0,0,0,0
20a1cd67a.jpg,0,0,,0,0,0,0,0,0,0,0,0,0
20a894ca5.jpg,1,1,3,3,8221,0,0,8221,0,0,0,1,0
20b08d99b.jpg,0,0,,0,0,0,0,0,0,0,0,0,0
20b5096a5.jpg,0,0,,0,0,0,0,0,0,0,0,0,0
20bb27a04.jpg,1,1,2,2,3840,0,3840,0,0,0,1,0,0
20bb368f8.jpg,0,0,,0,0,0,0,0,0,0,0,0,0
20bee9bda.jpg,1,1,3,3,177200,0,0,177200,0,0,0,1,0
20cddf709.jpg,0,0,,0,0,0,0,0,0,0,0,0,0
20d742630.jpg,0,0,,0,0,0,0,0,0,0,0,0,0
20de0d323.jpg,0,0,,0,0,0,0,0,0,0,0,0,0
20dec6c22.jpg,1,1,3,3,12460,0,0,12460,0,0,0,1,0
20e93e1cb.jpg,1,1,3,3,2999,0,0,2999,0,0,0,1,0
20ed61e3a.jpg,1,1,3,3,14817,0,0,14817,0,0,0,1,0
20edbd1a8.jpg,1,2,3|4,4,43379,0,0,10367,33012,0,0,1,1
20fb50eb6.jpg,0,0,,0,0,0,0,0,0,0,0,0,0
20fe56d9e.jpg,0,0,,0,0,0,0,0,0,0,0,0,0
210140342.jpg,0,0,,0,0,0,0,0,0,0,0,0,0
210e0e803.jpg,0,0,,0,0,0,0,0,0,0,0,0,0
211035d61.jpg,0,0,,0,0,0,0,0,0,0,0,0,0
2111e4f3f.jpg,1,1,3,3,3387,0,0,3387,0,0,0,1,0
2117f8b3c.jpg,0,0,,0,0,0,0,0,0,0,0,0,0
211f39c22.jpg,0,0,,0,0,0,0,0,0,0,0,0,0
2122b99c0.jpg,1,1,1,1,2040,2040,0,0,0,1,0,0,0
212c420e6.jpg,0,0,,0,0,0,0,0,0,0,0,0,0
21318dbb2.jpg,0,0,,0,0,0,0,0,0,0,0,0,0
21365e1a3.jpg,1,1,3,3,7360,0,0,7360,0,0,0,1,0
213b0d05f.jpg,0,0,,0,0,0,0,0,0,0,0,0,0
213ba76ed.jpg,0,0,,0,0,0,0,0,0,0,0,0,0
213eae951.jpg,0,0,,0,0,0,0,0,0,0,0,0,0
214453d43.jpg,0,0,,0,0,0,0,0,0,0,0,0,0
214465021.jpg,1,1,2,2,3712,0,3712,0,0,0,1,0,0
214b9bd1a.jpg,1,1,3,3,26275,0,0,26275,0,0,0,1,0
215dc201f.jpg,1,1,3,3,24983,0,0,24983,0,0,0,1,0
215edd511.jpg,1,1,2,2,2264,0,2264,0,0,0,1,0,0
2165057fa.jpg,0,0,,0,0,0,0,0,0,0,0,0,0
216630aec.jpg,0,0,,0,0,0,0,0,0,0,0,0,0
2175f9bcf.jpg,0,0,,0,0,0,0,0,0,0,0,0,0
2176b94a5.jpg,1,1,3,3,17644,0,0,17644,0,0,0,1,0
217ec0ebe.jpg,0,0,,0,0,0,0,0,0,0,0,0,0
2188f5429.jpg,1,1,3,3,3855,0,0,3855,0,0,0,1,0
218bbc6fe.jpg,1,1,3,3,4865,0,0,4865,0,0,0,1,0
218ef654a.jpg,0,0,,0,0,0,0,0,0,0,0,0,0
21927b07e.jpg,0,0,,0,0,0,0,0,0,0,0,0,0
219621d5d.jpg,1,1,3,3,346,0,0,346,0,0,0,1,0
219cd030a.jpg,0,0,,0,0,0,0,0,0,0,0,0,0
21a0c7160.jpg,1,1,3,3,7100,0,0,7100,0,0,0,1,0
21a5d2ddb.jpg,1,1,4,4,41546,0,0,0,41546,0,0,0,1
21a8354ac.jpg,0,0,,0,0,0,0,0,0,0,0,0,0
21ab6a3b2.jpg,1,2,1|3,1,19114,15101,0,4013,0,1,0,1,0
21ac40700.jpg,1,1,2,2,3710,0,3710,0,0,0,1,0,0
21af0ec58.jpg,1,1,3,3,29561,0,0,29561,0,0,0,1,0
21b335784.jpg,1,1,3,3,5098,0,0,5098,0,0,0,1,0
21bf9d854.jpg,1,1,1,1,3508,3508,0,0,0,1,0,0,0
21cb6d5d2.jpg,0,0,,0,0,0,0,0,0,0,0,0,0
21d2b3168.jpg,0,0,,0,0,0,0,0,0,0,0,0,0
21ea71d4a.jpg,1,1,3,3,9605,0,0,9605,0,0,0,1,0
21eb1e1aa.jpg,1,1,3,3,3890,0,0,3890,0,0,0,1,0
21ef20784.jpg,1,1,1,1,4385,4385,0,0,0,1,0,0,0
21ef923c8.jpg,0,0,,0,0,0,0,0,0,0,0,0,0
21f157362.jpg,1,1,3,3,19016,0,0,19016,0,0,0,1,0
21f89256c.jpg,1,1,1,1,1522,1522,0,0,0,1,0,0,0
21f997038.jpg,0,0,,0,0,0,0,0,0,0,0,0,0
21fb2df8d.jpg,1,1,1,1,9924,9924,0,0,0,1,0,0,0
220129a97.jpg,0,0,,0,0,0,0,0,0,0,0,0,0
22031aa8f.jpg,1,1,3,3,13107,0,0,13107,0,0,0,1,0
220e9e701.jpg,0,0,,0,0,0,0,0,0,0,0,0,0
22123f29f.jpg,1,1,1,1,3371,3371,0,0,0,1,0,0,0
221f866cc.jpg,1,1,3,3,4403,0,0,4403,0,0,0,1,0
2222a03b3.jpg,1,1,3,3,1292,0,0,1292,0,0,0,1,0
22255a58e.jpg,0,0,,0,0,0,0,0,0,0,0,0,0
2232e0c11.jpg,1,1,3,3,33163,0,0,33163,0,0,0,1,0
2238b12fe.jpg,0,0,,0,0,0,0,0,0,0,0,0,0
223e550cc.jpg,0,0,,0,0,0,0,0,0,0,0,0,0
22458f946.jpg,1,1,1,1,796,796,0,0,0,1,0,0,0
2247fd7f0.jpg,1,1,3,3,7594,0,0,7594,0,0,0,1,0
224e979b5.jpg,0,0,,0,0,0,0,0,0,0,0,0,0
2253d7244.jpg,1,1,3,3,24836,0,0,24836,0,0,0,1,0
22553cebc.jpg,1,1,3,3,11831,0,0,11831,0,0,0,1,0
2257ce176.jpg,0,0,,0,0,0,0,0,0,0,0,0,0
225ea601b.jpg,0,0,,0,0,0,0,0,0,0,0,0,0
225ef7f0d.jpg,1,1,3,3,24900,0,0,24900,0,0,0,1,0
2261e0f9c.jpg,1,1,3,3,60367,0,0,60367,0,0,0,1,0
226e7fd6c.jpg,1,1,3,3,11117,0,0,11117,0,0,0,1,0
22757e90a.jpg,0,0,,0,0,0,0,0,0,0,0,0,0
2276b004c.jpg,1,1,3,3,9941,0,0,9941,0,0,0,1,0
2279bbcc4.jpg,0,0,,0,0,0,0,0,0,0,0,0,0
227d0512b.jpg,1,1,3,3,2824,0,0,2824,0,0,0,1,0
22827c51d.jpg,1,1,3,3,8834,0,0,8834,0,0,0,1,0
2283f2183.jpg,1,1,3,3,7078,0,0,7078,0,0,0,1,0
228a7a896.jpg,0,0,,0,0,0,0,0,0,0,0,0,0
228ce0e24.jpg,0,0,,0,0,0,0,0,0,0,0,0,0
229500455.jpg,1,1,1,1,5368,5368,0,0,0,1,0,0,0
229906ed1.jpg,1,1,3,3,19447,0,0,19447,0,0,0,1,0
22a125a81.jpg,1,1,3,3,2664,0,0,2664,0,0,0,1,0
22a1c5ea1.jpg,0,0,,0,0,0,0,0,0,0,0,0,0
22a825813.jpg,1,1,2,2,3693,0,3693,0,0,0,1,0,0
22ac7041b.jpg,0,0,,0,0,0,0,0,0,0,0,0,0
22b2206c8.jpg,0,0,,0,0,0,0,0,0,0,0,0,0
22b459911.jpg,1,1,3,3,3643,0,0,3643,0,0,0,1,0
22bd428e0.jpg,1,1,3,3,5259,0,0,5259,0,0,0,1,0
22cabd56f.jpg,1,1,3,3,9574,0,0,9574,0,0,0,1,0
22d94f944.jpg,0,0,,0,0,0,0,0,0,0,0,0,0
22e05d569.jpg,1,1,3,3,12736,0,0,12736,0,0,0,1,0
22e2195c1.jpg,1,1,3,3,4603,0,0,4603,0,0,0,1,0
22e9830a3.jpg,1,1,3,3,2634,0,0,2634,0,0,0,1,0
22ee0a368.jpg,1,1,3,3,4044,0,0,4044,0,0,0,1,0
22f4a9477.jpg,0,0,,0,0,0,0,0,0,0,0,0,0
22f766f4c.jpg,0,0,,0,0,0,0,0,0,0,0,0,0
22f984bc6.jpg,0,0,,0,0,0,0,0,0,0,0,0,0
22fb4b286.jpg,1,1,3,3,7708,0,0,7708,0,0,0,1,0
230ce1940.jpg,0,0,,0,0,0,0,0,0,0,0,0,0
23109ddf4.jpg,0,0,,0,0,0,0,0,0,0,0,0,0
23115ad3a.jpg,1,1,4,4,12308,0,0,0,12308,0,0,0,1
23120f506.jpg,1,1,3,3,8391,0,0,8391,0,0,0,1,0
232256b21.jpg,1,1,1,1,7368,7368,0,0,0,1,0,0,0
23299a0bd.jpg,0,0,,0,0,0,0,0,0,0,0,0,0
232a62357.jpg,1,1,3,3,2932,0,0,2932,0,0,0,1,0
232eb5edd.jpg,0,0,,0,0,0,0,0,0,0,0,0,0
2338ed2ae.jpg,0,0,,0,0,0,0,0,0,0,0,0,0
234ba0510.jpg,1,1,3,3,12910,0,0,12910,0,0,0,1,0
235ba1dd3.jpg,1,1,3,3,17754,0,0,17754,0,0,0,1,0
2363aaa1f.jpg,0,0,,0,0,0,0,0,0,0,0,0,0
2365be47a.jpg,1,1,3,3,168648,0,0,168648,0,0,0,1,0
23783382d.jpg,1,1,3,3,18180,0,0,18180,0,0,0,1,0
237a50f6f.jpg,0,0,,0,0,0,0,0,0,0,0,0,0
2384602d3.jpg,0,0,,0,0,0,0,0,0,0,0,0,0
2386e70a6.jpg,0,0,,0,0,0,0,0,0,0,0,0,0
238cfd09f.jpg,1,1,3,3,12701,0,0,12701,0,0,0,1,0
238d6df92.jpg,1,1,3,3,9229,0,0,9229,0,0,0,1,0
2395db536.jpg,1,1,3,3,8782,0,0,8782,0,0,0,1,0
23b06f857.jpg,1,1,4,4,12671,0,0,0,12671,0,0,0,1
23b787894.jpg,1,1,3,3,3581,0,0,3581,0,0,0,1,0
23bb4d637.jpg,1,1,3,3,29367,0,0,29367,0,0,0,1,0
23c3474fb.jpg,1,1,3,3,55970,0,0,55970,0,0,0,1,0
23c450c03.jpg,1,1,1,1,2299,2299,0,0,0,1,0,0,0
23c9c6cba.jpg,1,1,3,3,10260,0,0,10260,0,0,0,1,0
23d529481.jpg,0,0,,0,0,0,0,0,0,0,0,0,0
23d77b3df.jpg,1,1,3,3,91172,0,0,91172,0,0,0,1,0
23db57033.jpg,1,1,3,3,14336,0,0,14336,0,0,0,1,0
23e46abf1.jpg,0,0,,0,0,0,0,0,0,0,0,0,0
23e4a530a.jpg,1,1,2,2,6830,0,6830,0,0,0,1,0,0
23e517b52.jpg,0,0,,0,0,0,0,0,0,0,0,0,0
23e5dd080.jpg,1,1,1,1,2222,2222,0,0,0,1,0,0,0
23e7d294b.jpg,1,1,3,3,23563,0,0,23563,0,0,0,1,0
23f0398a4.jpg,0,0,,0,0,0,0,0,0,0,0,0,0
23fd97f0f.jpg,0,0,,0,0,0,0,0,0,0,0,0,0
24066d57e.jpg,1,1,1,1,1106,1106,0,0,0,1,0,0,0
24098fc10.jpg,0,0,,0,0,0,0,0,0,0,0,0,0
24154161c.jpg,1,1,4,4,33703,0,0,0,33703,0,0,0,1
241abf136.jpg,1,1,3,3,32507,0,0,32507,0,0,0,1,0
241cd2982.jpg,1,1,3,3,47655,0,0,47655,0,0,0,1,0
241d3ed81.jpg,1,1,3,3,26756,0,0,26756,0,0,0,1,0
24256f234.jpg,1,1,3,3,33446,0,0,33446,0,0,0,1,0
242894fc4.jpg,1,1,4,4,7161,0,0,0,7161,0,0,0,1
2433ff110.jpg,0,0,,0,0,0,0,0,0,0,0,0,0
2434f1395.jpg,1,1,3,3,21884,0,0,21884,0,0,0,1,0
243685594.jpg,0,0,,0,0,0,0,0,0,0,0,0,0
2441b5d16.jpg,0,0,,0,0,0,0,0,0,0,0,0,0
244c592ab.jpg,0,0,,0,0,0,0,0,0,0,0,0,0
24528b550.jpg,1,1,3,3,14872,0,0,14872,0,0,0,1,0
2453b68e2.jpg,1,1,3,3,59243,0,0,59243,0,0,0,1,0
2454d3770.jpg,0,0,,0,0,0,0,0,0,0,0,0,0
245977e7d.jpg,0,0,,0,0,0,0,0,0,0,0,0,0
2467e2b6e.jpg,1,1,3,3,10683,0,0,10683,0,0,0,1,0
2468a601b.jpg,0,0,,0,0,0,0,0,0,0,0,0,0
246b05513.jpg,0,0,,0,0,0,0,0,0,0,0,0,0
246e70ffd.jpg,0,0,,0,0,0,0,0,0,0,0,0,0
247108a1c.jpg,1,1,3,3,6622,0,0,6622,0,0,0,1,0
24754bd08.jpg,0,0,,0,0,0,0,0,0,0,0,0,0
247b9b104.jpg,0,0,,0,0,0,0,0,0,0,0,0,0
248220d45.jpg,1,1,3,3,60119,0,0,60119,0,0,0,1,0
248585a26.jpg,1,2,3|4,4,86650,0,0,39289,47361,0,0,1,1
248660ca9.jpg,0,0,,0,0,0,0,0,0,0,0,0,0
24884c39c.jpg,1,1,3,3,23051,0,0,23051,0,0,0,1,0
2490c490c.jpg,1,2,3|4,3,83017,0,0,53458,29559,0,0,1,1
2491d607d.jpg,1,1,3,3,9984,0,0,9984,0,0,0,1,0
249b7d301.jpg,0,0,,0,0,0,0,0,0,0,0,0,0
249f5fa64.jpg,0,0,,0,0,0,0,0,0,0,0,0,0
249f9dfdd.jpg,1,1,3,3,19431,0,0,19431,0,0,0,1,0
24a03ba27.jpg,0,0,,0,0,0,0,0,0,0,0,0,0
24a91d324.jpg,1,1,3,3,3040,0,0,3040,0,0,0,1,0
24aa8d834.jpg,0,0,,0,0,0,0,0,0,0,0,0,0
24ae96cd5.jpg,1,1,4,4,10212,0,0,0,10212,0,0,0,1
24af86df2.jpg,0,0,,0,0,0,0,0,0,0,0,0,0
24b29d740.jpg,1,1,4,4,6752,0,0,0,6752,0,0,0,1
24c3b9e78.jpg,0,0,,0,0,0,0,0,0,0,0,0,0
24c9c291d.jpg,1,1,3,3,49756,0,0,49756,0,0,0,1,0
24cd3df31.jpg,0,0,,0,0,0,0,0,0,0,0,0,0
24d46a3f8.jpg,1,1,3,3,1066,0,0,1066,0,0,0,1,0
24d88228f.jpg,1,1,3,3,52877,0,0,52877,0,0,0,1,0
24db6ba0d.jpg,1,1,1,1,4390,4390,0,0,0,1,0,0,0
24debd5d7.jpg,1,1,3,3,45508,0,0,45508,0,0,0,1,0
24e125a16.jpg,1,1,2,2,879,0,879,0,0,0,1,0,0
24e21e85a.jpg,1,1,3,3,22420,0,0,22420,0,0,0,1,0
24e249331.jpg,1,1,3,3,14507,0,0,14507,0,0,0,1,0
24e3826ff.jpg,1,1,3,3,2640,0,0,2640,0,0,0,1,0
24f34efc1.jpg,0,0,,0,0,0,0,0,0,0,0,0,0
24f4f7819.jpg,0,0,,0,0,0,0,0,0,0,0,0,0
24fce7ae0.jpg,1,1,3,3,12307,0,0,12307,0,0,0,1,0
24fdedc37.jpg,1,1,4,4,45958,0,0,0,45958,0,0,0,1
250107a1b.jpg,1,1,3,3,7003,0,0,7003,0,0,0,1,0
2507ce3e3.jpg,1,1,3,3,24732,0,0,24732,0,0,0,1,0
250f61fb3.jpg,0,0,,0,0,0,0,0,0,0,0,0,0
2511b18de.jpg,0,0,,0,0,0,0,0,0,0,0,0,0
2511b27f5.jpg,1,1,3,3,1857,0,0,1857,0,0,0,1,0
251ed373d.jpg,1,1,3,3,585,0,0,585,0,0,0,1,0
2527831fa.jpg,1,1,3,3,2547,0,0,2547,0,0,0,1,0
252952efa.jpg,0,0,,0,0,0,0,0,0,0,0,0,0
252c10c1a.jpg,1,1,3,3,4970,0,0,4970,0,0,0,1,0
252e1de8b.jpg,1,1,3,3,19622,0,0,19622,0,0,0,1,0
2530c41a1.jpg,0,0,,0,0,0,0,0,0,0,0,0,0
25337cb38.jpg,1,1,3,3,4415,0,0,4415,0,0,0,1,0
2538237d0.jpg,0,0,,0,0,0,0,0,0,0,0,0,0
254c52b64.jpg,1,1,1,1,2154,2154,0,0,0,1,0,0,0
254f1326a.jpg,0,0,,0,0,0,0,0,0,0,0,0,0
25515c2f6.jpg,1,1,3,3,118110,0,0,118110,0,0,0,1,0
25548e840.jpg,1,1,3,3,7275,0,0,7275,0,0,0,1,0
2555226ad.jpg,0,0,,0,0,0,0,0,0,0,0,0,0
2558c43bf.jpg,1,2,3|4,3,105020,0,0,52608,52412,0,0,1,1
255a79790.jpg,0,0,,0,0,0,0,0,0,0,0,0,0
255dde01e.jpg,0,0,,0,0,0,0,0,0,0,0,0,0
2560e7b91.jpg,1,1,4,4,133065,0,0,0,133065,0,0,0,1
256f19e24.jpg,0,0,,0,0,0,0,0,0,0,0,0,0
25737d300.jpg,1,1,3,3,9424,0,0,9424,0,0,0,1,0
257d02460.jpg,0,0,,0,0,0,0,0,0,0,0,0,0
258890040.jpg,0,0,,0,0,0,0,0,0,0,0,0,0
2588f15b8.jpg,0,0,,0,0,0,0,0,0,0,0,0,0
259d812b3.jpg,1,1,3,3,14549,0,0,14549,0,0,0,1,0
259fcd803.jpg,0,0,,0,0,0,0,0,0,0,0,0,0
25b4312a0.jpg,0,0,,0,0,0,0,0,0,0,0,0,0
25b57b528.jpg,1,1,3,3,93426,0,0,93426,0,0,0,1,0
25b9fd0af.jpg,0,0,,0,0,0,0,0,0,0,0,0,0
25ba4dfae.jpg,1,2,3|4,3,59901,0,0,41161,18740,0,0,1,1
25bc3a693.jpg,0,0,,0,0,0,0,0,0,0,0,0,0
25c0df351.jpg,1,1,3,3,5071,0,0,5071,0,0,0,1,0
25c8f7153.jpg,1,1,3,3,185201,0,0,185201,0,0,0,1,0
25c940a74.jpg,1,1,3,3,30323,0,0,30323,0,0,0,1,0
25ccece7f.jpg,1,1,3,3,2907,0,0,2907,0,0,0,1,0
25da9588e.jpg,0,0,,0,0,0,0,0,0,0,0,0,0
25e4f6ba7.jpg,0,0,,0,0,0,0,0,0,0,0,0,0
25e74a78a.jpg,1,1,3,3,10722,0,0,10722,0,0,0,1,0
25f9a8622.jpg,1,1,4,4,10710,0,0,0,10710,0,0,0,1
25fc987a1.jpg,1,1,3,3,54104,0,0,54104,0,0,0,1,0
260928695.jpg,0,0,,0,0,0,0,0,0,0,0,0,0
260e316eb.jpg,1,1,4,4,17890,0,0,0,17890,0,0,0,1
260ee2f59.jpg,1,1,3,3,23078,0,0,23078,0,0,0,1,0
26103f6a4.jpg,0,0,,0,0,0,0,0,0,0,0,0,0
2611b46f6.jpg,1,1,3,3,61216,0,0,61216,0,0,0,1,0
261c6d458.jpg,1,1,3,3,8771,0,0,8771,0,0,0,1,0
26221a880.jpg,0,0,,0,0,0,0,0,0,0,0,0,0
2622f876d.jpg,0,0,,0,0,0,0,0,0,0,0,0,0
26272c2a7.jpg,1,1,4,4,96406,0,0,0,96406,0,0,0,1
262d788d8.jpg,0,0,,0,0,0,0,0,0,0,0,0,0
262db4b7e.jpg,1,1,1,1,12406,12406,0,0,0,1,0,0,0
262dd5083.jpg,0,0,,0,0,0,0,0,0,0,0,0,0
26364af58.jpg,0,0,,0,0,0,0,0,0,0,0,0,0
263e60865.jpg,0,0,,0,0,0,0,0,0,0,0,0,0
2648c3348.jpg,0,0,,0,0,0,0,0,0,0,0,0,0
265c5dac3.jpg,0,0,,0,0,0,0,0,0,0,0,0,0
267aa0d33.jpg,1,2,3|4,4,45719,0,0,16627,29092,0,0,1,1
268446e17.jpg,1,1,2,2,1313,0,1313,0,0,0,1,0,0
268f0fa63.jpg,1,2,1|3,3,3452,1611,0,1841,0,1,0,1,0
2694c98fb.jpg,1,1,3,3,25682,0,0,25682,0,0,0,1,0
26a5791d4.jpg,0,0,,0,0,0,0,0,0,0,0,0,0
26a8ac13a.jpg,0,0,,0,0,0,0,0,0,0,0,0,0
26a99fc0b.jpg,0,0,,0,0,0,0,0,0,0,0,0,0
26b0e74fe.jpg,1,1,3,3,17068,0,0,17068,0,0,0,1,0
26b980260.jpg,1,1,3,3,5635,0,0,5635,0,0,0,1,0
26bcc93ff.jpg,0,0,,0,0,0,0,0,0,0,0,0,0
26c156283.jpg,1,1,1,1,2102,2102,0,0,0,1,0,0,0
26c1fc24e.jpg,1,1,3,3,1029,0,0,1029,0,0,0,1,0
26c3a7dd5.jpg,1,1,3,3,24399,0,0,24399,0,0,0,1,0
26c4b5697.jpg,0,0,,0,0,0,0,0,0,0,0,0,0
26c4eacfa.jpg,0,0,,0,0,0,0,0,0,0,0,0,0
26d12b1c1.jpg,0,0,,0,0,0,0,0,0,0,0,0,0
26d43765f.jpg,1,1,3,3,9955,0,0,9955,0,0,0,1,0
26e034336.jpg,0,0,,0,0,0,0,0,0,0,0,0,0
26eecdd24.jpg,0,0,,0,0,0,0,0,0,0,0,0,0
26ef69c0f.jpg,0,0,,0,0,0,0,0,0,0,0,0,0
26f6f4c72.jpg,1,1,3,3,9344,0,0,9344,0,0,0,1,0
270cc7da8.jpg,0,0,,0,0,0,0,0,0,0,0,0,0
270f400fc.jpg,0,0,,0,0,0,0,0,0,0,0,0,0
270f5361d.jpg,1,1,3,3,41277,0,0,41277,0,0,0,1,0
27116d428.jpg,0,0,,0,0,0,0,0,0,0,0,0,0
271551c4f.jpg,1,1,3,3,23949,0,0,23949,0,0,0,1,0
2719e3b47.jpg,1,1,3,3,15539,0,0,15539,0,0,0,1,0
271f3eb1f.jpg,0,0,,0,0,0,0,0,0,0,0,0,0
2720732e7.jpg,1,1,3,3,5087,0,0,5087,0,0,0,1,0
27207fb2e.jpg,1,1,3,3,3141,0,0,3141,0,0,0,1,0
2722e2ba6.jpg,1,1,3,3,5120,0,0,5120,0,0,0,1,0
2725ee8d6.jpg,1,1,3,3,13335,0,0,13335,0,0,0,1,0
2729ddc56.jpg,0,0,,0,0,0,0,0,0,0,0,0,0
2731f7830.jpg,1,2,3|4,4,41024,0,0,18939,22085,0,0,1,1
2741274d7.jpg,1,1,3,3,2743,0,0,2743,0,0,0,1,0
2744b6b26.jpg,1,1,3,3,64950,0,0,64950,0,0,0,1,0
2745ecf6b.jpg,1,1,3,3,14847,0,0,14847,0,0,0,1,0
2749c24a9.jpg,1,1,4,4,4608,0,0,0,4608,0,0,0,1
274b1d54b.jpg,1,1,3,3,12136,0,0,12136,0,0,0,1,0
2752d4d1d.jpg,0,0,,0,0,0,0,0,0,0,0,0,0
2757df221.jpg,1,1,4,4,67428,0,0,0,67428,0,0,0,1
275e3bca6.jpg,1,1,3,3,14080,0,0,14080,0,0,0,1,0
275edf40b.jpg,0,0,,0,0,0,0,0,0,0,0,0,0
276111a31.jpg,1,1,3,3,51709,0,0,51709,0,0,0,1,0
27623931a.jpg,0,0,,0,0,0,0,0,0,0,0,0,0
2763c7f16.jpg,0,0,,0,0,0,0,0,0,0,0,0,0
2764c0af9.jpg,0,0,,0,0,0,0,0,0,0,0,0,0
2770fe933.jpg,1,1,4,4,14260,0,0,0,14260,0,0,0,1
2776642e1.jpg,1,1,3,3,29293,0,0,29293,0,0,0,1,0
2777ae1e1.jpg,0,0,,0,0,0,0,0,0,0,0,0,0
277b133dc.jpg,1,1,3,3,57465,0,0,57465,0,0,0,1,0
277c7771d.jpg,0,0,,0,0,0,0,0,0,0,0,0,0
277e3727f.jpg,1,1,3,3,4462,0,0,4462,0,0,0,1,0
277ebde3b.jpg,1,1,1,1,3505,3505,0,0,0,1,0,0,0
27824360e.jpg,0,0,,0,0,0,0,0,0,0,0,0,0
2789df930.jpg,1,1,2,2,1564,0,1564,0,0,0,1,0,0
278a21a00.jpg,1,1,3,3,14672,0,0,14672,0,0,0,1,0
2797387f0.jpg,0,0,,0,0,0,0,0,0,0,0,0,0
279af89c7.jpg,1,1,3,3,6922,0,0,6922,0,0,0,1,0
279b82aaf.jpg,1,1,3,3,3058,0,0,3058,0,0,0,1,0
27b1670da.jpg,1,1,3,3,7567,0,0,7567,0,0,0,1,0
27b3f78bc.jpg,0,0,,0,0,0,0,0,0,0,0,0,0
27b7ce725.jpg,1,1,3,3,11443,0,0,11443,0,0,0,1,0
27bae6729.jpg,0,0,,0,0,0,0,0,0,0,0,0,0
27bb9ff91.jpg,0,0,,0,0,0,0,0,0,0,0,0,0
27c8a46af.jpg,0,0,,0,0,0,0,0,0,0,0,0,0
27ca5333a.jpg,0,0,,0,0,0,0,0,0,0,0,0,0
27d95964a.jpg,1,1,1,1,2911,2911,0,0,0,1,0,0,0
27e291687.jpg,1,1,3,3,5526,0,0,5526,0,0,0,1,0
27e3c4a82.jpg,0,0,,0,0,0,0,0,0,0,0,0,0
27f0f986f.jpg,0,0,,0,0,0,0,0,0,0,0,0,0
27f331654.jpg,0,0,,0,0,0,0,0,0,0,0,0,0
27f44281b.jpg,1,2,1|3,1,4483,3889,0,594,0,1,0,1,0
27f830690.jpg,1,1,3,3,7910,0,0,7910,0,0,0,1,0
27f99b836.jpg,1,1,1,1,8186,8186,0,0,0,1,0,0,0
27f9c23bd.jpg,0,0,,0,0,0,0,0,0,0,0,0,0
27faa1de7.jpg,1,1,3,3,14189,0,0,14189,0,0,0,1,0
27fb17019.jpg,1,1,3,3,3825,0,0,3825,0,0,0,1,0
27ff1f9f7.jpg,0,0,,0,0,0,0,0,0,0,0,0,0
28045eb99.jpg,0,0,,0,0,0,0,0,0,0,0,0,0
280dbbace.jpg,1,1,4,4,15695,0,0,0,15695,0,0,0,1
28146d20d.jpg,0,0,,0,0,0,0,0,0,0,0,0,0
28241874f.jpg,1,1,3,3,5504,0,0,5504,0,0,0,1,0
282425786.jpg,1,1,3,3,6528,0,0,6528,0,0,0,1,0
282cd397d.jpg,1,2,3|4,4,60473,0,0,8232,52241,0,0,1,1
284639f13.jpg,1,1,1,1,3400,3400,0,0,0,1,0,0,0
2849ca6b8.jpg,0,0,,0,0,0,0,0,0,0,0,0,0
284f0aee6.jpg,1,1,3,3,41451,0,0,41451,0,0,0,1,0
284fa3b23.jpg,0,0,,0,0,0,0,0,0,0,0,0,0
2854206dc.jpg,0,0,,0,0,0,0,0,0,0,0,0,0
285781401.jpg,1,1,1,1,11235,11235,0,0,0,1,0,0,0
2858af68b.jpg,0,0,,0,0,0,0,0,0,0,0,0,0
28661fd17.jpg,1,1,3,3,5100,0,0,5100,0,0,0,1,0
2866cf8b6.jpg,0,0,,0,0,0,0,0,0,0,0,0,0
286d2eb1c.jpg,1,1,3,3,14841,0,0,14841,0,0,0,1,0
286e0559b.jpg,1,1,3,3,95790,0,0,95790,0,0,0,1,0
286f459e6.jpg,1,2,3|4,3,47176,0,0,30298,16878,0,0,1,1
288015608.jpg,0,0,,0,0,0,0,0,0,0,0,0,0
288314368.jpg,0,0,,0,0,0,0,0,0,0,0,0,0
288af8e54.jpg,0,0,,0,0,0,0,0,0,0,0,0,0
289d03d64.jpg,1,1,3,3,31660,0,0,31660,0,0,0,1,0
289ea00a3.jpg,0,0,,0,0,0,0,0,0,0,0,0,0
28a1ea8c2.jpg,1,1,3,3,22850,0,0,22850,0,0,0,1,0
28a3f7928.jpg,1,1,2,2,4608,0,4608,0,0,0,1,0,0
28a5ce277.jpg,0,0,,0,0,0,0,0,0,0,0,0,0
28a6ef562.jpg,1,1,3,3,7518,0,0,7518,0,0,0,1,0
28adb8aeb.jpg,1,1,1,1,6756,6756,0,0,0,1,0,0,0
28b24df26.jpg,0,0,,0,0,0,0,0,0,0,0,0,0
28b393fb3.jpg,0,0,,0,0,0,0,0,0,0,0,0,0
28b85d2d2.jpg,0,0,,0,0,0,0,0,0,0,0,0,0
28bc8094e.jpg,0,0,,0,0,0,0,0,0,0,0,0,0
28bcb3a6e.jpg,1,1,3,3,3498,0,0,3498,0,0,0,1,0
28d08d220.jpg,0,0,,0,0,0,0,0,0,0,0,0,0
28d523b58.jpg,1,1,1,1,6047,6047,0,0,0,1,0,0,0
28ecbd153.jpg,0,0,,0,0,0,0,0,0,0,0,0,0
28edbd61f.jpg,1,1,3,3,36343,0,0,36343,0,0,0,1,0
28eea1b0a.jpg,0,0,,0,0,0,0,0,0,0,0,0,0
28f005ffe.jpg,1,1,3,3,6565,0,0,6565,0,0,0,1,0
28f8c53de.jpg,1,1,3,3,27465,0,0,27465,0,0,0,1,0
29061ba6a.jpg,0,0,,0,0,0,0,0,0,0,0,0,0
2907229bf.jpg,0,0,,0,0,0,0,0,0,0,0,0,0
2907d9279.jpg,0,0,,0,0,0,0,0,0,0,0,0,0
290990afb.jpg,0,0,,0,0,0,0,0,0,0,0,0,0
290e00273.jpg,1,1,4,4,7338,0,0,0,7338,0,0,0,1
29124169b.jpg,1,1,3,3,5011,0,0,5011,0,0,0,1,0
2912df978.jpg,1,1,3,3,5654,0,0,5654,0,0,0,1,0
2912e9e24.jpg,1,1,3,3,157658,0,0,157658,0,0,0,1,0
2915687ca.jpg,0,0,,0,0,0,0,0,0,0,0,0,0
29242ac38.jpg,0,0,,0,0,0,0,0,0,0,0,0,0
2929284cc.jpg,1,1,3,3,38501,0,0,38501,0,0,0,1,0
2930b4f52.jpg,1,2,3|4,4,40435,0,0,15327,25108,0,0,1,1
2932c0dd3.jpg,1,1,3,3,63931,0,0,63931,0,0,0,1,0
29334d3ea.jpg,0,0,,0,0,0,0,0,0,0,0,0,0
2933c4fbc.jpg,0,0,,0,0,0,0,0,0,0,0,0,0
29348cadb.jpg,0,0,,0,0,0,0,0,0,0,0,0,0
29360cd19.jpg,0,0,,0,0,0,0,0,0,0,0,0,0
29420c716.jpg,1,1,3,3,1661,0,0,1661,0,0,0,1,0
294317265.jpg,0,0,,0,0,0,0,0,0,0,0,0,0
294adfb02.jpg,0,0,,0,0,0,0,0,0,0,0,0,0
294c646fd.jpg,1,1,3,3,5112,0,0,5112,0,0,0,1,0
294d6d5f8.jpg,1,1,3,3,30312,0,0,30312,0,0,0,1,0
294eb0ae9.jpg,0,0,,0,0,0,0,0,0,0,0,0,0
2959d7fb1.jpg,1,1,2,2,2570,0,2570,0,0,0,1,0,0
295e39efa.jpg,0,0,,0,0,0,0,0,0,0,0,0,0
2963d24c4.jpg,0,0,,0,0,0,0,0,0,0,0,0,0
2969217e8.jpg,1,2,1|2,1,9432,5381,4051,0,0,1,1,0,0
29694dc5d.jpg,1,1,4,4,75987,0,0,0,75987,0,0,0,1
296aa930a.jpg,0,0,,0,0,0,0,0,0,0,0,0,0
297f50d2d.jpg,0,0,,0,0,0,0,0,0,0,0,0,0
297fd2839.jpg,0,0,,0,0,0,0,0,0,0,0,0,0
298329e69.jpg,0,0,,0,0,0,0,0,0,0,0,0,0
2992fff3f.jpg,1,1,3,3,13555,0,0,13555,0,0,0,1,0
29936b461.jpg,1,1,1,1,5196,5196,0,0,0,1,0,0,0
299372050.jpg,0,0,,0,0,0,0,0,0,0,0,0,0
2994546cf.jpg,1,1,3,3,13279,0,0,13279,0,0,0,1,0
2995f68a3.jpg,0,0,,0,0,0,0,0,0,0,0,0,0
2999deba3.jpg,1,1,3,3,1154,0,0,1154,0,0,0,1,0
299a15c20.jpg,1,2,3|4,4,81880,0,0,5946,75934,0,0,1,1
299d06031.jpg,1,1,3,3,63033,0,0,63033,0,0,0,1,0
29a023a11.jpg,1,1,3,3,2501,0,0,2501,0,0,0,1,0
29a47d219.jpg,0,0,,0,0,0,0,0,0,0,0,0,0
29ae2bdc9.jpg,1,1,4,4,26273,0,0,0,26273,0,0,0,1
29b8c3350.jpg,0,0,,0,0,0,0,0,0,0,0,0,0
29c2b4ded.jpg,0,0,,0,0,0,0,0,0,0,0,0,0
29c39b183.jpg,1,2,1|3,1,12032,8806,0,3226,0,1,0,1,0
29c3aaed7.jpg,0,0,,0,0,0,0,0,0,0,0,0,0
29c9d8e14.jpg,0,0,,0,0,0,0,0,0,0,0,0,0
29d83d9ce.jpg,1,1,3,3,2945,0,0,2945,0,0,0,1,0
29da75230.jpg,1,1,3,3,3984,0,0,3984,0,0,0,1,0
29dc27ca2.jpg,1,1,3,3,8305,0,0,8305,0,0,0,1,0
29dcd28af.jpg,1,1,1,1,1619,1619,0,0,0,1,0,0,0
29df0834a.jpg,1,1,3,3,14551,0,0,14551,0,0,0,1,0
29e57e1de.jpg,1,1,3,3,2539,0,0,2539,0,0,0,1,0
29f50b1fd.jpg,1,1,1,1,1061,1061,0,0,0,1,0,0,0
29f80893c.jpg,1,1,3,3,4188,0,0,4188,0,0,0,1,0
29f9c04b5.jpg,0,0,,0,0,0,0,0,0,0,0,0,0
29ff8d6f4.jpg,1,1,3,3,4219,0,0,4219,0,0,0,1,0
2a07798b5.jpg,1,1,3,3,8983,0,0,8983,0,0,0,1,0
2a0876a27.jpg,0,0,,0,0,0,0,0,0,0,0,0,0
2a0d6f8d9.jpg,0,0,,0,0,0,0,0,0,0,0,0,0
2a113071b.jpg,1,1,3,3,5170,0,0,5170,0,0,0,1,0
2a184dcbe.jpg,1,1,3,3,12349,0,0,12349,0,0,0,1,0
2a1d78261.jpg,0,0,,0,0,0,0,0,0,0,0,0,0
2a351164a.jpg,1,1,3,3,2514,0,0,2514,0,0,0,1,0
2a374ceaa.jpg,1,1,3,3,105065,0,0,105065,0,0,0,1,0
2a407b8dd.jpg,1,1,3,3,67762,0,0,67762,0,0,0,1,0
2a4e81982.jpg,1,1,3,3,40538,0,0,40538,0,0,0,1,0
2a5181987.jpg,0,0,,0,0,0,0,0,0,0,0,0,0
2a5d7974b.jpg,0,0,,0,0,0,0,0,0,0,0,0,0
2a5fe1870.jpg,1,1,3,3,33922,0,0,33922,0,0,0,1,0
2a6669d9a.jpg,1,1,3,3,18479,0,0,18479,0,0,0,1,0
2a698fced.jpg,0,0,,0,0,0,0,0,0,0,0,0,0
2a74520ed.jpg,1,1,3,3,4531,0,0,4531,0,0,0,1,0
2a7dd397d.jpg,0,0,,0,0,0,0,0,0,0,0,0,0
2a7f8bab0.jpg,1,1,2,2,2609,0,2609,0,0,0,1,0,0
2a8096ad1.jpg,0,0,,0,0,0,0,0,0,0,0,0,0
2a84bb533.jpg,1,1,3,3,29568,0,0,29568,0,0,0,1,0
2a8a9529b.jpg,0,0,,0,0,0,0,0,0,0,0,0,0
2a8bd4103.jpg,0,0,,0,0,0,0,0,0,0,0,0,0
2a91edbe9.jpg,0,0,,0,0,0,0,0,0,0,0,0,0
2a95756e7.jpg,1,1,3,3,28466,0,0,28466,0,0,0,1,0
2a9e93a87.jpg,1,1,1,1,2180,2180,0,0,0,1,0,0,0
2ab6eed56.jpg,0,0,,0,0,0,0,0,0,0,0,0,0
2abff2a85.jpg,0,0,,0,0,0,0,0,0,0,0,0,0
2acd6db1e.jpg,0,0,,0,0,0,0,0,0,0,0,0,0
2ad931637.jpg,0,0,,0,0,0,0,0,0,0,0,0,0
2ae658a56.jpg,1,1,3,3,79145,0,0,79145,0,0,0,1,0
2aeb8dbd6.jpg,0,0,,0,0,0,0,0,0,0,0,0,0
2aec7fe3a.jpg,0,0,,0,0,0,0,0,0,0,0,0,0
2aed7977d.jpg,0,0,,0,0,0,0,0,0,0,0,0,0
2af23562d.jpg,0,0,,0,0,0,0,0,0,0,0,0,0
2af6d7182.jpg,0,0,,0,0,0,0,0,0,0,0,0,0
2af81ccb1.jpg,0,0,,0,0,0,0,0,0,0,0,0,0
2b0055ed4.jpg,1,1,3,3,2499,0,0,2499,0,0,0,1,0
2b01fd731.jpg,1,1,2,2,5552,0,5552,0,0,0,1,0,0
2b06b596f.jpg,0,0,,0,0,0,0,0,0,0,0,0,0
2b09e0923.jpg,0,0,,0,0,0,0,0,0,0,0,0,0
2b0d476d6.jpg,1,1,2,2,1658,0,1658,0,0,0,1,0,0
2b15517b1.jpg,1,1,3,3,51682,0,0,51682,0,0,0,1,0
2b1630571.jpg,0,0,,0,0,0,0,0,0,0,0,0,0
2b16d6f98.jpg,1,1,3,3,17535,0,0,17535,0,0,0,1,0
2b1ad9bae.jpg,0,0,,0,0,0,0,0,0,0,0,0,0
2b1d39d53.jpg,1,1,3,3,2204,0,0,2204,0,0,0,1,0
2b1f20578.jpg,1,1,3,3,35406,0,0,35406,0,0,0,1,0
2b29157fe.jpg,0,0,,0,0,0,0,0,0,0,0,0,0
2b2e02314.jpg,0,0,,0,0,0,0,0,0,0,0,0,0
2b33c67ea.jpg,1,1,3,3,11923,0,0,11923,0,0,0,1,0
2b449bdcf.jpg,1,1,3,3,1538,0,0,1538,0,0,0,1,0
2b4888475.jpg,0,0,,0,0,0,0,0,0,0,0,0,0
2b49fe17d.jpg,0,0,,0,0,0,0,0,0,0,0,0,0
2b53843e0.jpg,1,1,3,3,5722,0,0,5722,0,0,0,1,0
2b56830b9.jpg,0,0,,0,0,0,0,0,0,0,0,0,0
2b5d93909.jpg,0,0,,0,0,0,0,0,0,0,0,0,0
2b61e04e6.jpg,1,1,3,3,55281,0,0,55281,0,0,0,1,0
2b62b9cb1.jpg,0,0,,0,0,0,0,0,0,0,0,0,0
2b7156859.jpg,0,0,,0,0,0,0,0,0,0,0,0,0
2b7315722.jpg,1,1,3,3,33285,0,0,33285,0,0,0,1,0
2b8756d1b.jpg,1,1,3,3,2903,0,0,2903,0,0,0,1,0
2b878ae41.jpg,0,0,,0,0,0,0,0,0,0,0,0,0
2b8b658d7.jpg,0,0,,0,0,0,0,0,0,0,0,0,0
2b8dfbe0b.jpg,1,1,1,1,4124,4124,0,0,0,1,0,0,0
2b8fcb5b7.jpg,1,1,3,3,18745,0,0,18745,0,0,0,1,0
2b91b6d20.jpg,0,0,,0,0,0,0,0,0,0,0,0,0
2b9a7872a.jpg,0,0,,0,0,0,0,0,0,0,0,0,0
2ba1f2a4d.jpg,0,0,,0,0,0,0,0,0,0,0,0,0
2ba3dadde.jpg,1,1,3,3,8313,0,0,8313,0,0,0,1,0
2bad2deac.jpg,1,1,3,3,4381,0,0,4381,0,0,0,1,0
2bb9c8164.jpg,0,0,,0,0,0,0,0,0,0,0,0,0
2bc1a3aa1.jpg,0,0,,0,0,0,0,0,0,0,0,0,0
2bc3b7fce.jpg,1,1,3,3,14539,0,0,14539,0,0,0,1,0
2bc7c992b.jpg,0,0,,0,0,0,0,0,0,0,0,0,0
2bca350a2.jpg,0,0,,0,0,0,0,0,0,0,0,0,0
2bdb08a09.jpg,0,0,,0,0,0,0,0,0,0,0,0,0
2bdb48c91.jpg,1,1,1,1,5793,5793,0,0,0,1,0,0,0
2be0179d7.jpg,1,1,1,1,3242,3242,0,0,0,1,0,0,0
2be0229b6.jpg,1,1,3,3,3837,0,0,3837,0,0,0,1,0
2be7b0fb4.jpg,0,0,,0,0,0,0,0,0,0,0,0,0
2becf0002.jpg,0,0,,0,0,0,0,0,0,0,0,0,0
2bed8342d.jpg,1,1,4,4,18356,0,0,0,18356,0,0,0,1
2c061aed6.jpg,1,1,3,3,47686,0,0,47686,0,0,0,1,0
2c113de25.jpg,1,1,1,1,1002,1002,0,0,0,1,0,0,0
2c12af0fc.jpg,0,0,,0,0,0,0,0,0,0,0,0,0
2c14af3b2.jpg,0,0,,0,0,0,0,0,0,0,0,0,0
2c18ac76d.jpg,1,1,1,1,732,732,0,0,0,1,0,0,0
2c213b074.jpg,0,0,,0,0,0,0,0,0,0,0,0,0
2c23eefec.jpg,1,1,3,3,2789,0,0,2789,0,0,0,1,0
2c24736d5.jpg,1,1,3,3,2567,0,0,2567,0,0,0,1,0
2c2fa2f81.jpg,0,0,,0,0,0,0,0,0,0,0,0,0
2c37ea89f.jpg,1,2,1|3,1,6922,3634,0,3288,0,1,0,1,0
2c39e6ccb.jpg,1,1,3,3,88112,0,0,88112,0,0,0,1,0
2c3abe940.jpg,0,0,,0,0,0,0,0,0,0,0,0,0
2c405a793.jpg,0,0,,0,0,0,0,0,0,0,0,0,0
2c445e6a9.jpg,1,1,3,3,15390,0,0,15390,0,0,0,1,0
2c456d7e8.jpg,0,0,,0,0,0,0,0,0,0,0,0,0
2c4b101db.jpg,1,2,3|4,4,16885,0,0,3838,13047,0,0,1,1
2c4fd555c.jpg,1,1,3,3,12050,0,0,12050,0,0,0,1,0
2c5094bf8.jpg,0,0,,0,0,0,0,0,0,0,0,0,0
2c56741a3.jpg,1,1,3,3,22072,0,0,22072,0,0,0,1,0
2c57742c3.jpg,0,0,,0,0,0,0,0,0,0,0,0,0
2c581b76f.jpg,0,0,,0,0,0,0,0,0,0,0,0,0
2c63f60e3.jpg,1,1,3,3,7150,0,0,7150,0,0,0,1,0
2c64d5644.jpg,1,1,3,3,68769,0,0,68769,0,0,0,1,0
2c66fb097.jpg,0,0,,0,0,0,0,0,0,0,0,0,0
2c67e770e.jpg,0,0,,0,0,0,0,0,0,0,0,0,0
2c6b52b3f.jpg,1,1,3,3,85835,0,0,85835,0,0,0,1,0
2c6ee79c9.jpg,1,1,3,3,190117,0,0,190117,0,0,0,1,0
2c75ffa0e.jpg,0,0,,0,0,0,0,0,0,0,0,0,0
2c77b3fe1.jpg,0,0,,0,0,0,0,0,0,0,0,0,0
2c7e26f0d.jpg,1,1,1,1,5214,5214,0,0,0,1,0,0,0
2c8451aeb.jpg,0,0,,0,0,0,0,0,0,0,0,0,0
2c8a82986.jpg,0,0,,0,0,0,0,0,0,0,0,0,0
2c8c3cb8a.jpg,1,1,4,4,67678,0,0,0,67678,0,0,0,1
2c8d08d8d.jpg,1,1,3,3,1659,0,0,1659,0,0,0,1,0
2c8ff99fc.jpg,0,0,,0,0,0,0,0,0,0,0,0,0
2c9060446.jpg,0,0,,0,0,0,0,0,0,0,0,0,0
2c956317b.jpg,1,1,1,1,3336,3336,0,0,0,1,0,0,0
2ca3581f8.jpg,1,1,3,3,74353,0,0,74353,0,0,0,1,0
2cc298242.jpg,0,0,,0,0,0,0,0,0,0,0,0,0
2cc9a3573.jpg,0,0,,0,0,0,0,0,0,0,0,0,0
2cca3ddab.jpg,1,1,3,3,11846,0,0,11846,0,0,0,1,0
2ccef61c3.jpg,1,1,4,4,44273,0,0,0,44273,0,0,0,1
2cd524ca5.jpg,1,1,3,3,57457,0,0,57457,0,0,0,1,0
2cd7c2a1c.jpg,0,0,,0,0,0,0,0,0,0,0,0,0
2cdb702b8.jpg,0,0,,0,0,0,0,0,0,0,0,0,0
2ce026ee0.jpg,1,1,3,3,5834,0,0,5834,0,0,0,1,0
2cf368c20.jpg,0,0,,0,0,0,0,0,0,0,0,0,0
2cf487578.jpg,1,1,3,3,54796,0,0,54796,0,0,0,1,0
2cf6be112.jpg,0,0,,0,0,0,0,0,0,0,0,0,0
2cf9274ea.jpg,1,1,1,1,2041,2041,0,0,0,1,0,0,0
2cf9289c4.jpg,0,0,,0,0,0,0,0,0,0,0,0,0
2cfa58247.jpg,1,2,3|4,4,56037,0,0,27194,28843,0,0,1,1
2cfa7ea6f.jpg,1,1,1,1,1590,1590,0,0,0,1,0,0,0
2cffa3a1a.jpg,0,0,,0,0,0,0,0,0,0,0,0,0
2d078e609.jpg,0,0,,0,0,0,0,0,0,0,0,0,0
2d15d9135.jpg,1,1,3,3,4601,0,0,4601,0,0,0,1,0
2d1602c3f.jpg,0,0,,0,0,0,0,0,0,0,0,0,0
2d1658337.jpg,1,1,3,3,3884,0,0,3884,0,0,0,1,0
2d18eccdd.jpg,0,0,,0,0,0,0,0,0,0,0,0,0
2d196857a.jpg,1,1,3,3,155830,0,0,155830,0,0,0,1,0
2d26b9dda.jpg,1,1,1,1,1141,1141,0,0,0,1,0,0,0
2d26bebd3.jpg,0,0,,0,0,0,0,0,0,0,0,0,0
2d2fa87c7.jpg,0,0,,0,0,0,0,0,0,0,0,0,0
2d332f374.jpg,0,0,,0,0,0,0,0,0,0,0,0,0
2d35124f0.jpg,0,0,,0,0,0,0,0,0,0,0,0,0
2d36c0d07.jpg,0,0,,0,0,0,0,0,0,0,0,0,0
2d37a1ebe.jpg,1,1,4,4,19609,0,0,0,19609,0,0,0,1
2d3b4027c.jpg,0,0,,0,0,0,0,0,0,0,0,0,0
2d3c47b87.jpg,0,0,,0,0,0,0,0,0,0,0,0,0
2d4471837.jpg,1,1,3,3,1449,0,0,1449,0,0,0,1,0
2d586fa43.jpg,0,0,,0,0,0,0,0,0,0,0,0,0
2d5e1b155.jpg,0,0,,0,0,0,0,0,0,0,0,0,0
2d61e4f9f.jpg,1,2,3|4,4,74248,0,0,5763,68485,0,0,1,1
2d759458e.jpg,1,1,1,1,838,838,0,0,0,1,0,0,0
2d759a3be.jpg,0,0,,0,0,0,0,0,0,0,0,0,0
2d778a4c9.jpg,0,0,,0,0,0,0,0,0,0,0,0,0
2d7a69b1f.jpg,0,0,,0,0,0,0,0,0,0,0,0,0
2d7e4ce60.jpg,0,0,,0,0,0,0,0,0,0,0,0,0
2d8146e53.jpg,1,1,1,1,291,291,0,0,0,1,0,0,0
2d8215a6b.jpg,1,1,4,4,7270,0,0,0,7270,0,0,0,1
2d86d4f15.jpg,1,1,3,3,174,0,0,174,0,0,0,1,0
2d8cef5f6.jpg,1,1,3,3,13117,0,0,13117,0,0,0,1,0
2d8e8e789.jpg,1,1,3,3,54131,0,0,54131,0,0,0,1,0
2d94df675.jpg,1,1,3,3,12356,0,0,12356,0,0,0,1,0
2dadb2d12.jpg,0,0,,0,0,0,0,0,0,0,0,0,0
2db969d6b.jpg,1,1,3,3,85099,0,0,85099,0,0,0,1,0
2dbd01639.jpg,1,1,3,3,7662,0,0,7662,0,0,0,1,0
2dc1484ee.jpg,0,0,,0,0,0,0,0,0,0,0,0,0
2dc31340a.jpg,1,1,3,3,15449,0,0,15449,0,0,0,1,0
2dc3dd0a6.jpg,1,1,1,1,1193,1193,0,0,0,1,0,0,0
2dcff4a4e.jpg,1,1,3,3,16346,0,0,16346,0,0,0,1,0
2dd1084fb.jpg,0,0,,0,0,0,0,0,0,0,0,0,0
2dd290c91.jpg,1,1,3,3,3408,0,0,3408,0,0,0,1,0
2dd360833.jpg,1,1,3,3,89270,0,0,89270,0,0,0,1,0
2de22f59f.jpg,1,1,1,1,1200,1200,0,0,0,1,0,0,0
2de8838e1.jpg,0,0,,0,0,0,0,0,0,0,0,0,0
2dea5ac10.jpg,0,0,,0,0,0,0,0,0,0,0,0,0
2debaa43a.jpg,1,1,3,3,6406,0,0,6406,0,0,0,1,0
2decb23b0.jpg,1,1,3,3,5278,0,0,5278,0,0,0,1,0
2ded1960e.jpg,1,1,3,3,18530,0,0,18530,0,0,0,1,0
2df1da5bd.jpg,1,1,3,3,14448,0,0,14448,0,0,0,1,0
2df89d5c2.jpg,0,0,,0,0,0,0,0,0,0,0,0,0
2dfedfe3c.jpg,0,0,,0,0,0,0,0,0,0,0,0,0
2e0d5dde2.jpg,0,0,,0,0,0,0,0,0,0,0,0,0
2e0ef2076.jpg,0,0,,0,0,0,0,0,0,0,0,0,0
2e10357c2.jpg,1,1,1,1,6913,6913,0,0,0,1,0,0,0
2e12e1c6a.jpg,1,1,3,3,2636,0,0,2636,0,0,0,1,0
2e224953f.jpg,0,0,,0,0,0,0,0,0,0,0,0,0
2e29001f1.jpg,1,2,1|3,3,12974,4265,0,8709,0,1,0,1,0
2e2b38b6d.jpg,0,0,,0,0,0,0,0,0,0,0,0,0
2e2f5467c.jpg,1,1,3,3,8164,0,0,8164,0,0,0,1,0
2e35ebe13.jpg,1,1,3,3,61850,0,0,61850,0,0,0,1,0
2e3b354cd.jpg,1,1,3,3,4096,0,0,4096,0,0,0,1,0
2e3b90bc4.jpg,0,0,,0,0,0,0,0,0,0,0,0,0
2e4308ede.jpg,0,0,,0,0,0,0,0,0,0,0,0,0
2e4da1fd1.jpg,1,1,3,3,3535,0,0,3535,0,0,0,1,0
2e4fefc28.jpg,1,1,3,3,97701,0,0,97701,0,0,0,1,0
2e5127c3c.jpg,0,0,,0,0,0,0,0,0,0,0,0,0
2e531b831.jpg,0,0,,0,0,0,0,0,0,0,0,0,0
2e55a1149.jpg,1,1,3,3,76657,0,0,76657,0,0,0,1,0
2e5dab72b.jpg,1,1,3,3,178198,0,0,178198,0,0,0,1,0
2e69715ac.jpg,1,1,3,3,6207,0,0,6207,0,0,0,1,0
2e734ff06.jpg,1,1,3,3,14564,0,0,14564,0,0,0,1,0
2e812dff2.jpg,0,0,,0,0,0,0,0,0,0,0,0,0
2e8489244.jpg,1,1,3,3,54464,0,0,54464,0,0,0,1,0
2e84c0c34.jpg,1,1,3,3,3511,0,0,3511,0,0,0,1,0
2e8733afa.jpg,1,1,4,4,19284,0,0,0,19284,0,0,0,1
2e8734c46.jpg,1,1,4,4,44747,0,0,0,44747,0,0,0,1
2e8787425.jpg,0,0,,0,0,0,0,0,0,0,0,0,0
2e8f2ddb8.jpg,1,1,3,3,4607,0,0,4607,0,0,0,1,0
2e9170c14.jpg,1,1,3,3,4129,0,0,4129,0,0,0,1,0
2e97e0251.jpg,1,1,3,3,9131,0,0,9131,0,0,0,1,0
2ea4ad171.jpg,1,1,1,1,2533,2533,0,0,0,1,0,0,0
2eae7322b.jpg,1,1,3,3,36812,0,0,36812,0,0,0,1,0
2eb20e316.jpg,0,0,,0,0,0,0,0,0,0,0,0,0
2eb50a13e.jpg,1,1,3,3,4695,0,0,4695,0,0,0,1,0
2eb516639.jpg,0,0,,0,0,0,0,0,0,0,0,0,0
2eb80839e.jpg,0,0,,0,0,0,0,0,0,0,0,0,0
2ec10042f.jpg,1,1,1,1,2758,2758,0,0,0,1,0,0,0
2ec116cea.jpg,1,1,3,3,39403,0,0,39403,0,0,0,1,0
2ec4f0fa4.jpg,0,0,,0,0,0,0,0,0,0,0,0,0
2ec8d4b22.jpg,0,0,,0,0,0,0,0,0,0,0,0,0
2ec9eddd4.jpg,1,1,3,3,22185,0,0,22185,0,0,0,1,0
2edaf414b.jpg,0,0,,0,0,0,0,0,0,0,0,0,0
2ede3bc01.jpg,1,1,4,4,28342,0,0,0,28342,0,0,0,1
2eea8fb3c.jpg,0,0,,0,0,0,0,0,0,0,0,0,0
2eeed5102.jpg,1,1,1,1,4467,4467,0,0,0,1,0,0,0
2ef48ec18.jpg,0,0,,0,0,0,0,0,0,0,0,0,0
2ef5b3de1.jpg,1,1,3,3,2212,0,0,2212,0,0,0,1,0
2ef6ad027.jpg,1,1,3,3,43875,0,0,43875,0,0,0,1,0
2efbac12d.jpg,0,0,,0,0,0,0,0,0,0,0,0,0
2efdba8cd.jpg,1,1,3,3,2367,0,0,2367,0,0,0,1,0
2eff528e8.jpg,1,1,3,3,2411,0,0,2411,0,0,0,1,0
2f03dc294.jpg,0,0,,0,0,0,0,0,0,0,0,0,0
2f06514ea.jpg,1,1,3,3,4470,0,0,4470,0,0,0,1,0
2f08f1780.jpg,0,0,,0,0,0,0,0,0,0,0,0,0
2f0e00b02.jpg,0,0,,0,0,0,0,0,0,0,0,0,0
2f2053eff.jpg,1,1,3,3,2406,0,0,2406,0,0,0,1,0
2f20a50ea.jpg,0,0,,0,0,0,0,0,0,0,0,0,0
2f2afbcc4.jpg,0,0,,0,0,0,0,0,0,0,0,0,0
2f2cd264e.jpg,0,0,,0,0,0,0,0,0,0,0,0,0
2f3187c74.jpg,0,0,,0,0,0,0,0,0,0,0,0,0
2f3277628.jpg,1,1,4,4,91760,0,0,0,91760,0,0,0,1
2f390008f.jpg,1,1,3,3,35072,0,0,35072,0,0,0,1,0
2f396fbee.jpg,0,0,,0,0,0,0,0,0,0,0,0,0
2f3f663c0.jpg,0,0,,0,0,0,0,0,0,0,0,0,0
2f473296b.jpg,0,0,,0,0,0,0,0,0,0,0,0,0
2f48dbf0f.jpg,0,0,,0,0,0,0,0,0,0,0,0,0
2f4bcb852.jpg,0,0,,0,0,0,0,0,0,0,0,0,0
2f50cb21c.jpg,0,0,,0,0,0,0,0,0,0,0,0,0
2f54e2c00.jpg,1,1,4,4,13267,0,0,0,13267,0,0,0,1
2f5690028.jpg,1,1,3,3,12008,0,0,12008,0,0,0,1,0
2f5bc2750.jpg,0,0,,0,0,0,0,0,0,0,0,0,0
2f5d1e975.jpg,0,0,,0,0,0,0,0,0,0,0,0,0
2f61b4688.jpg,0,0,,0,0,0,0,0,0,0,0,0,0
2f62ab26c.jpg,0,0,,0,0,0,0,0,0,0,0,0,0
2f67f4bdf.jpg,0,0,,0,0,0,0,0,0,0,0,0,0
2f6858a91.jpg,1,1,3,3,354,0,0,354,0,0,0,1,0
2f69f62ae.jpg,1,1,3,3,5256,0,0,5256,0,0,0,1,0
2f6b7235e.jpg,1,1,3,3,3251,0,0,3251,0,0,0,1,0
2f6c4d0e7.jpg,1,1,1,1,2430,2430,0,0,0,1,0,0,0
2f6c8eab7.jpg,0,0,,0,0,0,0,0,0,0,0,0,0
2f6fd7d87.jpg,1,1,3,3,12266,0,0,12266,0,0,0,1,0
2f7334d6f.jpg,1,1,3,3,7986,0,0,7986,0,0,0,1,0
2f81193e3.jpg,1,1,3,3,38899,0,0,38899,0,0,0,1,0
2f8559032.jpg,1,1,4,4,24118,0,0,0,24118,0,0,0,1
2f8a16cc3.jpg,0,0,,0,0,0,0,0,0,0,0,0,0
2f8b63032.jpg,0,0,,0,0,0,0,0,0,0,0,0,0
2f8cf11d3.jpg,1,1,3,3,8566,0,0,8566,0,0,0,1,0
2f9e0e905.jpg,0,0,,0,0,0,0,0,0,0,0,0,0
2fa3a9f3e.jpg,1,1,3,3,16025,0,0,16025,0,0,0,1,0
2fa4df2ed.jpg,1,1,3,3,6427,0,0,6427,0,0,0,1,0
2fa87f2c8.jpg,0,0,,0,0,0,0,0,0,0,0,0,0
2fa90e9dc.jpg,0,0,,0,0,0,0,0,0,0,0,0,0
2fa996a4c.jpg,1,1,3,3,31959,0,0,31959,0,0,0,1,0
2fb37ce84.jpg,0,0,,0,0,0,0,0,0,0,0,0,0
2fb473bb4.jpg,0,0,,0,0,0,0,0,0,0,0,0,0
2fba73fa0.jpg,0,0,,0,0,0,0,0,0,0,0,0,0
2fbdc1244.jpg,1,1,3,3,4495,0,0,4495,0,0,0,1,0
2fbe62c04.jpg,0,0,,0,0,0,0,0,0,0,0,0,0
2fcd2c351.jpg,0,0,,0,0,0,0,0,0,0,0,0,0
2fcfb108a.jpg,1,2,3|4,4,60046,0,0,15135,44911,0,0,1,1
2fd206b23.jpg,0,0,,0,0,0,0,0,0,0,0,0,0
2fdafaf26.jpg,0,0,,0,0,0,0,0,0,0,0,0,0
2fdbd4394.jpg,0,0,,0,0,0,0,0,0,0,0,0,0
2fdfeea2f.jpg,0,0,,0,0,0,0,0,0,0,0,0,0
2fe09e89a.jpg,1,1,3,3,8202,0,0,8202,0,0,0,1,0
2fe5addf2.jpg,0,0,,0,0,0,0,0,0,0,0,0,0
2fe9f78c9.jpg,1,1,3,3,3368,0,0,3368,0,0,0,1,0
2feb1a4a9.jpg,0,0,,0,0,0,0,0,0,0,0,0,0
2feb3983d.jpg,0,0,,0,0,0,0,0,0,0,0,0,0
2fff134c7.jpg,1,1,3,3,10368,0,0,10368,0,0,0,1,0
300433e9c.jpg,0,0,,0,0,0,0,0,0,0,0,0,0
30070d59d.jpg,1,1,3,3,13324,0,0,13324,0,0,0,1,0
300a00766.jpg,1,1,3,3,37677,0,0,37677,0,0,0,1,0
300c525ff.jpg,1,1,3,3,7148,0,0,7148,0,0,0,1,0
301147683.jpg,0,0,,0,0,0,0,0,0,0,0,0,0
3012f44e9.jpg,1,1,3,3,45656,0,0,45656,0,0,0,1,0
301601620.jpg,1,1,1,1,7260,7260,0,0,0,1,0,0,0
30171214c.jpg,1,1,3,3,15818,0,0,15818,0,0,0,1,0
301fc5e57.jpg,1,1,3,3,81640,0,0,81640,0,0,0,1,0
302a94862.jpg,0,0,,0,0,0,0,0,0,0,0,0,0
3035a46b7.jpg,1,1,3,3,26299,0,0,26299,0,0,0,1,0
303613d84.jpg,0,0,,0,0,0,0,0,0,0,0,0,0
303870f1b.jpg,0,0,,0,0,0,0,0,0,0,0,0,0
303f1cb4c.jpg,0,0,,0,0,0,0,0,0,0,0,0,0
303f25bee.jpg,1,1,4,4,43568,0,0,0,43568,0,0,0,1
304083ca3.jpg,1,1,4,4,19902,0,0,0,19902,0,0,0,1
3041d63ba.jpg,1,1,3,3,51589,0,0,51589,0,0,0,1,0
3046d724c.jpg,0,0,,0,0,0,0,0,0,0,0,0,0
304c70aa5.jpg,0,0,,0,0,0,0,0,0,0,0,0,0
3055bb5b8.jpg,1,1,3,3,9724,0,0,9724,0,0,0,1,0
3057569fa.jpg,0,0,,0,0,0,0,0,0,0,0,0,0
306415665.jpg,1,1,3,3,368240,0,0,368240,0,0,0,1,0
306b1dbc1.jpg,1,1,3,3,31284,0,0,31284,0,0,0,1,0
3071e65a5.jpg,1,1,3,3,130538,0,0,130538,0,0,0,1,0
30799f11c.jpg,1,1,3,3,8888,0,0,8888,0,0,0,1,0
308803b04.jpg,0,0,,0,0,0,0,0,0,0,0,0,0
3088a6a0d.jpg,1,1,2,2,3213,0,3213,0,0,0,1,0,0
308c978a7.jpg,1,1,3,3,33586,0,0,33586,0,0,0,1,0
308cc088e.jpg,1,1,1,1,3284,3284,0,0,0,1,0,0,0
308f2e562.jpg,1,1,4,4,8949,0,0,0,8949,0,0,0,1
309488202.jpg,1,1,1,1,525,525,0,0,0,1,0,0,0
30979541d.jpg,0,0,,0,0,0,0,0,0,0,0,0,0
30a6a340c.jpg,1,1,2,2,5190,0,5190,0,0,0,1,0,0
30aad5362.jpg,0,0,,0,0,0,0,0,0,0,0,0,0
30b516c73.jpg,0,0,,0,0,0,0,0,0,0,0,0,0
30ba0b89a.jpg,1,1,3,3,10415,0,0,10415,0,0,0,1,0
30bb7b7a3.jpg,1,1,3,3,18427,0,0,18427,0,0,0,1,0
30c2d753f.jpg,1,1,3,3,10862,0,0,10862,0,0,0,1,0
30c3aa027.jpg,0,0,,0,0,0,0,0,0,0,0,0,0
30c4c4c6e.jpg,0,0,,0,0,0,0,0,0,0,0,0,0
30c53cda7.jpg,0,0,,0,0,0,0,0,0,0,0,0,0
30c6257c6.jpg,0,0,,0,0,0,0,0,0,0,0,0,0
30d00096d.jpg,1,1,3,3,2701,0,0,2701,0,0,0,1,0
30d75e19b.jpg,0,0,,0,0,0,0,0,0,0,0,0,0
30e2ae8a6.jpg,1,1,3,3,63350,0,0,63350,0,0,0,1,0
30e863a30.jpg,1,1,3,3,9876,0,0,9876,0,0,0,1,0
30ed4ed02.jpg,1,1,4,4,21465,0,0,0,21465,0,0,0,1
30edb873c.jpg,0,0,,0,0,0,0,0,0,0,0,0,0
30f5a0fae.jpg,0,0,,0,0,0,0,0,0,0,0,0,0
30f6cb778.jpg,1,2,3|4,4,120821,0,0,31133,89688,0,0,1,1
30fc6e17e.jpg,0,0,,0,0,0,0,0,0,0,0,0,0
30fd94c0e.jpg,0,0,,0,0,0,0,0,0,0,0,0,0
30ff9d12e.jpg,0,0,,0,0,0,0,0,0,0,0,0,0
310c89662.jpg,0,0,,0,0,0,0,0,0,0,0,0,0
310d141e6.jpg,0,0,,0,0,0,0,0,0,0,0,0,0
310e86f1a.jpg,0,0,,0,0,0,0,0,0,0,0,0,0
3116edfe6.jpg,1,1,3,3,3029,0,0,3029,0,0,0,1,0
31179375a.jpg,0,0,,0,0,0,0,0,0,0,0,0,0
311a05f93.jpg,0,0,,0,0,0,0,0,0,0,0,0,0
311edf4e4.jpg,1,1,1,1,6102,6102,0,0,0,1,0,0,0
311f6c34f.jpg,1,1,3,3,6082,0,0,6082,0,0,0,1,0
312224509.jpg,1,1,4,4,2708,0,0,0,2708,0,0,0,1
3124b1e5c.jpg,1,1,3,3,3229,0,0,3229,0,0,0,1,0
3125e8106.jpg,0,0,,0,0,0,0,0,0,0,0,0,0
31262e8f9.jpg,1,1,3,3,8100,0,0,8100,0,0,0,1,0
312997347.jpg,0,0,,0,0,0,0,0,0,0,0,0,0
312cbc2f8.jpg,0,0,,0,0,0,0,0,0,0,0,0,0
313a8c602.jpg,0,0,,0,0,0,0,0,0,0,0,0,0
313ae387c.jpg,0,0,,0,0,0,0,0,0,0,0,0,0
313b9ba80.jpg,1,1,1,1,1112,1112,0,0,0,1,0,0,0
313c72ff8.jpg,1,1,3,3,17781,0,0,17781,0,0,0,1,0
314088824.jpg,0,0,,0,0,0,0,0,0,0,0,0,0
31433d3b4.jpg,1,1,4,4,13752,0,0,0,13752,0,0,0,1
31450f104.jpg,0,0,,0,0,0,0,0,0,0,0,0,0
314558b5d.jpg,0,0,,0,0,0,0,0,0,0,0,0,0
3146ce8bb.jpg,0,0,,0,0,0,0,0,0,0,0,0,0
3151a23ab.jpg,0,0,,0,0,0,0,0,0,0,0,0,0
3153ea0ef.jpg,0,0,,0,0,0,0,0,0,0,0,0,0
315405789.jpg,1,1,4,4,2882,0,0,0,2882,0,0,0,1
3155bc129.jpg,1,1,3,3,15195,0,0,15195,0,0,0,1,0
315767421.jpg,0,0,,0,0,0,0,0,0,0,0,0,0
31579309c.jpg,1,1,3,3,1090,0,0,1090,0,0,0,1,0
3158e73b2.jpg,1,1,3,3,15934,0,0,15934,0,0,0,1,0
3159ee27a.jpg,1,1,3,3,6856,0,0,6856,0,0,0,1,0
3160151fd.jpg,0,0,,0,0,0,0,0,0,0,0,0,0
316414f82.jpg,1,1,3,3,1630,0,0,1630,0,0,0,1,0
316cafa11.jpg,0,0,,0,0,0,0,0,0,0,0,0,0
316f0236a.jpg,1,1,3,3,3980,0,0,3980,0,0,0,1,0
316f0cc50.jpg,1,1,3,3,47102,0,0,47102,0,0,0,1,0
31716f6ae.jpg,1,1,3,3,52166,0,0,52166,0,0,0,1,0
3186f3882.jpg,0,0,,0,0,0,0,0,0,0,0,0,0
318921a5a.jpg,0,0,,0,0,0,0,0,0,0,0,0,0
318ad28c6.jpg,0,0,,0,0,0,0,0,0,0,0,0,0
318e41ccb.jpg,0,0,,0,0,0,0,0,0,0,0,0,0
31960a851.jpg,0,0,,0,0,0,0,0,0,0,0,0,0
31970c97b.jpg,0,0,,0,0,0,0,0,0,0,0,0,0
31a1081e9.jpg,1,1,4,4,17925,0,0,0,17925,0,0,0,1
31a43a534.jpg,1,1,3,3,33215,0,0,33215,0,0,0,1,0
31a47584f.jpg,0,0,,0,0,0,0,0,0,0,0,0,0
31acd60ad.jpg,1,1,3,3,48017,0,0,48017,0,0,0,1,0
31b2a69f4.jpg,0,0,,0,0,0,0,0,0,0,0,0,0
31c047fae.jpg,0,0,,0,0,0,0,0,0,0,0,0,0
31cf10f6e.jpg,1,1,3,3,48289,0,0,48289,0,0,0,1,0
31d4bf60d.jpg,0,0,,0,0,0,0,0,0,0,0,0,0
31dbc2461.jpg,0,0,,0,0,0,0,0,0,0,0,0,0
31deb6516.jpg,1,1,1,1,7672,7672,0,0,0,1,0,0,0
31dee4189.jpg,1,1,3,3,28678,0,0,28678,0,0,0,1,0
31e86cf3a.jpg,1,1,3,3,5721,0,0,5721,0,0,0,1,0
31eda6a87.jpg,1,1,3,3,4608,0,0,4608,0,0,0,1,0
31ef144f8.jpg,0,0,,0,0,0,0,0,0,0,0,0,0
31f71b8a4.jpg,1,1,3,3,581,0,0,581,0,0,0,1,0
31fdbb560.jpg,1,1,4,4,9137,0,0,0,9137,0,0,0,1
320557243.jpg,1,1,1,1,2131,2131,0,0,0,1,0,0,0
3208877a7.jpg,0,0,,0,0,0,0,0,0,0,0,0,0
321975fb3.jpg,1,1,3,3,3603,0,0,3603,0,0,0,1,0
321a6df3f.jpg,1,1,3,3,9134,0,0,9134,0,0,0,1,0
3221a0d79.jpg,1,1,1,1,11122,11122,0,0,0,1,0,0,0
3223ad6e6.jpg,0,0,,0,0,0,0,0,0,0,0,0,0
323c5a20b.jpg,1,1,3,3,94851,0,0,94851,0,0,0,1,0
324a68581.jpg,0,0,,0,0,0,0,0,0,0,0,0,0
3256b55d4.jpg,0,0,,0,0,0,0,0,0,0,0,0,0
32578d3e5.jpg,1,1,3,3,7896,0,0,7896,0,0,0,1,0
325794217.jpg,0,0,,0,0,0,0,0,0,0,0,0,0
325af1d38.jpg,0,0,,0,0,0,0,0,0,0,0,0,0
3266ff34d.jpg,1,1,3,3,20716,0,0,20716,0,0,0,1,0
326d25e8c.jpg,1,1,3,3,8957,0,0,8957,0,0,0,1,0
326eadf51.jpg,0,0,,0,0,0,0,0,0,0,0,0,0
326f2e4b7.jpg,1,1,3,3,21039,0,0,21039,0,0,0,1,0
32854e5bf.jpg,0,0,,0,0,0,0,0,0,0,0,0,0
328c0fc75.jpg,1,1,3,3,44247,0,0,44247,0,0,0,1,0
329153502.jpg,0,0,,0,0,0,0,0,0,0,0,0,0
3294c9bd1.jpg,1,2,1|3,1,11204,6319,0,4885,0,1,0,1,0
329de935b.jpg,1,1,3,3,3459,0,0,3459,0,0,0,1,0
32a201cd2.jpg,0,0,,0,0,0,0,0,0,0,0,0,0
32a6666a3.jpg,1,1,3,3,6004,0,0,6004,0,0,0,1,0
32add31cd.jpg,0,0,,0,0,0,0,0,0,0,0,0,0
32afab66f.jpg,0,0,,0,0,0,0,0,0,0,0,0,0
32b45e155.jpg,0,0,,0,0,0,0,0,0,0,0,0,0
32b47f255.jpg,0,0,,0,0,0,0,0,0,0,0,0,0
32b55fcf1.jpg,0,0,,0,0,0,0,0,0,0,0,0,0
32dca5f32.jpg,1,1,3,3,3097,0,0,3097,0,0,0,1,0
32dfb96b8.jpg,0,0,,0,0,0,0,0,0,0,0,0,0
32eca38d5.jpg,1,1,3,3,18247,0,0,18247,0,0,0,1,0
32ed255a4.jpg,1,1,3,3,29423,0,0,29423,0,0,0,1,0
32efbaf94.jpg,1,1,3,3,76459,0,0,76459,0,0,0,1,0
32f8b72ec.jpg,0,0,,0,0,0,0,0,0,0,0,0,0
32fa68bed.jpg,1,1,3,3,5383,0,0,5383,0,0,0,1,0
331c4771c.jpg,0,0,,0,0,0,0,0,0,0,0,0,0
33226811d.jpg,1,1,3,3,4622,0,0,4622,0,0,0,1,0
3325e2266.jpg,1,1,1,1,1420,1420,0,0,0,1,0,0,0
33274bc41.jpg,0,0,,0,0,0,0,0,0,0,0,0,0
33279f0c5.jpg,0,0,,0,0,0,0,0,0,0,0,0,0
3328c4bf9.jpg,1,1,3,3,135367,0,0,135367,0,0,0,1,0
3329a8a7a.jpg,0,0,,0,0,0,0,0,0,0,0,0,0
332c2f40a.jpg,0,0,,0,0,0,0,0,0,0,0,0,0
332e21cbc.jpg,1,1,2,2,2122,0,2122,0,0,0,1,0,0
33368929c.jpg,1,1,2,2,902,0,902,0,0,0,1,0,0
333832839.jpg,1,1,3,3,16571,0,0,16571,0,0,0,1,0
333f7b0e6.jpg,0,0,,0,0,0,0,0,0,0,0,0,0
33468c501.jpg,0,0,,0,0,0,0,0,0,0,0,0,0
334a77fc4.jpg,1,1,3,3,23040,0,0,23040,0,0,0,1,0
334ecf3c3.jpg,1,1,3,3,4018,0,0,4018,0,0,0,1,0
334f9e098.jpg,0,0,,0,0,0,0,0,0,0,0,0,0
33514c0b1.jpg,1,1,3,3,98784,0,0,98784,0,0,0,1,0
335be17fa.jpg,1,1,3,3,8890,0,0,8890,0,0,0,1,0
3360184d3.jpg,0,0,,0,0,0,0,0,0,0,0,0,0
33612b7f6.jpg,0,0,,0,0,0,0,0,0,0,0,0,0
33653ce7d.jpg,0,0,,0,0,0,0,0,0,0,0,0,0
33691f767.jpg,0,0,,0,0,0,0,0,0,0,0,0,0
336f2abaa.jpg,0,0,,0,0,0,0,0,0,0,0,0,0
33705a505.jpg,1,1,3,3,6016,0,0,6016,0,0,0,1,0
33754aa9b.jpg,1,1,3,3,41978,0,0,41978,0,0,0,1,0
3377332c0.jpg,1,1,3,3,11493,0,0,11493,0,0,0,1,0
337cd6723.jpg,0,0,,0,0,0,0,0,0,0,0,0,0
3385f9e14.jpg,1,1,3,3,24599,0,0,24599,0,0,0,1,0
338d3b828.jpg,1,2,1|2,1,2972,1813,1159,0,0,1,1,0,0
3392cacb5.jpg,0,0,,0,0,0,0,0,0,0,0,0,0
33945043e.jpg,1,1,1,1,1353,1353,0,0,0,1,0,0,0
33a479d47.jpg,1,1,4,4,8414,0,0,0,8414,0,0,0,1
33a4b4335.jpg,1,1,3,3,11094,0,0,11094,0,0,0,1,0
33a63f8da.jpg,0,0,,0,0,0,0,0,0,0,0,0,0
33a835109.jpg,0,0,,0,0,0,0,0,0,0,0,0,0
33ab15385.jpg,1,1,3,3,43872,0,0,43872,0,0,0,1,0
33acf300d.jpg,1,1,3,3,19979,0,0,19979,0,0,0,1,0
33c961de1.jpg,1,1,3,3,22684,0,0,22684,0,0,0,1,0
33cba45f1.jpg,0,0,,0,0,0,0,0,0,0,0,0,0
33cc4c0df.jpg,0,0,,0,0,0,0,0,0,0,0,0,0
33d4fefac.jpg,1,1,3,3,34148,0,0,34148,0,0,0,1,0
33e32bbf2.jpg,1,1,1,1,10300,10300,0,0,0,1,0,0,0
33e7b3469.jpg,0,0,,0,0,0,0,0,0,0,0,0,0
33efa5aa8.jpg,0,0,,0,0,0,0,0,0,0,0,0,0
33f054f80.jpg,0,0,,0,0,0,0,0,0,0,0,0,0
33f34b728.jpg,1,1,3,3,3096,0,0,3096,0,0,0,1,0
33f5cdc5e.jpg,1,1,4,4,58525,0,0,0,58525,0,0,0,1
33fd408c6.jpg,0,0,,0,0,0,0,0,0,0,0,0,0
340364e5b.jpg,0,0,,0,0,0,0,0,0,0,0,0,0
3405695b6.jpg,1,1,3,3,40414,0,0,40414,0,0,0,1,0
3410a74a8.jpg,0,0,,0,0,0,0,0,0,0,0,0,0
3412f557e.jpg,1,1,3,3,289556,0,0,289556,0,0,0,1,0
34176656b.jpg,0,0,,0,0,0,0,0,0,0,0,0,0
341952a36.jpg,0,0,,0,0,0,0,0,0,0,0,0,0
3421407d5.jpg,0,0,,0,0,0,0,0,0,0,0,0,0
34294601c.jpg,0,0,,0,0,0,0,0,0,0,0,0,0
342a65f7b.jpg,1,2,3|4,3,7481,0,0,4135,3346,0,0,1,1
34349ea9e.jpg,1,1,4,4,5299,0,0,0,5299,0,0,0,1
343bec579.jpg,0,0,,0,0,0,0,0,0,0,0,0,0
343e101ee.jpg,1,1,3,3,42512,0,0,42512,0,0,0,1,0
344054b93.jpg,0,0,,0,0,0,0,0,0,0,0,0,0
3452f2319.jpg,0,0,,0,0,0,0,0,0,0,0,0,0
34561de46.jpg,1,1,3,3,1063,0,0,1063,0,0,0,1,0
345cf1dc3.jpg,1,1,3,3,6201,0,0,6201,0,0,0,1,0
3463eedaf.jpg,1,1,3,3,4143,0,0,4143,0,0,0,1,0
346458b63.jpg,0,0,,0,0,0,0,0,0,0,0,0,0
346542b68.jpg,0,0,,0,0,0,0,0,0,0,0,0,0
3467968c0.jpg,1,1,3,3,11802,0,0,11802,0,0,0,1,0
34796245f.jpg,0,0,,0,0,0,0,0,0,0,0,0,0
347a6612a.jpg,0,0,,0,0,0,0,0,0,0,0,0,0
348a12ffb.jpg,0,0,,0,0,0,0,0,0,0,0,0,0
348bfe68e.jpg,0,0,,0,0,0,0,0,0,0,0,0,0
34913b58d.jpg,1,1,1,1,1158,1158,0,0,0,1,0,0,0
349baa83f.jpg,1,1,3,3,73592,0,0,73592,0,0,0,1,0
349be04dc.jpg,1,1,1,1,1930,1930,0,0,0,1,0,0,0
34a5114d6.jpg,1,2,3|4,4,27679,0,0,12436,15243,0,0,1,1
34a94858a.jpg,1,1,3,3,10783,0,0,10783,0,0,0,1,0
34ada39f2.jpg,0,0,,0,0,0,0,0,0,0,0,0,0
34c77b57a.jpg,0,0,,0,0,0,0,0,0,0,0,0,0
34d5479f3.jpg,1,1,3,3,22250,0,0,22250,0,0,0,1,0
34d55e849.jpg,0,0,,0,0,0,0,0,0,0,0,0,0
34d73f3ad.jpg,1,2,1|3,1,10955,6840,0,4115,0,1,0,1,0
34d7b963b.jpg,0,0,,0,0,0,0,0,0,0,0,0,0
34dbb5229.jpg,0,0,,0,0,0,0,0,0,0,0,0,0
34ded2e0e.jpg,0,0,,0,0,0,0,0,0,0,0,0,0
34e1e9516.jpg,0,0,,0,0,0,0,0,0,0,0,0,0
34e5be38b.jpg,0,0,,0,0,0,0,0,0,0,0,0,0
34e9dd3fd.jpg,0,0,,0,0,0,0,0,0,0,0,0,0
34ed22913.jpg,0,0,,0,0,0,0,0,0,0,0,0,0
34ee04d85.jpg,1,1,3,3,3832,0,0,3832,0,0,0,1,0
34f8faf6d.jpg,1,1,3,3,1174,0,0,1174,0,0,0,1,0
34fa5d06c.jpg,0,0,,0,0,0,0,0,0,0,0,0,0
34fb31821.jpg,0,0,,0,0,0,0,0,0,0,0,0,0
34fc4e345.jpg,0,0,,0,0,0,0,0,0,0,0,0,0
3503a107c.jpg,0,0,,0,0,0,0,0,0,0,0,0,0
3505b6c74.jpg,0,0,,0,0,0,0,0,0,0,0,0,0
3505dd9f3.jpg,1,1,3,3,132216,0,0,132216,0,0,0,1,0
351077c4c.jpg,0,0,,0,0,0,0,0,0,0,0,0,0
351569b6a.jpg,1,1,3,3,26330,0,0,26330,0,0,0,1,0
351936382.jpg,1,1,3,3,8963,0,0,8963,0,0,0,1,0
352063998.jpg,1,1,1,1,7425,7425,0,0,0,1,0,0,0
3520eaa6d.jpg,1,1,3,3,1225,0,0,1225,0,0,0,1,0
3522dffe4.jpg,0,0,,0,0,0,0,0,0,0,0,0,0
352305070.jpg,0,0,,0,0,0,0,0,0,0,0,0,0
35248a277.jpg,1,1,3,3,6437,0,0,6437,0,0,0,1,0
35271f898.jpg,1,1,3,3,39483,0,0,39483,0,0,0,1,0
352774634.jpg,0,0,,0,0,0,0,0,0,0,0,0,0
352c15e36.jpg,1,1,3,3,10225,0,0,10225,0,0,0,1,0
353aeef37.jpg,0,0,,0,0,0,0,0,0,0,0,0,0
353e60eef.jpg,1,1,3,3,12101,0,0,12101,0,0,0,1,0
35451fe42.jpg,0,0,,0,0,0,0,0,0,0,0,0,0
354760e3e.jpg,1,1,3,3,140,0,0,140,0,0,0,1,0
354aec599.jpg,0,0,,0,0,0,0,0,0,0,0,0,0
354bf035a.jpg,1,1,4,4,5952,0,0,0,5952,0,0,0,1
354c2317a.jpg,0,0,,0,0,0,0,0,0,0,0,0,0
35619a8ec.jpg,0,0,,0,0,0,0,0,0,0,0,0,0
35665c5b9.jpg,1,1,3,3,9015,0,0,9015,0,0,0,1,0
3569610ca.jpg,0,0,,0,0,0,0,0,0,0,0,0,0
356a85fab.jpg,0,0,,0,0,0,0,0,0,0,0,0,0
356e7a71a.jpg,1,1,3,3,19220,0,0,19220,0,0,0,1,0
3571dc5a5.jpg,0,0,,0,0,0,0,0,0,0,0,0,0
3573170d7.jpg,0,0,,0,0,0,0,0,0,0,0,0,0
35737870a.jpg,0,0,,0,0,0,0,0,0,0,0,0,0
3574a9211.jpg,0,0,,0,0,0,0,0,0,0,0,0,0
357dee65a.jpg,1,1,3,3,47066,0,0,47066,0,0,0,1,0
3580d0438.jpg,0,0,,0,0,0,0,0,0,0,0,0,0
358a4fc0c.jpg,0,0,,0,0,0,0,0,0,0,0,0,0
358e87349.jpg,0,0,,0,0,0,0,0,0,0,0,0,0
35928cedc.jpg,0,0,,0,0,0,0,0,0,0,0,0,0
359442214.jpg,1,2,3|4,3,57829,0,0,46605,11224,0,0,1,1
3598309b5.jpg,1,1,3,3,9709,0,0,9709,0,0,0,1,0
359d48b4b.jpg,0,0,,0,0,0,0,0,0,0,0,0,0
359e3fb7c.jpg,1,1,3,3,5586,0,0,5586,0,0,0,1,0
35a8b85a8.jpg,1,1,4,4,12918,0,0,0,12918,0,0,0,1
35a9b77c6.jpg,1,1,4,4,32859,0,0,0,32859,0,0,0,1
35bcc10db.jpg,0,0,,0,0,0,0,0,0,0,0,0,0
35c80b6f0.jpg,1,1,3,3,3449,0,0,3449,0,0,0,1,0
35c9a3bfc.jpg,0,0,,0,0,0,0,0,0,0,0,0,0
35ce31284.jpg,1,1,3,3,6783,0,0,6783,0,0,0,1,0
35d142883.jpg,1,2,3|4,4,17764,0,0,4253,13511,0,0,1,1
35d245aa8.jpg,0,0,,0,0,0,0,0,0,0,0,0,0
35def034c.jpg,0,0,,0,0,0,0,0,0,0,0,0,0
35e091132.jpg,0,0,,0,0,0,0,0,0,0,0,0,0
35e0b450a.jpg,0,0,,0,0,0,0,0,0,0,0,0,0
35e3e1f32.jpg,0,0,,0,0,0,0,0,0,0,0,0,0
35f1de28e.jpg,0,0,,0,0,0,0,0,0,0,0,0,0
35fdf5c15.jpg,1,1,3,3,6795,0,0,6795,0,0,0,1,0
36025df84.jpg,1,1,4,4,64881,0,0,0,64881,0,0,0,1
3604dfc38.jpg,1,1,3,3,16640,0,0,16640,0,0,0,1,0
3612b5c6b.jpg,0,0,,0,0,0,0,0,0,0,0,0,0
3615bac54.jpg,0,0,,0,0,0,0,0,0,0,0,0,0
3615f1d69.jpg,0,0,,0,0,0,0,0,0,0,0,0,0
361f8df46.jpg,0,0,,0,0,0,0,0,0,0,0,0,0
3622e19a4.jpg,0,0,,0,0,0,0,0,0,0,0,0,0
362513350.jpg,0,0,,0,0,0,0,0,0,0,0,0,0
362970934.jpg,0,0,,0,0,0,0,0,0,0,0,0,0
362a1ae14.jpg,0,0,,0,0,0,0,0,0,0,0,0,0
362b4c3d0.jpg,1,1,3,3,28798,0,0,28798,0,0,0,1,0
3634c260a.jpg,0,0,,0,0,0,0,0,0,0,0,0,0
363519718.jpg,0,0,,0,0,0,0,0,0,0,0,0,0
363cb0c44.jpg,0,0,,0,0,0,0,0,0,0,0,0,0
363e841ad.jpg,1,1,3,3,27453,0,0,27453,0,0,0,1,0
363eb9fdc.jpg,1,1,3,3,5760,0,0,5760,0,0,0,1,0
3645f148f.jpg,0,0,,0,0,0,0,0,0,0,0,0,0
364c83806.jpg,1,1,3,3,3111,0,0,3111,0,0,0,1,0
364e66340.jpg,0,0,,0,0,0,0,0,0,0,0,0,0
3655ba8dc.jpg,0,0,,0,0,0,0,0,0,0,0,0,0
366248602.jpg,0,0,,0,0,0,0,0,0,0,0,0,0
36689bafd.jpg,0,0,,0,0,0,0,0,0,0,0,0,0
3668d5804.jpg,0,0,,0,0,0,0,0,0,0,0,0,0
366d37c62.jpg,0,0,,0,0,0,0,0,0,0,0,0,0
3672ac3e3.jpg,0,0,,0,0,0,0,0,0,0,0,0,0
3672e84bc.jpg,1,1,3,3,2805,0,0,2805,0,0,0,1,0
367553727.jpg,1,1,3,3,10179,0,0,10179,0,0,0,1,0
36778d414.jpg,0,0,,0,0,0,0,0,0,0,0,0,0
36789516a.jpg,1,1,3,3,4314,0,0,4314,0,0,0,1,0
367f86e4b.jpg,0,0,,0,0,0,0,0,0,0,0,0,0
3681a51f8.jpg,0,0,,0,0,0,0,0,0,0,0,0,0
3683f2409.jpg,0,0,,0,0,0,0,0,0,0,0,0,0
3684a95a8.jpg,1,1,3,3,2237,0,0,2237,0,0,0,1,0
3688df8e4.jpg,1,1,3,3,4728,0,0,4728,0,0,0,1,0
36979a804.jpg,1,1,1,1,9483,9483,0,0,0,1,0,0,0
369a359a7.jpg,0,0,,0,0,0,0,0,0,0,0,0,0
369ac4b0a.jpg,1,1,4,4,6874,0,0,0,6874,0,0,0,1
36a3259fa.jpg,1,1,3,3,18674,0,0,18674,0,0,0,1,0
36a39e435.jpg,1,1,4,4,11769,0,0,0,11769,0,0,0,1
36a630d2a.jpg,0,0,,0,0,0,0,0,0,0,0,0,0
36a689ebf.jpg,1,1,3,3,3060,0,0,3060,0,0,0,1,0
36a804181.jpg,1,1,3,3,4222,0,0,4222,0,0,0,1,0
36b8651aa.jpg,1,1,3,3,103393,0,0,103393,0,0,0,1,0
36bd8f2a7.jpg,0,0,,0,0,0,0,0,0,0,0,0,0
36bf3ef01.jpg,0,0,,0,0,0,0,0,0,0,0,0,0
36c07efbe.jpg,1,1,3,3,9085,0,0,9085,0,0,0,1,0
36cd2cde0.jpg,1,1,3,3,172566,0,0,172566,0,0,0,1,0
36da02b55.jpg,0,0,,0,0,0,0,0,0,0,0,0,0
36e512a45.jpg,1,1,1,1,4205,4205,0,0,0,1,0,0,0
36ea9270d.jpg,1,1,3,3,23859,0,0,23859,0,0,0,1,0
36ee3149e.jpg,1,1,4,4,14358,0,0,0,14358,0,0,0,1
36fef304b.jpg,0,0,,0,0,0,0,0,0,0,0,0,0
37009c774.jpg,1,1,3,3,41323,0,0,41323,0,0,0,1,0
3704cdfd6.jpg,1,1,1,1,13359,13359,0,0,0,1,0,0,0
370b998e7.jpg,1,1,3,3,7148,0,0,7148,0,0,0,1,0
3711a5456.jpg,1,1,4,4,81327,0,0,0,81327,0,0,0,1
3711ecc93.jpg,1,1,3,3,44690,0,0,44690,0,0,0,1,0
372862fde.jpg,0,0,,0,0,0,0,0,0,0,0,0,0
372bfd346.jpg,0,0,,0,0,0,0,0,0,0,0,0,0
37333b84a.jpg,1,1,3,3,10749,0,0,10749,0,0,0,1,0
3738d1881.jpg,1,1,3,3,107599,0,0,107599,0,0,0,1,0
373c6898f.jpg,1,1,3,3,26476,0,0,26476,0,0,0,1,0
373daa632.jpg,1,1,3,3,46730,0,0,46730,0,0,0,1,0
373ebde8b.jpg,1,1,1,1,11452,11452,0,0,0,1,0,0,0
3740a6dd1.jpg,1,1,3,3,2407,0,0,2407,0,0,0,1,0
374493292.jpg,1,1,4,4,6470,0,0,0,6470,0,0,0,1
374a718ca.jpg,0,0,,0,0,0,0,0,0,0,0,0,0
374d9c63f.jpg,1,1,4,4,25463,0,0,0,25463,0,0,0,1
374def89b.jpg,0,0,,0,0,0,0,0,0,0,0,0,0
375260eb6.jpg,0,0,,0,0,0,0,0,0,0,0,0,0
375a5eb85.jpg,0,0,,0,0,0,0,0,0,0,0,0,0
376504c33.jpg,0,0,,0,0,0,0,0,0,0,0,0,0
376d2291e.jpg,1,1,3,3,14485,0,0,14485,0,0,0,1,0
376f54c5f.jpg,0,0,,0,0,0,0,0,0,0,0,0,0
37715d87e.jpg,0,0,,0,0,0,0,0,0,0,0,0,0
3773d544e.jpg,0,0,,0,0,0,0,0,0,0,0,0,0
37782387c.jpg,1,1,3,3,7326,0,0,7326,0,0,0,1,0
377bb3c23.jpg,1,1,3,3,100620,0,0,100620,0,0,0,1,0
377ff90ad.jpg,1,1,3,3,9884,0,0,9884,0,0,0,1,0
378426794.jpg,0,0,,0,0,0,0,0,0,0,0,0,0
37926dcdc.jpg,0,0,,0,0,0,0,0,0,0,0,0,0
379e98755.jpg,1,1,3,3,90233,0,0,90233,0,0,0,1,0
37ab3a83a.jpg,0,0,,0,0,0,0,0,0,0,0,0,0
37acd89d2.jpg,1,1,3,3,1597,0,0,1597,0,0,0,1,0
37b33eda3.jpg,0,0,,0,0,0,0,0,0,0,0,0,0
37bbabd7a.jpg,0,0,,0,0,0,0,0,0,0,0,0,0
37bc122bd.jpg,1,1,3,3,4483,0,0,4483,0,0,0,1,0
37c100270.jpg,0,0,,0,0,0,0,0,0,0,0,0,0
37c13cf96.jpg,0,0,,0,0,0,0,0,0,0,0,0,0
37cd2eba2.jpg,0,0,,0,0,0,0,0,0,0,0,0,0
37ced4e1d.jpg,0,0,,0,0,0,0,0,0,0,0,0,0
37d1f8b36.jpg,1,1,4,4,10327,0,0,0,10327,0,0,0,1
37d48f05d.jpg,1,1,1,1,10345,10345,0,0,0,1,0,0,0
37da29373.jpg,1,1,3,3,39574,0,0,39574,0,0,0,1,0
37df5752a.jpg,1,1,1,1,961,961,0,0,0,1,0,0,0
37e017985.jpg,0,0,,0,0,0,0,0,0,0,0,0,0
37e15649e.jpg,0,0,,0,0,0,0,0,0,0,0,0,0
37e20749d.jpg,0,0,,0,0,0,0,0,0,0,0,0,0
37e464678.jpg,0,0,,0,0,0,0,0,0,0,0,0,0
37e7f9554.jpg,1,1,3,3,24589,0,0,24589,0,0,0,1,0
37ea06e86.jpg,1,1,4,4,14652,0,0,0,14652,0,0,0,1
37f331c96.jpg,1,1,3,3,5268,0,0,5268,0,0,0,1,0
37f4c573f.jpg,1,1,3,3,35118,0,0,35118,0,0,0,1,0
37f4e9602.jpg,1,1,3,3,128390,0,0,128390,0,0,0,1,0
37f534b5d.jpg,0,0,,0,0,0,0,0,0,0,0,0,0
37f6b9fe0.jpg,0,0,,0,0,0,0,0,0,0,0,0,0
380c01646.jpg,1,1,1,1,6110,6110,0,0,0,1,0,0,0
380e3ba93.jpg,1,1,1,1,1778,1778,0,0,0,1,0,0,0
382b517ee.jpg,1,1,3,3,17031,0,0,17031,0,0,0,1,0
382dc8f4b.jpg,0,0,,0,0,0,0,0,0,0,0,0,0
383793f65.jpg,0,0,,0,0,0,0,0,0,0,0,0,0
383d5f225.jpg,1,1,3,3,2440,0,0,2440,0,0,0,1,0
3846a8c0c.jpg,1,1,3,3,3466,0,0,3466,0,0,0,1,0
3847cd5a0.jpg,0,0,,0,0,0,0,0,0,0,0,0,0
384e76325.jpg,0,0,,0,0,0,0,0,0,0,0,0,0
384f7f848.jpg,1,1,3,3,3013,0,0,3013,0,0,0,1,0
385295005.jpg,0,0,,0,0,0,0,0,0,0,0,0,0
3856224a4.jpg,1,1,3,3,66731,0,0,66731,0,0,0,1,0
385db4482.jpg,0,0,,0,0,0,0,0,0,0,0,0,0
385e1970e.jpg,1,1,3,3,14773,0,0,14773,0,0,0,1,0
385f291af.jpg,0,0,,0,0,0,0,0,0,0,0,0,0
385f6dc61.jpg,1,1,3,3,18336,0,0,18336,0,0,0,1,0
3860f3d39.jpg,1,1,4,4,84455,0,0,0,84455,0,0,0,1
38698fd76.jpg,1,1,3,3,14455,0,0,14455,0,0,0,1,0
386a3b711.jpg,0,0,,0,0,0,0,0,0,0,0,0,0
386e34822.jpg,0,0,,0,0,0,0,0,0,0,0,0,0
386ee8a22.jpg,0,0,,0,0,0,0,0,0,0,0,0,0
38760254d.jpg,1,1,3,3,24064,0,0,24064,0,0,0,1,0
3878f6da4.jpg,0,0,,0,0,0,0,0,0,0,0,0,0
387b30006.jpg,1,1,3,3,30408,0,0,30408,0,0,0,1,0
387deae63.jpg,0,0,,0,0,0,0,0,0,0,0,0,0
3887e646f.jpg,0,0,,0,0,0,0,0,0,0,0,0,0
3888ec2cd.jpg,1,1,1,1,7681,7681,0,0,0,1,0,0,0
388de9263.jpg,0,0,,0,0,0,0,0,0,0,0,0,0
388e36308.jpg,1,1,3,3,1335,0,0,1335,0,0,0,1,0
38a1d7aab.jpg,1,1,4,4,98620,0,0,0,98620,0,0,0,1
38a63550b.jpg,1,1,4,4,5937,0,0,0,5937,0,0,0,1
38a8d41da.jpg,0,0,,0,0,0,0,0,0,0,0,0,0
38aeffe92.jpg,1,1,1,1,12287,12287,0,0,0,1,0,0,0
38b513f44.jpg,1,1,3,3,28127,0,0,28127,0,0,0,1,0
38b921939.jpg,1,2,3|4,3,11992,0,0,6215,5777,0,0,1,1
38bca093c.jpg,1,1,4,4,11799,0,0,0,11799,0,0,0,1
38c25b61a.jpg,1,1,2,2,4613,0,4613,0,0,0,1,0,0
38c4ddebd.jpg,0,0,,0,0,0,0,0,0,0,0,0,0
38c61fdee.jpg,1,2,3|4,4,23600,0,0,10296,13304,0,0,1,1
38d6c1e96.jpg,0,0,,0,0,0,0,0,0,0,0,0,0
38e697d3f.jpg,0,0,,0,0,0,0,0,0,0,0,0,0
38f4e6d5a.jpg,1,1,3,3,12924,0,0,12924,0,0,0,1,0
38f68bc1c.jpg,0,0,,0,0,0,0,0,0,0,0,0,0
38f7b097e.jpg,1,1,3,3,118769,0,0,118769,0,0,0,1,0
38fc3c6f5.jpg,0,0,,0,0,0,0,0,0,0,0,0,0
390e9ea29.jpg,1,1,3,3,25206,0,0,25206,0,0,0,1,0
391b766d3.jpg,1,1,3,3,8448,0,0,8448,0,0,0,1,0
391d01045.jpg,0,0,,0,0,0,0,0,0,0,0,0,0
39233a360.jpg,0,0,,0,0,0,0,0,0,0,0,0,0
3926a44c9.jpg,0,0,,0,0,0,0,0,0,0,0,0,0
39280f44b.jpg,0,0,,0,0,0,0,0,0,0,0,0,0
3932751f1.jpg,1,1,4,4,41161,0,0,0,41161,0,0,0,1
3933a5fcc.jpg,1,1,4,4,36427,0,0,0,36427,0,0,0,1
393fc7f36.jpg,0,0,,0,0,0,0,0,0,0,0,0,0
394852be1.jpg,0,0,,0,0,0,0,0,0,0,0,0,0
394c73130.jpg,0,0,,0,0,0,0,0,0,0,0,0,0
394d81391.jpg,0,0,,0,0,0,0,0,0,0,0,0,0
394edb848.jpg,1,1,3,3,42373,0,0,42373,0,0,0,1,0
3951631a7.jpg,0,0,,0,0,0,0,0,0,0,0,0,0
395381ac8.jpg,1,1,3,3,3731,0,0,3731,0,0,0,1,0
395e96be9.jpg,1,1,3,3,54555,0,0,54555,0,0,0,1,0
3964357cd.jpg,1,1,4,4,88988,0,0,0,88988,0,0,0,1
3965fd210.jpg,0,0,,0,0,0,0,0,0,0,0,0,0
396851647.jpg,0,0,,0,0,0,0,0,0,0,0,0,0
397221566.jpg,1,1,3,3,3627,0,0,3627,0,0,0,1,0
3974a2a75.jpg,1,1,3,3,37325,0,0,37325,0,0,0,1,0
3977fffae.jpg,0,0,,0,0,0,0,0,0,0,0,0,0
3979d10ac.jpg,1,1,3,3,8324,0,0,8324,0,0,0,1,0
397bdbbf6.jpg,1,1,3,3,5600,0,0,5600,0,0,0,1,0
397c6e139.jpg,1,1,3,3,4115,0,0,4115,0,0,0,1,0
398436da1.jpg,0,0,,0,0,0,0,0,0,0,0,0,0
3986e38ad.jpg,0,0,,0,0,0,0,0,0,0,0,0,0
398a5b6a9.jpg,1,1,3,3,6058,0,0,6058,0,0,0,1,0
398bf3c20.jpg,1,1,3,3,2703,0,0,2703,0,0,0,1,0
398ea43ed.jpg,1,1,3,3,5287,0,0,5287,0,0,0,1,0
398ecb719.jpg,1,1,3,3,9799,0,0,9799,0,0,0,1,0
398ff41cf.jpg,1,1,3,3,2488,0,0,2488,0,0,0,1,0
39960c9e9.jpg,1,1,4,4,36287,0,0,0,36287,0,0,0,1
3996e2b5c.jpg,0,0,,0,0,0,0,0,0,0,0,0,0
399aa794e.jpg,0,0,,0,0,0,0,0,0,0,0,0,0
39ac947b9.jpg,0,0,,0,0,0,0,0,0,0,0,0,0
39ae1a183.jpg,1,1,4,4,47546,0,0,0,47546,0,0,0,1
39b187684.jpg,0,0,,0,0,0,0,0,0,0,0,0,0
39b234809.jpg,0,0,,0,0,0,0,0,0,0,0,0,0
39b24ba40.jpg,0,0,,0,0,0,0,0,0,0,0,0,0
39b2dbb9b.jpg,1,1,3,3,6200,0,0,6200,0,0,0,1,0
39b364beb.jpg,0,0,,0,0,0,0,0,0,0,0,0,0
39b6f2376.jpg,1,1,1,1,2979,2979,0,0,0,1,0,0,0
39b8cb37a.jpg,1,1,4,4,40553,0,0,0,40553,0,0,0,1
39bec5e5e.jpg,1,1,1,1,10669,10669,0,0,0,1,0,0,0
39c094b3d.jpg,1,2,1|3,3,10672,1539,0,9133,0,1,0,1,0
39d07881e.jpg,1,1,3,3,2017,0,0,2017,0,0,0,1,0
39deb3067.jpg,0,0,,0,0,0,0,0,0,0,0,0,0
39e365d3b.jpg,1,1,3,3,13453,0,0,13453,0,0,0,1,0
39e4216eb.jpg,1,1,3,3,9796,0,0,9796,0,0,0,1,0
39eae7a92.jpg,0,0,,0,0,0,0,0,0,0,0,0,0
39fe944cc.jpg,0,0,,0,0,0,0,0,0,0,0,0,0
3a03385b5.jpg,1,1,3,3,34832,0,0,34832,0,0,0,1,0
3a0a9a167.jpg,1,1,1,1,545,545,0,0,0,1,0,0,0
3a0dd769b.jpg,0,0,,0,0,0,0,0,0,0,0,0,0
3a0e5cad8.jpg,1,1,3,3,2787,0,0,2787,0,0,0,1,0
3a0f17afd.jpg,1,1,1,1,3432,3432,0,0,0,1,0,0,0
3a1355089.jpg,0,0,,0,0,0,0,0,0,0,0,0,0
3a14b011a.jpg,1,1,3,3,42357,0,0,42357,0,0,0,1,0
3a151c842.jpg,0,0,,0,0,0,0,0,0,0,0,0,0
3a153274d.jpg,1,1,1,1,1250,1250,0,0,0,1,0,0,0
3a1f4741e.jpg,0,0,,0,0,0,0,0,0,0,0,0,0
3a222ca8a.jpg,1,1,3,3,37233,0,0,37233,0,0,0,1,0
3a27bc80a.jpg,0,0,,0,0,0,0,0,0,0,0,0,0
3a2f71136.jpg,1,1,3,3,2574,0,0,2574,0,0,0,1,0
3a33a149c.jpg,0,0,,0,0,0,0,0,0,0,0,0,0
3a39aed30.jpg,0,0,,0,0,0,0,0,0,0,0,0,0
3a432ebe9.jpg,0,0,,0,0,0,0,0,0,0,0,0,0
3a43adb32.jpg,1,1,3,3,24304,0,0,24304,0,0,0,1,0
3a4a2014a.jpg,0,0,,0,0,0,0,0,0,0,0,0,0
3a4edbde9.jpg,1,1,1,1,2504,2504,0,0,0,1,0,0,0
3a4f825e7.jpg,1,1,3,3,15967,0,0,15967,0,0,0,1,0
3a5246d98.jpg,1,1,3,3,116590,0,0,116590,0,0,0,1,0
3a53d95f3.jpg,1,1,3,3,3396,0,0,3396,0,0,0,1,0
3a6009a82.jpg,0,0,,0,0,0,0,0,0,0,0,0,0
3a619ce77.jpg,0,0,,0,0,0,0,0,0,0,0,0,0
3a61a6135.jpg,0,0,,0,0,0,0,0,0,0,0,0,0
3a66177ea.jpg,1,1,3,3,8064,0,0,8064,0,0,0,1,0
3a6a4078f.jpg,1,1,3,3,18924,0,0,18924,0,0,0,1,0
3a773f5e3.jpg,1,1,3,3,7928,0,0,7928,0,0,0,1,0
3a783fae3.jpg,0,0,,0,0,0,0,0,0,0,0,0,0
3a7d9b5c1.jpg,1,1,2,2,4096,0,4096,0,0,0,1,0,0
3a7eee423.jpg,1,1,3,3,117614,0,0,117614,0,0,0,1,0
3a7f1857b.jpg,0,0,,0,0,0,0,0,0,0,0,0,0
3a8c4efe7.jpg,0,0,,0,0,0,0,0,0,0,0,0,0
3a8d0b7ba.jpg,1,1,1,1,3836,3836,0,0,0,1,0,0,0
3a96940c6.jpg,1,1,1,1,7643,7643,0,0,0,1,0,0,0
3a98c37b5.jpg,0,0,,0,0,0,0,0,0,0,0,0,0
3a98df6da.jpg,0,0,,0,0,0,0,0,0,0,0,0,0
3a9967d61.jpg,0,0,,0,0,0,0,0,0,0,0,0,0
3a9bcbdbf.jpg,1,1,4,4,31614,0,0,0,31614,0,0,0,1
3aaaf3e64.jpg,1,1,3,3,10881,0,0,10881,0,0,0,1,0
3ab1a7324.jpg,1,1,1,1,5985,5985,0,0,0,1,0,0,0
3ab4ca44c.jpg,1,1,3,3,11769,0,0,11769,0,0,0,1,0
3abba0c59.jpg,1,1,3,3,44779,0,0,44779,0,0,0,1,0
3abc94d79.jpg,1,1,3,3,17024,0,0,17024,0,0,0,1,0
3ac0eed4b.jpg,0,0,,0,0,0,0,0,0,0,0,0,0
3ac0f7ad1.jpg,1,1,3,3,95875,0,0,95875,0,0,0,1,0
3ac71c924.jpg,1,1,3,3,47918,0,0,47918,0,0,0,1,0
3ace653be.jpg,1,1,1,1,2105,2105,0,0,0,1,0,0,0
3ace682cf.jpg,1,1,3,3,83393,0,0,83393,0,0,0,1,0
3ad134b40.jpg,1,2,1|2,2,8134,2476,5658,0,0,1,1,0,0
3adb7c36d.jpg,1,1,3,3,43948,0,0,43948,0,0,0,1,0
3ade75b6e.jpg,1,1,3,3,107942,0,0,107942,0,0,0,1,0
3ae2aba5e.jpg,1,1,3,3,1266,0,0,1266,0,0,0,1,0
3ae2f43e5.jpg,1,1,3,3,5378,0,0,5378,0,0,0,1,0
3ae54304e.jpg,0,0,,0,0,0,0,0,0,0,0,0,0
3ae560b21.jpg,0,0,,0,0,0,0,0,0,0,0,0,0
3ae7bb8eb.jpg,0,0,,0,0,0,0,0,0,0,0,0,0
3ae9dc676.jpg,0,0,,0,0,0,0,0,0,0,0,0,0
3af1c4aca.jpg,1,1,3,3,25984,0,0,25984,0,0,0,1,0
3af515180.jpg,1,1,3,3,44144,0,0,44144,0,0,0,1,0
3af8d2d69.jpg,0,0,,0,0,0,0,0,0,0,0,0,0
3af904b99.jpg,1,1,3,3,32859,0,0,32859,0,0,0,1,0
3afb8f1bc.jpg,1,1,3,3,6246,0,0,6246,0,0,0,1,0
3b03d80ea.jpg,0,0,,0,0,0,0,0,0,0,0,0,0
3b041fff2.jpg,0,0,,0,0,0,0,0,0,0,0,0,0
3b08fb5ce.jpg,0,0,,0,0,0,0,0,0,0,0,0,0
3b0fc5e05.jpg,0,0,,0,0,0,0,0,0,0,0,0,0
3b1479719.jpg,1,1,3,3,3597,0,0,3597,0,0,0,1,0
3b1590277.jpg,0,0,,0,0,0,0,0,0,0,0,0,0
3b168b16e.jpg,0,0,,0,0,0,0,0,0,0,0,0,0
3b1d31523.jpg,0,0,,0,0,0,0,0,0,0,0,0,0
3b1d69c21.jpg,0,0,,0,0,0,0,0,0,0,0,0,0
3b26ddea1.jpg,0,0,,0,0,0,0,0,0,0,0,0,0
3b290fa47.jpg,0,0,,0,0,0,0,0,0,0,0,0,0
3b2ad5e0b.jpg,0,0,,0,0,0,0,0,0,0,0,0,0
3b2b465b0.jpg,0,0,,0,0,0,0,0,0,0,0,0,0
3b2b910c7.jpg,1,1,3,3,4266,0,0,4266,0,0,0,1,0
3b2c27c87.jpg,0,0,,0,0,0,0,0,0,0,0,0,0
3b2f9b14d.jpg,1,1,3,3,3477,0,0,3477,0,0,0,1,0
3b35a1f8e.jpg,1,1,4,4,31526,0,0,0,31526,0,0,0,1
3b3cdf141.jpg,0,0,,0,0,0,0,0,0,0,0,0,0
3b3d169bb.jpg,0,0,,0,0,0,0,0,0,0,0,0,0
3b3daeb1b.jpg,0,0,,0,0,0,0,0,0,0,0,0,0
3b3df8749.jpg,1,1,3,3,4518,0,0,4518,0,0,0,1,0
3b42727ff.jpg,1,1,3,3,4788,0,0,4788,0,0,0,1,0
3b4749f2c.jpg,0,0,,0,0,0,0,0,0,0,0,0,0
3b48b3bd4.jpg,0,0,,0,0,0,0,0,0,0,0,0,0
3b4c484d0.jpg,1,1,3,3,35171,0,0,35171,0,0,0,1,0
3b4c8b9a4.jpg,1,2,3|4,4,80790,0,0,38331,42459,0,0,1,1
3b55c8cd1.jpg,0,0,,0,0,0,0,0,0,0,0,0,0
3b58d7324.jpg,1,1,1,1,3323,3323,0,0,0,1,0,0,0
3b657666a.jpg,0,0,,0,0,0,0,0,0,0,0,0,0
3b6d18d10.jpg,1,1,3,3,7863,0,0,7863,0,0,0,1,0
3b6f87aed.jpg,1,1,3,3,8625,0,0,8625,0,0,0,1,0
3b7ef7095.jpg,0,0,,0,0,0,0,0,0,0,0,0,0
3b8754337.jpg,0,0,,0,0,0,0,0,0,0,0,0,0
3b8d1d356.jpg,1,2,3|4,3,11481,0,0,9490,1991,0,0,1,1
3b9264f5c.jpg,0,0,,0,0,0,0,0,0,0,0,0,0
3b936b2b9.jpg,1,1,3,3,16088,0,0,16088,0,0,0,1,0
3b9a3ae3b.jpg,1,1,3,3,40913,0,0,40913,0,0,0,1,0
3b9f52504.jpg,0,0,,0,0,0,0,0,0,0,0,0,0
3ba5b066f.jpg,1,1,3,3,4309,0,0,4309,0,0,0,1,0
3ba673afd.jpg,1,1,1,1,2738,2738,0,0,0,1,0,0,0
3bb64f5cc.jpg,0,0,,0,0,0,0,0,0,0,0,0,0
3bbab6db6.jpg,1,1,3,3,5504,0,0,5504,0,0,0,1,0
3bbc6a08c.jpg,0,0,,0,0,0,0,0,0,0,0,0,0
3bc4693c1.jpg,0,0,,0,0,0,0,0,0,0,0,0,0
3bc6785b9.jpg,0,0,,0,0,0,0,0,0,0,0,0,0
3bc8e7028.jpg,1,1,3,3,8710,0,0,8710,0,0,0,1,0
3bcf2cde9.jpg,0,0,,0,0,0,0,0,0,0,0,0,0
3bd0fd84d.jpg,1,1,3,3,14445,0,0,14445,0,0,0,1,0
3bd3c2a95.jpg,0,0,,0,0,0,0,0,0,0,0,0,0
3bd3e2934.jpg,0,0,,0,0,0,0,0,0,0,0,0,0
3bd3ed1d6.jpg,0,0,,0,0,0,0,0,0,0,0,0,0
3bd7705a9.jpg,0,0,,0,0,0,0,0,0,0,0,0,0
3bda81a0b.jpg,0,0,,0,0,0,0,0,0,0,0,0,0
3bde297da.jpg,1,1,3,3,15920,0,0,15920,0,0,0,1,0
3bea66fac.jpg,1,1,3,3,10001,0,0,10001,0,0,0,1,0
3beb63791.jpg,1,1,1,1,2361,2361,0,0,0,1,0,0,0
3bfb7e218.jpg,0,0,,0,0,0,0,0,0,0,0,0,0
3bff9e63a.jpg,0,0,,0,0,0,0,0,0,0,0,0,0
3c08b8734.jpg,0,0,,0,0,0,0,0,0,0,0,0,0
3c0a7290f.jpg,0,0,,0,0,0,0,0,0,0,0,0,0
3c0b48018.jpg,0,0,,0,0,0,0,0,0,0,0,0,0
3c0b4c0b0.jpg,0,0,,0,0,0,0,0,0,0,0,0,0
3c0c5f80a.jpg,0,0,,0,0,0,0,0,0,0,0,0,0
3c10eb7fa.jpg,0,0,,0,0,0,0,0,0,0,0,0,0
3c1cce9af.jpg,1,1,3,3,11008,0,0,11008,0,0,0,1,0
3c1f834dd.jpg,0,0,,0,0,0,0,0,0,0,0,0,0
3c247ad54.jpg,1,1,4,4,11033,0,0,0,11033,0,0,0,1
3c2544a04.jpg,0,0,,0,0,0,0,0,0,0,0,0,0
3c30d891e.jpg,1,1,3,3,4506,0,0,4506,0,0,0,1,0
3c456ebb8.jpg,1,1,3,3,4610,0,0,4610,0,0,0,1,0
3c4a1b57f.jpg,1,1,3,3,1244,0,0,1244,0,0,0,1,0
3c4ad030c.jpg,1,1,1,1,1641,1641,0,0,0,1,0,0,0
3c4cc1168.jpg,1,1,3,3,32106,0,0,32106,0,0,0,1,0
3c4d16b17.jpg,1,1,3,3,50213,0,0,50213,0,0,0,1,0
3c4d1ec4a.jpg,0,0,,0,0,0,0,0,0,0,0,0,0
3c4f32f77.jpg,1,1,3,3,5397,0,0,5397,0,0,0,1,0
3c5941d72.jpg,1,1,3,3,3007,0,0,3007,0,0,0,1,0
3c5e34bfa.jpg,1,1,3,3,1320,0,0,1320,0,0,0,1,0
3c5ff1a83.jpg,0,0,,0,0,0,0,0,0,0,0,0,0
3c684f93f.jpg,0,0,,0,0,0,0,0,0,0,0,0,0
3c6c3dbf1.jpg,0,0,,0,0,0,0,0,0,0,0,0,0
3c79d2e28.jpg,1,1,3,3,10624,0,0,10624,0,0,0,1,0
3c7a4b9bf.jpg,0,0,,0,0,0,0,0,0,0,0,0,0
3c7e032fc.jpg,1,1,3,3,4433,0,0,4433,0,0,0,1,0
3c8026901.jpg,0,0,,0,0,0,0,0,0,0,0,0,0
3c8312241.jpg,1,2,3|4,4,24440,0,0,8543,15897,0,0,1,1
3c8b6c978.jpg,1,1,3,3,18788,0,0,18788,0,0,0,1,0
3c9b7b316.jpg,1,1,3,3,2584,0,0,2584,0,0,0,1,0
3c9c4454b.jpg,1,1,3,3,19121,0,0,19121,0,0,0,1,0
3c9ce987e.jpg,0,0,,0,0,0,0,0,0,0,0,0,0
3ca2ba71b.jpg,1,2,3|4,4,48141,0,0,21732,26409,0,0,1,1
3ca655ceb.jpg,1,1,3,3,15311,0,0,15311,0,0,0,1,0
3ca970143.jpg,1,1,3,3,13007,0,0,13007,0,0,0,1,0
3cafcfd96.jpg,1,1,3,3,2096,0,0,2096,0,0,0,1,0
3cb1c14c8.jpg,1,1,3,3,2903,0,0,2903,0,0,0,1,0
3cc111ab7.jpg,0,0,,0,0,0,0,0,0,0,0,0,0
3cc9afa80.jpg,0,0,,0,0,0,0,0,0,0,0,0,0
3ce4ece71.jpg,1,1,3,3,19045,0,0,19045,0,0,0,1,0
3ce7fca69.jpg,0,0,,0,0,0,0,0,0,0,0,0,0
3ceb53d44.jpg,0,0,,0,0,0,0,0,0,0,0,0,0
3cfa559c3.jpg,1,1,3,3,32993,0,0,32993,0,0,0,1,0
3cfe319b3.jpg,0,0,,0,0,0,0,0,0,0,0,0,0
3cfebb540.jpg,0,0,,0,0,0,0,0,0,0,0,0,0
3cff791b3.jpg,1,1,3,3,28190,0,0,28190,0,0,0,1,0
3cffb1206.jpg,1,1,3,3,33082,0,0,33082,0,0,0,1,0
3d0fc6499.jpg,1,1,3,3,10341,0,0,10341,0,0,0,1,0
3d161a849.jpg,1,1,3,3,43716,0,0,43716,0,0,0,1,0
3d1877bdd.jpg,0,0,,0,0,0,0,0,0,0,0,0,0
3d1ad610d.jpg,0,0,,0,0,0,0,0,0,0,0,0,0
3d25c4bad.jpg,1,1,3,3,5282,0,0,5282,0,0,0,1,0
3d2df482c.jpg,1,1,3,3,1913,0,0,1913,0,0,0,1,0
3d40be6af.jpg,1,1,3,3,2970,0,0,2970,0,0,0,1,0
3d41a0034.jpg,0,0,,0,0,0,0,0,0,0,0,0,0
3d42a49b2.jpg,0,0,,0,0,0,0,0,0,0,0,0,0
3d4ac6276.jpg,1,1,3,3,31735,0,0,31735,0,0,0,1,0
3d5066f6d.jpg,1,1,4,4,11272,0,0,0,11272,0,0,0,1
3d559892c.jpg,1,1,3,3,38236,0,0,38236,0,0,0,1,0
3d577cf47.jpg,0,0,,0,0,0,0,0,0,0,0,0,0
3d63dd538.jpg,0,0,,0,0,0,0,0,0,0,0,0,0
3d64d8da1.jpg,0,0,,0,0,0,0,0,0,0,0,0,0
3d65402c6.jpg,0,0,,0,0,0,0,0,0,0,0,0,0
3d6ddd339.jpg,0,0,,0,0,0,0,0,0,0,0,0,0
3d6fc6cb2.jpg,0,0,,0,0,0,0,0,0,0,0,0,0
3d7643d80.jpg,0,0,,0,0,0,0,0,0,0,0,0,0
3d7d0609f.jpg,0,0,,0,0,0,0,0,0,0,0,0,0
3d8f3ef8c.jpg,0,0,,0,0,0,0,0,0,0,0,0,0
3d9a1cd10.jpg,0,0,,0,0,0,0,0,0,0,0,0,0
3da2c3982.jpg,1,1,1,1,4158,4158,0,0,0,1,0,0,0
3da31ea30.jpg,1,1,3,3,30629,0,0,30629,0,0,0,1,0
3da46ef9a.jpg,1,1,3,3,31681,0,0,31681,0,0,0,1,0
3da8dae0b.jpg,1,1,3,3,9954,0,0,9954,0,0,0,1,0
3dafe7660.jpg,0,0,,0,0,0,0,0,0,0,0,0,0
3db3f1807.jpg,0,0,,0,0,0,0,0,0,0,0,0,0
3dbbb330a.jpg,1,1,3,3,3765,0,0,3765,0,0,0,1,0
3dc486601.jpg,0,0,,0,0,0,0,0,0,0,0,0,0
3dccdd6a0.jpg,0,0,,0,0,0,0,0,0,0,0,0,0
3dd12eaf0.jpg,0,0,,0,0,0,0,0,0,0,0,0,0
3dde7f79a.jpg,0,0,,0,0,0,0,0,0,0,0,0,0
3de1a29d8.jpg,1,1,3,3,2205,0,0,2205,0,0,0,1,0
3de8f5d88.jpg,1,1,3,3,5920,0,0,5920,0,0,0,1,0
3dea8ca2e.jpg,0,0,,0,0,0,0,0,0,0,0,0,0
3df0aec51.jpg,0,0,,0,0,0,0,0,0,0,0,0,0
3df2a0383.jpg,1,2,1|2,2,4699,1384,3315,0,0,1,1,0,0
3df5661f0.jpg,0,0,,0,0,0,0,0,0,0,0,0,0
3dffc3010.jpg,1,1,3,3,747,0,0,747,0,0,0,1,0
3e150b43f.jpg,0,0,,0,0,0,0,0,0,0,0,0,0
3e185a3fe.jpg,1,1,3,3,93656,0,0,93656,0,0,0,1,0
3e1a0403b.jpg,0,0,,0,0,0,0,0,0,0,0,0,0
3e1ed281b.jpg,1,1,3,3,3151,0,0,3151,0,0,0,1,0
3e1f5caa8.jpg,1,1,4,4,8438,0,0,0,8438,0,0,0,1
3e22efa89.jpg,1,1,3,3,3388,0,0,3388,0,0,0,1,0
3e2c33124.jpg,1,1,3,3,37277,0,0,37277,0,0,0,1,0
3e3aa2898.jpg,0,0,,0,0,0,0,0,0,0,0,0,0
3e3d92e7e.jpg,1,1,3,3,3367,0,0,3367,0,0,0,1,0
3e3f8a077.jpg,1,1,3,3,22546,0,0,22546,0,0,0,1,0
3e3fcff77.jpg,0,0,,0,0,0,0,0,0,0,0,0,0
3e430c661.jpg,0,0,,0,0,0,0,0,0,0,0,0,0
3e519e65d.jpg,1,1,4,4,7216,0,0,0,7216,0,0,0,1
3e59e0f17.jpg,1,1,3,3,21205,0,0,21205,0,0,0,1,0
3e63fb99b.jpg,1,1,3,3,14769,0,0,14769,0,0,0,1,0
3e6848e8d.jpg,0,0,,0,0,0,0,0,0,0,0,0,0
3e6c4442f.jpg,0,0,,0,0,0,0,0,0,0,0,0,0
3e6f0aa57.jpg,0,0,,0,0,0,0,0,0,0,0,0,0
3e70d064f.jpg,1,1,3,3,15379,0,0,15379,0,0,0,1,0
3e7d00bf4.jpg,0,0,,0,0,0,0,0,0,0,0,0,0
3e8e9acc6.jpg,0,0,,0,0,0,0,0,0,0,0,0,0
3e8ec270d.jpg,0,0,,0,0,0,0,0,0,0,0,0,0
3e9581ec3.jpg,0,0,,0,0,0,0,0,0,0,0,0,0
3e9882356.jpg,0,0,,0,0,0,0,0,0,0,0,0,0
3e99e6df3.jpg,0,0,,0,0,0,0,0,0,0,0,0,0
3ea50a9bc.jpg,0,0,,0,0,0,0,0,0,0,0,0,0
3ead6a6bf.jpg,1,1,3,3,2252,0,0,2252,0,0,0,1,0
3eae81bc8.jpg,1,1,3,3,1515,0,0,1515,0,0,0,1,0
3ebc6a9a6.jpg,0,0,,0,0,0,0,0,0,0,0,0,0
3ec7019e2.jpg,1,1,3,3,27856,0,0,27856,0,0,0,1,0
3ecde7d24.jpg,0,0,,0,0,0,0,0,0,0,0,0,0
3ecf33095.jpg,1,1,3,3,2992,0,0,2992,0,0,0,1,0
3ecff5d55.jpg,1,1,1,1,1746,1746,0,0,0,1,0,0,0
3ed57948d.jpg,0,0,,0,0,0,0,0,0,0,0,0,0
3ee680a42.jpg,1,1,3,3,26311,0,0,26311,0,0,0,1,0
3ee9a7e10.jpg,0,0,,0,0,0,0,0,0,0,0,0,0
3eec62abe.jpg,1,1,4,4,23135,0,0,0,23135,0,0,0,1
3ef6709c7.jpg,0,0,,0,0,0,0,0,0,0,0,0,0
3ef68aafe.jpg,0,0,,0,0,0,0,0,0,0,0,0,0
3ef88408b.jpg,0,0,,0,0,0,0,0,0,0,0,0,0
3eff5782b.jpg,0,0,,0,0,0,0,0,0,0,0,0,0
3f0b1c635.jpg,1,1,4,4,41173,0,0,0,41173,0,0,0,1
3f0cb41b9.jpg,0,0,,0,0,0,0,0,0,0,0,0,0
3f2610dfe.jpg,0,0,,0,0,0,0,0,0,0,0,0,0
3f272083c.jpg,1,1,3,3,3196,0,0,3196,0,0,0,1,0
3f2a7867c.jpg,1,1,3,3,14589,0,0,14589,0,0,0,1,0
3f2c10b29.jpg,0,0,,0,0,0,0,0,0,0,0,0,0
3f36e2d85.jpg,1,1,1,1,1713,1713,0,0,0,1,0,0,0
3f39b85b9.jpg,1,1,3,3,15196,0,0,15196,0,0,0,1,0
3f3b0ba51.jpg,1,1,4,4,10507,0,0,0,10507,0,0,0,1
3f3c1170e.jpg,1,1,3,3,40954,0,0,40954,0,0,0,1,0
3f3ddfea8.jpg,1,1,3,3,5494,0,0,5494,0,0,0,1,0
3f400c81f.jpg,0,0,,0,0,0,0,0,0,0,0,0,0
3f4274dfc.jpg,0,0,,0,0,0,0,0,0,0,0,0,0
3f46ed8d5.jpg,0,0,,0,0,0,0,0,0,0,0,0,0
3f4cb099f.jpg,0,0,,0,0,0,0,0,0,0,0,0,0
3f536622f.jpg,1,1,2,2,5040,0,5040,0,0,0,1,0,0
3f588b2c6.jpg,0,0,,0,0,0,0,0,0,0,0,0,0
3f6719446.jpg,0,0,,0,0,0,0,0,0,0,0,0,0
3f6b0b63a.jpg,0,0,,0,0,0,0,0,0,0,0,0,0
3f7e10763.jpg,1,1,3,3,6318,0,0,6318,0,0,0,1,0
3f92145f5.jpg,1,1,3,3,10864,0,0,10864,0,0,0,1,0
3fa9e021e.jpg,0,0,,0,0,0,0,0,0,0,0,0,0
3fb1d9448.jpg,1,1,4,4,22608,0,0,0,22608,0,0,0,1
3fb68881e.jpg,1,1,3,3,17191,0,0,17191,0,0,0,1,0
3fb78d513.jpg,1,1,3,3,11361,0,0,11361,0,0,0,1,0
3fcad5fbe.jpg,0,0,,0,0,0,0,0,0,0,0,0,0
3fcd061fc.jpg,1,2,1|2,2,6257,2102,4155,0,0,1,1,0,0
3fd0abc7e.jpg,0,0,,0,0,0,0,0,0,0,0,0,0
3fd678c06.jpg,1,1,3,3,13718,0,0,13718,0,0,0,1,0
3fdbbf305.jpg,1,1,3,3,3790,0,0,3790,0,0,0,1,0
3fdc767bf.jpg,0,0,,0,0,0,0,0,0,0,0,0,0
3fdc95c42.jpg,1,1,1,1,12370,12370,0,0,0,1,0,0,0
3fde06814.jpg,0,0,,0,0,0,0,0,0,0,0,0,0
3fe32ff2f.jpg,1,1,2,2,3338,0,3338,0,0,0,1,0,0
3fe5ce55e.jpg,0,0,,0,0,0,0,0,0,0,0,0,0
3fea4633e.jpg,1,1,4,4,7835,0,0,0,7835,0,0,0,1
3feed5ab3.jpg,0,0,,0,0,0,0,0,0,0,0,0,0
3ff6971a7.jpg,0,0,,0,0,0,0,0,0,0,0,0,0
3ff8946e0.jpg,1,1,3,3,12769,0,0,12769,0,0,0,1,0
3ff9adb9d.jpg,1,1,3,3,153796,0,0,153796,0,0,0,1,0
3ffa37e37.jpg,1,2,3|4,3,45759,0,0,29744,16015,0,0,1,1
400144782.jpg,1,1,3,3,7827,0,0,7827,0,0,0,1,0
400161088.jpg,1,1,3,3,14166,0,0,14166,0,0,0,1,0
400372ad3.jpg,0,0,,0,0,0,0,0,0,0,0,0,0
400eedff4.jpg,1,1,3,3,4760,0,0,4760,0,0,0,1,0
4014c79d3.jpg,1,1,3,3,21285,0,0,21285,0,0,0,1,0
4014d6f31.jpg,1,1,3,3,8704,0,0,8704,0,0,0,1,0
401614c72.jpg,1,1,3,3,6868,0,0,6868,0,0,0,1,0
4018384ba.jpg,0,0,,0,0,0,0,0,0,0,0,0,0
401de199f.jpg,1,1,3,3,20545,0,0,20545,0,0,0,1,0
402208ee2.jpg,0,0,,0,0,0,0,0,0,0,0,0,0
4029fea8e.jpg,1,1,1,1,31303,31303,0,0,0,1,0,0,0
402c5369d.jpg,1,1,3,3,15337,0,0,15337,0,0,0,1,0
402e39bda.jpg,0,0,,0,0,0,0,0,0,0,0,0,0
402e76b04.jpg,0,0,,0,0,0,0,0,0,0,0,0,0
402ed4424.jpg,0,0,,0,0,0,0,0,0,0,0,0,0
402fd7af3.jpg,0,0,,0,0,0,0,0,0,0,0,0,0
403311106.jpg,0,0,,0,0,0,0,0,0,0,0,0,0
403a0cb2e.jpg,1,1,3,3,2686,0,0,2686,0,0,0,1,0
404259a55.jpg,1,1,3,3,92775,0,0,92775,0,0,0,1,0
40466495a.jpg,1,1,4,4,13248,0,0,0,13248,0,0,0,1
404895f19.jpg,0,0,,0,0,0,0,0,0,0,0,0,0
404a89d7b.jpg,0,0,,0,0,0,0,0,0,0,0,0,0
4051b9a59.jpg,0,0,,0,0,0,0,0,0,0,0,0,0
40547228a.jpg,0,0,,0,0,0,0,0,0,0,0,0,0
405507351.jpg,1,1,3,3,9678,0,0,9678,0,0,0,1,0
405a1bf06.jpg,0,0,,0,0,0,0,0,0,0,0,0,0
405f55b63.jpg,0,0,,0,0,0,0,0,0,0,0,0,0
4072c3bb5.jpg,1,1,3,3,1662,0,0,1662,0,0,0,1,0
40889ddf9.jpg,1,1,3,3,5198,0,0,5198,0,0,0,1,0
409084145.jpg,0,0,,0,0,0,0,0,0,0,0,0,0
40941039b.jpg,0,0,,0,0,0,0,0,0,0,0,0,0
409453bc7.jpg,1,1,3,3,3560,0,0,3560,0,0,0,1,0
409502827.jpg,1,1,3,3,7788,0,0,7788,0,0,0,1,0
40995d2e2.jpg,0,0,,0,0,0,0,0,0,0,0,0,0
409adafbe.jpg,1,1,3,3,4345,0,0,4345,0,0,0,1,0
409dc8edf.jpg,0,0,,0,0,0,0,0,0,0,0,0,0
409ebd086.jpg,1,1,3,3,24427,0,0,24427,0,0,0,1,0
40a915a4b.jpg,0,0,,0,0,0,0,0,0,0,0,0,0
40aae2e57.jpg,1,1,3,3,79238,0,0,79238,0,0,0,1,0
40ab005e7.jpg,1,1,3,3,20310,0,0,20310,0,0,0,1,0
40ada6a67.jpg,0,0,,0,0,0,0,0,0,0,0,0,0
40b68e3bb.jpg,1,1,3,3,4721,0,0,4721,0,0,0,1,0
40b724998.jpg,1,1,3,3,54414,0,0,54414,0,0,0,1,0
40b90abe8.jpg,1,1,3,3,7381,0,0,7381,0,0,0,1,0
40bd1a5f1.jpg,1,1,3,3,19968,0,0,19968,0,0,0,1,0
40c16ae94.jpg,0,0,,0,0,0,0,0,0,0,0,0,0
40c3e418e.jpg,0,0,,0,0,0,0,0,0,0,0,0,0
40c6fac5a.jpg,1,1,3,3,3487,0,0,3487,0,0,0,1,0
40d766da8.jpg,1,1,4,4,10582,0,0,0,10582,0,0,0,1
40da1d1ad.jpg,0,0,,0,0,0,0,0,0,0,0,0,0
40e52c68b.jpg,1,1,3,3,13301,0,0,13301,0,0,0,1,0
40f56ca26.jpg,1,1,4,4,35306,0,0,0,35306,0,0,0,1
40fae5d9e.jpg,0,0,,0,0,0,0,0,0,0,0,0,0
410194f0a.jpg,1,2,3|4,4,3539,0,0,1543,1996,0,0,1,1
41028db98.jpg,1,1,3,3,283,0,0,283,0,0,0,1,0
411377ca3.jpg,1,1,3,3,7521,0,0,7521,0,0,0,1,0
411da8f3b.jpg,0,0,,0,0,0,0,0,0,0,0,0,0
412061b78.jpg,0,0,,0,0,0,0,0,0,0,0,0,0
412067256.jpg,0,0,,0,0,0,0,0,0,0,0,0,0
412fe7f70.jpg,1,1,3,3,7558,0,0,7558,0,0,0,1,0
41333f13c.jpg,1,1,3,3,53201,0,0,53201,0,0,0,1,0
413a310c8.jpg,0,0,,0,0,0,0,0,0,0,0,0,0
413bf04b0.jpg,1,1,3,3,2532,0,0,2532,0,0,0,1,0
41411378e.jpg,1,2,3|4,4,66277,0,0,895,65382,0,0,1,1
4145dcb6d.jpg,0,0,,0,0,0,0,0,0,0,0,0,0
414b98504.jpg,0,0,,0,0,0,0,0,0,0,0,0,0
414f0f6f9.jpg,1,1,3,3,5120,0,0,5120,0,0,0,1,0
415252307.jpg,1,1,3,3,33606,0,0,33606,0,0,0,1,0
4155f56f9.jpg,0,0,,0,0,0,0,0,0,0,0,0,0
4157934a2.jpg,1,1,3,3,2720,0,0,2720,0,0,0,1,0
415dd1efd.jpg,1,1,3,3,79348,0,0,79348,0,0,0,1,0
41632c229.jpg,1,1,3,3,19311,0,0,19311,0,0,0,1,0
416b3a2a5.jpg,1,1,1,1,1195,1195,0,0,0,1,0,0,0
416dc5e75.jpg,1,1,4,4,25681,0,0,0,25681,0,0,0,1
416def597.jpg,1,1,1,1,3947,3947,0,0,0,1,0,0,0
41716714b.jpg,1,1,3,3,15338,0,0,15338,0,0,0,1,0
418e47222.jpg,1,1,3,3,20337,0,0,20337,0,0,0,1,0
4191fffd2.jpg,0,0,,0,0,0,0,0,0,0,0,0,0
4192ac388.jpg,0,0,,0,0,0,0,0,0,0,0,0,0
41977e060.jpg,1,1,3,3,35159,0,0,35159,0,0,0,1,0
419abb453.jpg,0,0,,0,0,0,0,0,0,0,0,0,0
419dc2472.jpg,1,1,3,3,58110,0,0,58110,0,0,0,1,0
41a3062a9.jpg,0,0,,0,0,0,0,0,0,0,0,0,0
41ab65e3f.jpg,0,0,,0,0,0,0,0,0,0,0,0,0
41b122bb7.jpg,1,1,3,3,12248,0,0,12248,0,0,0,1,0
41bbe4edd.jpg,1,1,3,3,43898,0,0,43898,0,0,0,1,0
41c845aa9.jpg,0,0,,0,0,0,0,0,0,0,0,0,0
41d7a39dc.jpg,1,1,3,3,3089,0,0,3089,0,0,0,1,0
41dbbca4f.jpg,0,0,,0,0,0,0,0,0,0,0,0,0
41ddf91f7.jpg,0,0,,0,0,0,0,0,0,0,0,0,0
41dedb89b.jpg,1,1,4,4,131875,0,0,0,131875,0,0,0,1
41e79c2f4.jpg,1,1,3,3,9912,0,0,9912,0,0,0,1,0
41ec6505f.jpg,1,1,3,3,3432,0,0,3432,0,0,0,1,0
41f03bd52.jpg,0,0,,0,0,0,0,0,0,0,0,0,0
41f07df70.jpg,0,0,,0,0,0,0,0,0,0,0,0,0
41f3899a5.jpg,1,1,2,2,3840,0,3840,0,0,0,1,0,0
41f5ea1f2.jpg,1,2,2|3,3,3213,0,1061,2152,0,0,1,1,0
420472e7e.jpg,0,0,,0,0,0,0,0,0,0,0,0,0
42087f902.jpg,1,1,3,3,15047,0,0,15047,0,0,0,1,0
4209917d1.jpg,0,0,,0,0,0,0,0,0,0,0,0,0
420ba281d.jpg,1,1,1,1,1915,1915,0,0,0,1,0,0,0
4216b133c.jpg,1,1,1,1,1093,1093,0,0,0,1,0,0,0
421b31b75.jpg,0,0,,0,0,0,0,0,0,0,0,0,0
421c3f368.jpg,1,1,3,3,7193,0,0,7193,0,0,0,1,0
421e48d36.jpg,0,0,,0,0,0,0,0,0,0,0,0,0
422003263.jpg,0,0,,0,0,0,0,0,0,0,0,0,0
4220ef6ea.jpg,0,0,,0,0,0,0,0,0,0,0,0,0
4232b6b9a.jpg,0,0,,0,0,0,0,0,0,0,0,0,0
42353cc21.jpg,1,1,3,3,69750,0,0,69750,0,0,0,1,0
42378d868.jpg,0,0,,0,0,0,0,0,0,0,0,0,0
423caf51d.jpg,1,1,3,3,8061,0,0,8061,0,0,0,1,0
4243c7476.jpg,1,1,3,3,4704,0,0,4704,0,0,0,1,0
424fead8c.jpg,0,0,,0,0,0,0,0,0,0,0,0,0
42527400c.jpg,1,2,3|4,3,17106,0,0,13085,4021,0,0,1,1
42547e84d.jpg,0,0,,0,0,0,0,0,0,0,0,0,0
4256aeb7b.jpg,0,0,,0,0,0,0,0,0,0,0,0,0
426581acf.jpg,1,1,3,3,4734,0,0,4734,0,0,0,1,0
42695cb60.jpg,1,1,3,3,5866,0,0,5866,0,0,0,1,0
426a4b4b8.jpg,0,0,,0,0,0,0,0,0,0,0,0,0
427085ef4.jpg,1,1,3,3,7159,0,0,7159,0,0,0,1,0
427c8b179.jpg,0,0,,0,0,0,0,0,0,0,0,0,0
4281f5d71.jpg,0,0,,0,0,0,0,0,0,0,0,0,0
428586f79.jpg,1,1,1,1,3790,3790,0,0,0,1,0,0,0
42877dc1a.jpg,1,2,3|4,4,86945,0,0,1146,85799,0,0,1,1
428ebe246.jpg,1,1,3,3,3092,0,0,3092,0,0,0,1,0
428f061fd.jpg,0,0,,0,0,0,0,0,0,0,0,0,0
42935bb3a.jpg,1,1,1,1,6100,6100,0,0,0,1,0,0,0
429650b38.jpg,1,1,3,3,2272,0,0,2272,0,0,0,1,0
429782c75.jpg,1,1,3,3,7196,0,0,7196,0,0,0,1,0
429951ca7.jpg,1,1,3,3,14328,0,0,14328,0,0,0,1,0
42996bbcf.jpg,1,1,3,3,447,0,0,447,0,0,0,1,0
429cbaa59.jpg,0,0,,0,0,0,0,0,0,0,0,0,0
42af54b00.jpg,1,1,3,3,67306,0,0,67306,0,0,0,1,0
42b08e994.jpg,0,0,,0,0,0,0,0,0,0,0,0,0
42b398dcf.jpg,1,1,1,1,3377,3377,0,0,0,1,0,0,0
42c24518d.jpg,0,0,,0,0,0,0,0,0,0,0,0,0
42caf4e12.jpg,1,1,3,3,16957,0,0,16957,0,0,0,1,0
42d2a363d.jpg,1,1,1,1,4680,4680,0,0,0,1,0,0,0
42d65967f.jpg,1,1,3,3,2860,0,0,2860,0,0,0,1,0
42dd20db7.jpg,1,1,2,2,3786,0,3786,0,0,0,1,0,0
42e3f99f6.jpg,0,0,,0,0,0,0,0,0,0,0,0,0
42e6b0f02.jpg,0,0,,0,0,0,0,0,0,0,0,0,0
42ef7e425.jpg,1,1,3,3,12296,0,0,12296,0,0,0,1,0
42f9b96b6.jpg,0,0,,0,0,0,0,0,0,0,0,0,0
4309cec5f.jpg,0,0,,0,0,0,0,0,0,0,0,0,0
431234941.jpg,1,1,3,3,57610,0,0,57610,0,0,0,1,0
43198fdde.jpg,0,0,,0,0,0,0,0,0,0,0,0,0
431af9f99.jpg,0,0,,0,0,0,0,0,0,0,0,0,0
432b81e2f.jpg,0,0,,0,0,0,0,0,0,0,0,0,0
432f8ce39.jpg,1,1,3,3,5504,0,0,5504,0,0,0,1,0
433ee3ba0.jpg,1,1,1,1,982,982,0,0,0,1,0,0,0
4340e1e42.jpg,1,1,3,3,82516,0,0,82516,0,0,0,1,0
4341a2af7.jpg,0,0,,0,0,0,0,0,0,0,0,0,0
43438f903.jpg,0,0,,0,0,0,0,0,0,0,0,0,0
4345c2b85.jpg,1,1,3,3,5921,0,0,5921,0,0,0,1,0
4345db2fc.jpg,1,1,3,3,136413,0,0,136413,0,0,0,1,0
434a1180c.jpg,0,0,,0,0,0,0,0,0,0,0,0,0
434d03372.jpg,1,1,3,3,21356,0,0,21356,0,0,0,1,0
434dc37a2.jpg,1,1,3,3,1150,0,0,1150,0,0,0,1,0
43513da40.jpg,0,0,,0,0,0,0,0,0,0,0,0,0
43529152d.jpg,0,0,,0,0,0,0,0,0,0,0,0,0
4353697d9.jpg,1,1,3,3,12278,0,0,12278,0,0,0,1,0
4355ef39b.jpg,1,1,1,1,941,941,0,0,0,1,0,0,0
435d7ac39.jpg,0,0,,0,0,0,0,0,0,0,0,0,0
4362eb86a.jpg,0,0,,0,0,0,0,0,0,0,0,0,0
436398e3b.jpg,1,1,3,3,16349,0,0,16349,0,0,0,1,0
43642ed3c.jpg,0,0,,0,0,0,0,0,0,0,0,0,0
436ab2c1e.jpg,0,0,,0,0,0,0,0,0,0,0,0,0
436cc0226.jpg,0,0,,0,0,0,0,0,0,0,0,0,0
436e3f4a0.jpg,1,1,3,3,3002,0,0,3002,0,0,0,1,0
43746d404.jpg,1,1,3,3,2669,0,0,2669,0,0,0,1,0
43758a8d2.jpg,0,0,,0,0,0,0,0,0,0,0,0,0
437c133a4.jpg,0,0,,0,0,0,0,0,0,0,0,0,0
438caa473.jpg,0,0,,0,0,0,0,0,0,0,0,0,0
43964f02b.jpg,0,0,,0,0,0,0,0,0,0,0,0,0
439e60ec8.jpg,1,1,3,3,35559,0,0,35559,0,0,0,1,0
439f1a016.jpg,1,1,1,1,2790,2790,0,0,0,1,0,0,0
43a450e62.jpg,1,1,3,3,14109,0,0,14109,0,0,0,1,0
43b6618bf.jpg,1,1,3,3,3760,0,0,3760,0,0,0,1,0
43bb3a898.jpg,1,1,3,3,2228,0,0,2228,0,0,0,1,0
43c0e310c.jpg,1,1,3,3,13338,0,0,13338,0,0,0,1,0
43c1e8a0b.jpg,1,1,3,3,1829,0,0,1829,0,0,0,1,0
43c5f80e6.jpg,0,0,,0,0,0,0,0,0,0,0,0,0
43c6a30fa.jpg,1,1,1,1,2633,2633,0,0,0,1,0,0,0
43d0303db.jpg,0,0,,0,0,0,0,0,0,0,0,0,0
43d7e6da0.jpg,1,1,4,4,29847,0,0,0,29847,0,0,0,1
43dac5ad5.jpg,1,1,3,3,16136,0,0,16136,0,0,0,1,0
43df0a876.jpg,1,1,3,3,3516,0,0,3516,0,0,0,1,0
43e4e9def.jpg,0,0,,0,0,0,0,0,0,0,0,0,0
43e5215d6.jpg,1,1,3,3,5853,0,0,5853,0,0,0,1,0
43e7d368f.jpg,0,0,,0,0,0,0,0,0,0,0,0,0
43e99cd80.jpg,0,0,,0,0,0,0,0,0,0,0,0,0
43eea2fe0.jpg,0,0,,0,0,0,0,0,0,0,0,0,0
43f517e5c.jpg,0,0,,0,0,0,0,0,0,0,0,0,0
43f6a4177.jpg,1,2,3|4,4,51162,0,0,22142,29020,0,0,1,1
43fcd5c0b.jpg,1,1,3,3,7555,0,0,7555,0,0,0,1,0
44011d351.jpg,1,1,1,1,6598,6598,0,0,0,1,0,0,0
440ce15f1.jpg,0,0,,0,0,0,0,0,0,0,0,0,0
441142b29.jpg,0,0,,0,0,0,0,0,0,0,0,0,0
441866b3d.jpg,1,1,3,3,3052,0,0,3052,0,0,0,1,0
441add89c.jpg,1,1,3,3,31327,0,0,31327,0,0,0,1,0
441cb4bcf.jpg,0,0,,0,0,0,0,0,0,0,0,0,0
4421ca253.jpg,0,0,,0,0,0,0,0,0,0,0,0,0
4422bc417.jpg,1,2,3|4,4,30083,0,0,5195,24888,0,0,1,1
4429c5e55.jpg,0,0,,0,0,0,0,0,0,0,0,0,0
442e75bf9.jpg,0,0,,0,0,0,0,0,0,0,0,0,0
443f8564b.jpg,1,1,3,3,13389,0,0,13389,0,0,0,1,0
44415ab00.jpg,1,1,2,2,5718,0,5718,0,0,0,1,0,0
4442a027e.jpg,0,0,,0,0,0,0,0,0,0,0,0,0
4448b4286.jpg,1,1,3,3,5465,0,0,5465,0,0,0,1,0
445dfb2ce.jpg,1,1,3,3,1666,0,0,1666,0,0,0,1,0
44668f045.jpg,1,1,3,3,173064,0,0,173064,0,0,0,1,0
446860e27.jpg,0,0,,0,0,0,0,0,0,0,0,0,0
446b75ffb.jpg,1,1,3,3,16354,0,0,16354,0,0,0,1,0
446b81b06.jpg,0,0,,0,0,0,0,0,0,0,0,0,0
446ba8f9b.jpg,1,1,3,3,5944,0,0,5944,0,0,0,1,0
446c4efb5.jpg,1,1,3,3,106162,0,0,106162,0,0,0,1,0
447038bc8.jpg,1,1,2,2,5110,0,5110,0,0,0,1,0,0
447d8ce19.jpg,1,1,3,3,8804,0,0,8804,0,0,0,1,0
448c5b1b1.jpg,0,0,,0,0,0,0,0,0,0,0,0,0
448e30068.jpg,1,1,3,3,1635,0,0,1635,0,0,0,1,0
448edb360.jpg,0,0,,0,0,0,0,0,0,0,0,0,0
4499aaa80.jpg,1,1,3,3,13873,0,0,13873,0,0,0,1,0
44a0d5b55.jpg,1,1,3,3,5120,0,0,5120,0,0,0,1,0
44a1e7d5f.jpg,1,1,3,3,3712,0,0,3712,0,0,0,1,0
44a2e6e51.jpg,1,2,3|4,3,50650,0,0,28315,22335,0,0,1,1
44a97f8a0.jpg,0,0,,0,0,0,0,0,0,0,0,0,0
44a9fd510.jpg,0,0,,0,0,0,0,0,0,0,0,0,0
44ad9ef30.jpg,1,1,3,3,5562,0,0,5562,0,0,0,1,0
44ada0c0b.jpg,1,1,3,3,739,0,0,739,0,0,0,1,0
44aea3a11.jpg,1,1,3,3,6615,0,0,6615,0,0,0,1,0
44afdef26.jpg,0,0,,0,0,0,0,0,0,0,0,0,0
44b72f5c7.jpg,0,0,,0,0,0,0,0,0,0,0,0,0
44b8a9dec.jpg,1,1,3,3,2138,0,0,2138,0,0,0,1,0
44bdd7c49.jpg,1,1,3,3,95176,0,0,95176,0,0,0,1,0
44bddb2d2.jpg,1,1,3,3,22324,0,0,22324,0,0,0,1,0
44c129ab7.jpg,1,1,3,3,20738,0,0,20738,0,0,0,1,0
44c7ae7bc.jpg,0,0,,0,0,0,0,0,0,0,0,0,0
44d46adc8.jpg,1,1,3,3,10913,0,0,10913,0,0,0,1,0
44d5767ee.jpg,1,1,4,4,57717,0,0,0,57717,0,0,0,1
44e685703.jpg,0,0,,0,0,0,0,0,0,0,0,0,0
44e94ec25.jpg,0,0,,0,0,0,0,0,0,0,0,0,0
44eaa8416.jpg,0,0,,0,0,0,0,0,0,0,0,0,0
44ec8bf6e.jpg,0,0,,0,0,0,0,0,0,0,0,0,0
44fdeaf56.jpg,0,0,,0,0,0,0,0,0,0,0,0,0
45041352a.jpg,0,0,,0,0,0,0,0,0,0,0,0,0
45059bf5b.jpg,0,0,,0,0,0,0,0,0,0,0,0,0
451335c9e.jpg,0,0,,0,0,0,0,0,0,0,0,0,0
451685808.jpg,0,0,,0,0,0,0,0,0,0,0,0,0
45212b455.jpg,1,1,3,3,4113,0,0,4113,0,0,0,1,0
4529ee151.jpg,1,1,3,3,12386,0,0,12386,0,0,0,1,0
45309a743.jpg,0,0,,0,0,0,0,0,0,0,0,0,0
453cb7bd8.jpg,0,0,,0,0,0,0,0,0,0,0,0,0
454a0693a.jpg,0,0,,0,0,0,0,0,0,0,0,0,0
454d794dc.jpg,1,2,3|4,4,61989,0,0,13856,48133,0,0,1,1
455241741.jpg,1,1,3,3,18075,0,0,18075,0,0,0,1,0
45612bd46.jpg,1,1,3,3,11342,0,0,11342,0,0,0,1,0
45680b581.jpg,0,0,,0,0,0,0,0,0,0,0,0,0
456b9952f.jpg,1,1,3,3,3053,0,0,3053,0,0,0,1,0
456d592c3.jpg,0,0,,0,0,0,0,0,0,0,0,0,0
456db19dc.jpg,0,0,,0,0,0,0,0,0,0,0,0,0
457055016.jpg,0,0,,0,0,0,0,0,0,0,0,0,0
45740ac20.jpg,1,1,3,3,4328,0,0,4328,0,0,0,1,0
4576c4722.jpg,0,0,,0,0,0,0,0,0,0,0,0,0
457d95686.jpg,0,0,,0,0,0,0,0,0,0,0,0,0
45878314e.jpg,0,0,,0,0,0,0,0,0,0,0,0,0
458b5f58b.jpg,0,0,,0,0,0,0,0,0,0,0,0,0
4590a4512.jpg,0,0,,0,0,0,0,0,0,0,0,0,0
4593a29c9.jpg,0,0,,0,0,0,0,0,0,0,0,0,0
459617182.jpg,1,1,1,1,2739,2739,0,0,0,1,0,0,0
459790d82.jpg,1,1,4,4,20090,0,0,0,20090,0,0,0,1
459840244.jpg,1,1,1,1,3802,3802,0,0,0,1,0,0,0
45988b743.jpg,0,0,,0,0,0,0,0,0,0,0,0,0
4598f8be0.jpg,1,1,3,3,15673,0,0,15673,0,0,0,1,0
45993565a.jpg,1,1,3,3,17383,0,0,17383,0,0,0,1,0
459cd013a.jpg,1,1,3,3,77049,0,0,77049,0,0,0,1,0
45a4c0a58.jpg,1,1,3,3,184522,0,0,184522,0,0,0,1,0
45a59cfec.jpg,1,1,3,3,55267,0,0,55267,0,0,0,1,0
45a876055.jpg,0,0,,0,0,0,0,0,0,0,0,0,0
45b099b06.jpg,1,1,3,3,22950,0,0,22950,0,0,0,1,0
45b362a50.jpg,1,1,3,3,5729,0,0,5729,0,0,0,1,0
45b946123.jpg,1,1,3,3,141532,0,0,141532,0,0,0,1,0
45ba100f4.jpg,1,1,3,3,55471,0,0,55471,0,0,0,1,0
45c1cce45.jpg,1,1,3,3,6441,0,0,6441,0,0,0,1,0
45c983e84.jpg,1,1,3,3,14002,0,0,14002,0,0,0,1,0
45ca0606a.jpg,0,0,,0,0,0,0,0,0,0,0,0,0
45cca62e0.jpg,1,1,3,3,41810,0,0,41810,0,0,0,1,0
45cd496e1.jpg,0,0,,0,0,0,0,0,0,0,0,0,0
45d294946.jpg,1,1,3,3,227485,0,0,227485,0,0,0,1,0
45d8d79d7.jpg,0,0,,0,0,0,0,0,0,0,0,0,0
45d8e1473.jpg,1,1,3,3,4161,0,0,4161,0,0,0,1,0
45e10836b.jpg,1,1,3,3,4362,0,0,4362,0,0,0,1,0
45e2d90b0.jpg,0,0,,0,0,0,0,0,0,0,0,0,0
45ebf8adb.jpg,0,0,,0,0,0,0,0,0,0,0,0,0
45f29ca63.jpg,0,0,,0,0,0,0,0,0,0,0,0,0
45f3d518d.jpg,0,0,,0,0,0,0,0,0,0,0,0,0
45f4acb24.jpg,0,0,,0,0,0,0,0,0,0,0,0,0
45f984c71.jpg,0,0,,0,0,0,0,0,0,0,0,0,0
460ab7579.jpg,1,1,3,3,13999,0,0,13999,0,0,0,1,0
460b13d7e.jpg,1,1,3,3,155186,0,0,155186,0,0,0,1,0
460d229ec.jpg,1,1,1,1,465,465,0,0,0,1,0,0,0
460e2213c.jpg,1,1,1,1,14166,14166,0,0,0,1,0,0,0
4613bc12c.jpg,1,1,3,3,79332,0,0,79332,0,0,0,1,0
4613c44fe.jpg,0,0,,0,0,0,0,0,0,0,0,0,0
4613d520c.jpg,1,1,2,2,7812,0,7812,0,0,0,1,0,0
46160f1f5.jpg,1,1,3,3,4480,0,0,4480,0,0,0,1,0
461f83c57.jpg,1,1,1,1,2332,2332,0,0,0,1,0,0,0
461fb4927.jpg,1,1,1,1,2953,2953,0,0,0,1,0,0,0
463108c67.jpg,1,1,1,1,5484,5484,0,0,0,1,0,0,0
463145f22.jpg,0,0,,0,0,0,0,0,0,0,0,0,0
46355008b.jpg,0,0,,0,0,0,0,0,0,0,0,0,0
4638d6124.jpg,0,0,,0,0,0,0,0,0,0,0,0,0
463fe382b.jpg,1,1,2,2,2592,0,2592,0,0,0,1,0,0
464917fe0.jpg,1,1,3,3,21815,0,0,21815,0,0,0,1,0
464987349.jpg,1,1,3,3,4460,0,0,4460,0,0,0,1,0
464a009f9.jpg,1,1,3,3,265513,0,0,265513,0,0,0,1,0
46529ecd4.jpg,0,0,,0,0,0,0,0,0,0,0,0,0
465808594.jpg,1,1,3,3,10537,0,0,10537,0,0,0,1,0
46582cff8.jpg,1,1,3,3,3590,0,0,3590,0,0,0,1,0
46593c14a.jpg,0,0,,0,0,0,0,0,0,0,0,0,0
46655e050.jpg,1,2,3|4,4,9661,0,0,1685,7976,0,0,1,1
467ba206c.jpg,0,0,,0,0,0,0,0,0,0,0,0,0
46866c984.jpg,0,0,,0,0,0,0,0,0,0,0,0,0
4687087d5.jpg,0,0,,0,0,0,0,0,0,0,0,0,0
4687b4274.jpg,0,0,,0,0,0,0,0,0,0,0,0,0
46892b360.jpg,0,0,,0,0,0,0,0,0,0,0,0,0
4695c2d2a.jpg,1,1,3,3,8803,0,0,8803,0,0,0,1,0
46ace1c15.jpg,0,0,,0,0,0,0,0,0,0,0,0,0
46af8b042.jpg,1,1,3,3,5791,0,0,5791,0,0,0,1,0
46b1a844e.jpg,0,0,,0,0,0,0,0,0,0,0,0,0
46c422f03.jpg,0,0,,0,0,0,0,0,0,0,0,0,0
46cf197cc.jpg,0,0,,0,0,0,0,0,0,0,0,0,0
46dd7fa76.jpg,1,1,3,3,43715,0,0,43715,0,0,0,1,0
46ddd1f95.jpg,0,0,,0,0,0,0,0,0,0,0,0,0
46df1500e.jpg,0,0,,0,0,0,0,0,0,0,0,0,0
46dfd5be4.jpg,1,1,3,3,39183,0,0,39183,0,0,0,1,0
46e0f0f9c.jpg,1,1,3,3,106902,0,0,106902,0,0,0,1,0
46ead28ad.jpg,0,0,,0,0,0,0,0,0,0,0,0,0
47069e0a5.jpg,0,0,,0,0,0,0,0,0,0,0,0,0
470a96423.jpg,1,1,3,3,7878,0,0,7878,0,0,0,1,0
47111332b.jpg,1,1,3,3,81541,0,0,81541,0,0,0,1,0
471a0c83c.jpg,1,1,3,3,6961,0,0,6961,0,0,0,1,0
471b423b1.jpg,1,1,3,3,12997,0,0,12997,0,0,0,1,0
472407235.jpg,1,1,3,3,12476,0,0,12476,0,0,0,1,0
47274aef1.jpg,0,0,,0,0,0,0,0,0,0,0,0,0
4729288ed.jpg,0,0,,0,0,0,0,0,0,0,0,0,0
4731d41e8.jpg,0,0,,0,0,0,0,0,0,0,0,0,0
4732de460.jpg,0,0,,0,0,0,0,0,0,0,0,0,0
4733edde8.jpg,1,1,3,3,9955,0,0,9955,0,0,0,1,0
4738a7cf7.jpg,0,0,,0,0,0,0,0,0,0,0,0,0
474104794.jpg,1,1,4,4,20544,0,0,0,20544,0,0,0,1
47454aedd.jpg,1,1,3,3,31459,0,0,31459,0,0,0,1,0
474c5f34e.jpg,1,1,3,3,18688,0,0,18688,0,0,0,1,0
47568c5de.jpg,1,1,3,3,53636,0,0,53636,0,0,0,1,0
475f45f13.jpg,0,0,,0,0,0,0,0,0,0,0,0,0
4764e0838.jpg,0,0,,0,0,0,0,0,0,0,0,0,0
476a0129a.jpg,1,1,3,3,17408,0,0,17408,0,0,0,1,0
476efaa3d.jpg,1,2,3|4,3,94547,0,0,61639,32908,0,0,1,1
477a186bc.jpg,1,1,3,3,5135,0,0,5135,0,0,0,1,0
4783eb121.jpg,1,1,3,3,18842,0,0,18842,0,0,0,1,0
4784189ec.jpg,1,1,3,3,17471,0,0,17471,0,0,0,1,0
4787645e5.jpg,1,1,3,3,13043,0,0,13043,0,0,0,1,0
478d8265d.jpg,0,0,,0,0,0,0,0,0,0,0,0,0
478dc217a.jpg,0,0,,0,0,0,0,0,0,0,0,0,0
478ff6696.jpg,1,1,3,3,36179,0,0,36179,0,0,0,1,0
479ec009a.jpg,1,1,4,4,39657,0,0,0,39657,0,0,0,1
47a0ed2bb.jpg,0,0,,0,0,0,0,0,0,0,0,0,0
47a18bd61.jpg,1,1,1,1,3796,3796,0,0,0,1,0,0,0
47a193b76.jpg,1,1,3,3,33110,0,0,33110,0,0,0,1,0
47a1cf315.jpg,0,0,,0,0,0,0,0,0,0,0,0,0
47a26bb25.jpg,0,0,,0,0,0,0,0,0,0,0,0,0
47a629526.jpg,1,2,3|4,3,46327,0,0,29016,17311,0,0,1,1
47aae4725.jpg,1,1,3,3,12754,0,0,12754,0,0,0,1,0
47ac2a18c.jpg,0,0,,0,0,0,0,0,0,0,0,0,0
47aea9052.jpg,1,1,4,4,49553,0,0,0,49553,0,0,0,1
47b5ab1bd.jpg,1,1,3,3,4706,0,0,4706,0,0,0,1,0
47c24f230.jpg,1,1,1,1,1692,1692,0,0,0,1,0,0,0
47c2607ee.jpg,0,0,,0,0,0,0,0,0,0,0,0,0
47cee01b1.jpg,1,1,3,3,2002,0,0,2002,0,0,0,1,0
47cf3a13c.jpg,1,1,1,1,5661,5661,0,0,0,1,0,0,0
47d3379c1.jpg,1,1,1,1,4520,4520,0,0,0,1,0,0,0
47d8d490a.jpg,1,1,3,3,4759,0,0,4759,0,0,0,1,0
47d9b630e.jpg,1,1,3,3,41957,0,0,41957,0,0,0,1,0
47dc31ace.jpg,1,1,3,3,11138,0,0,11138,0,0,0,1,0
47dfe1d85.jpg,0,0,,0,0,0,0,0,0,0,0,0,0
47e0685d0.jpg,0,0,,0,0,0,0,0,0,0,0,0,0
47e1ec88e.jpg,1,1,3,3,16164,0,0,16164,0,0,0,1,0
47e3185de.jpg,0,0,,0,0,0,0,0,0,0,0,0,0
47ee54ab1.jpg,0,0,,0,0,0,0,0,0,0,0,0,0
47f02f32b.jpg,0,0,,0,0,0,0,0,0,0,0,0,0
47f4eb2de.jpg,0,0,,0,0,0,0,0,0,0,0,0,0
47f5c8e07.jpg,1,1,1,1,3864,3864,0,0,0,1,0,0,0
47f7d89cc.jpg,0,0,,0,0,0,0,0,0,0,0,0,0
47ffb18d5.jpg,0,0,,0,0,0,0,0,0,0,0,0,0
4803fc0ae.jpg,1,1,3,3,8514,0,0,8514,0,0,0,1,0
48052a486.jpg,0,0,,0,0,0,0,0,0,0,0,0,0
481ddca2b.jpg,0,0,,0,0,0,0,0,0,0,0,0,0
4824f9200.jpg,0,0,,0,0,0,0,0,0,0,0,0,0
482abe878.jpg,0,0,,0,0,0,0,0,0,0,0,0,0
482e2e173.jpg,0,0,,0,0,0,0,0,0,0,0,0,0
483e4b5f7.jpg,1,1,3,3,12043,0,0,12043,0,0,0,1,0
484439824.jpg,1,1,3,3,6737,0,0,6737,0,0,0,1,0
484830d85.jpg,0,0,,0,0,0,0,0,0,0,0,0,0
48532e006.jpg,1,1,3,3,18465,0,0,18465,0,0,0,1,0
4854add54.jpg,1,1,3,3,31155,0,0,31155,0,0,0,1,0
4857d0687.jpg,1,1,3,3,9454,0,0,9454,0,0,0,1,0
485ed6221.jpg,1,1,3,3,5653,0,0,5653,0,0,0,1,0
48626da29.jpg,1,1,4,4,5799,0,0,0,5799,0,0,0,1
486274941.jpg,0,0,,0,0,0,0,0,0,0,0,0,0
4866bcfd7.jpg,0,0,,0,0,0,0,0,0,0,0,0,0
486b452b6.jpg,1,1,3,3,17378,0,0,17378,0,0,0,1,0
4874f19dd.jpg,1,1,3,3,2338,0,0,2338,0,0,0,1,0
48831ab9e.jpg,1,1,3,3,5387,0,0,5387,0,0,0,1,0
48842c265.jpg,0,0,,0,0,0,0,0,0,0,0,0,0
488922ac2.jpg,1,1,2,2,1947,0,1947,0,0,0,1,0,0
488c35cf9.jpg,1,1,3,3,2521,0,0,2521,0,0,0,1,0
4895e51ff.jpg,0,0,,0,0,0,0,0,0,0,0,0,0
489bc785a.jpg,1,1,3,3,9461,0,0,9461,0,0,0,1,0
48b05cf7a.jpg,0,0,,0,0,0,0,0,0,0,0,0,0
48b41f49d.jpg,0,0,,0,0,0,0,0,0,0,0,0,0
48be84097.jpg,0,0,,0,0,0,0,0,0,0,0,0,0
48bf87000.jpg,0,0,,0,0,0,0,0,0,0,0,0,0
48bfce24a.jpg,0,0,,0,0,0,0,0,0,0,0,0,0
48c05765d.jpg,0,0,,0,0,0,0,0,0,0,0,0,0
48c466789.jpg,1,1,4,4,28237,0,0,0,28237,0,0,0,1
48c7eaaea.jpg,0,0,,0,0,0,0,0,0,0,0,0,0
48ed03e48.jpg,1,1,3,3,11531,0,0,11531,0,0,0,1,0
48f24cf29.jpg,0,0,,0,0,0,0,0,0,0,0,0,0
48f69ea12.jpg,1,1,1,1,566,566,0,0,0,1,0,0,0
48f6abec0.jpg,1,1,3,3,5688,0,0,5688,0,0,0,1,0
48fee593e.jpg,0,0,,0,0,0,0,0,0,0,0,0,0
4913bc8ce.jpg,0,0,,0,0,0,0,0,0,0,0,0,0
491d49760.jpg,0,0,,0,0,0,0,0,0,0,0,0,0
4932f1a80.jpg,1,1,1,1,4104,4104,0,0,0,1,0,0,0
49402d46c.jpg,0,0,,0,0,0,0,0,0,0,0,0,0
4941491de.jpg,1,1,3,3,16005,0,0,16005,0,0,0,1,0
49416ce82.jpg,1,1,3,3,5085,0,0,5085,0,0,0,1,0
4945a40e6.jpg,0,0,,0,0,0,0,0,0,0,0,0,0
494dbc6f6.jpg,0,0,,0,0,0,0,0,0,0,0,0,0
494ead378.jpg,1,1,3,3,10177,0,0,10177,0,0,0,1,0
4956b306e.jpg,0,0,,0,0,0,0,0,0,0,0,0,0
49581de0a.jpg,0,0,,0,0,0,0,0,0,0,0,0,0
4959ec2e7.jpg,0,0,,0,0,0,0,0,0,0,0,0,0
495d5828b.jpg,1,1,4,4,38401,0,0,0,38401,0,0,0,1
49602e70e.jpg,0,0,,0,0,0,0,0,0,0,0,0,0
4962b3544.jpg,0,0,,0,0,0,0,0,0,0,0,0,0
496656148.jpg,0,0,,0,0,0,0,0,0,0,0,0,0
496790c19.jpg,1,1,3,3,3865,0,0,3865,0,0,0,1,0
497d0a057.jpg,1,1,3,3,198011,0,0,198011,0,0,0,1,0
49828a82f.jpg,0,0,,0,0,0,0,0,0,0,0,0,0
498b9c526.jpg,1,1,3,3,18934,0,0,18934,0,0,0,1,0
4992fae6f.jpg,1,1,1,1,4268,4268,0,0,0,1,0,0,0
499e4d3f0.jpg,0,0,,0,0,0,0,0,0,0,0,0,0
49a0e2310.jpg,1,1,3,3,5100,0,0,5100,0,0,0,1,0
49a46692e.jpg,1,2,3|4,4,42830,0,0,5486,37344,0,0,1,1
49a4b51fa.jpg,0,0,,0,0,0,0,0,0,0,0,0,0
49aa956ea.jpg,0,0,,0,0,0,0,0,0,0,0,0,0
49aba8b85.jpg,1,1,1,1,13911,13911,0,0,0,1,0,0,0
49acef8b0.jpg,0,0,,0,0,0,0,0,0,0,0,0,0
49b22649d.jpg,0,0,,0,0,0,0,0,0,0,0,0,0
49b34e921.jpg,1,1,4,4,44846,0,0,0,44846,0,0,0,1
49b83d8fa.jpg,1,1,3,3,5433,0,0,5433,0,0,0,1,0
49c01817b.jpg,0,0,,0,0,0,0,0,0,0,0,0,0
49c035d7e.jpg,1,1,3,3,12701,0,0,12701,0,0,0,1,0
49c24c9a8.jpg,1,1,1,1,6372,6372,0,0,0,1,0,0,0
49c529ce6.jpg,0,0,,0,0,0,0,0,0,0,0,0,0
49cf406c7.jpg,1,1,3,3,33830,0,0,33830,0,0,0,1,0
49d1ff5e2.jpg,1,1,3,3,52486,0,0,52486,0,0,0,1,0
49d28224c.jpg,1,1,3,3,9088,0,0,9088,0,0,0,1,0
49d6875d0.jpg,0,0,,0,0,0,0,0,0,0,0,0,0
49da138ee.jpg,1,1,4,4,103311,0,0,0,103311,0,0,0,1
49e374bd3.jpg,0,0,,0,0,0,0,0,0,0,0,0,0
49e3afca8.jpg,1,1,3,3,41630,0,0,41630,0,0,0,1,0
49e401327.jpg,0,0,,0,0,0,0,0,0,0,0,0,0
49eee55c2.jpg,0,0,,0,0,0,0,0,0,0,0,0,0
49f3d04c2.jpg,0,0,,0,0,0,0,0,0,0,0,0,0
49fa7d0fa.jpg,1,2,3|4,4,58895,0,0,19877,39018,0,0,1,1
4a00eaee7.jpg,0,0,,0,0,0,0,0,0,0,0,0,0
4a0e9c3b2.jpg,0,0,,0,0,0,0,0,0,0,0,0,0
4a206315f.jpg,0,0,,0,0,0,0,0,0,0,0,0,0
4a3180158.jpg,0,0,,0,0,0,0,0,0,0,0,0,0
4a3349094.jpg,0,0,,0,0,0,0,0,0,0,0,0,0
4a38d7ed7.jpg,1,1,3,3,23116,0,0,23116,0,0,0,1,0
4a39fd531.jpg,1,1,4,4,9560,0,0,0,9560,0,0,0,1
4a3d33d97.jpg,0,0,,0,0,0,0,0,0,0,0,0,0
4a4bb688a.jpg,0,0,,0,0,0,0,0,0,0,0,0,0
4a4c18443.jpg,0,0,,0,0,0,0,0,0,0,0,0,0
4a4f274d1.jpg,1,1,3,3,2110,0,0,2110,0,0,0,1,0
4a52380d8.jpg,1,1,3,3,31450,0,0,31450,0,0,0,1,0
4a585e4e9.jpg,0,0,,0,0,0,0,0,0,0,0,0,0
4a5beea32.jpg,1,1,3,3,9394,0,0,9394,0,0,0,1,0
4a662783b.jpg,1,1,3,3,4649,0,0,4649,0,0,0,1,0
4a6a40fa0.jpg,0,0,,0,0,0,0,0,0,0,0,0,0
4a6f4aec4.jpg,0,0,,0,0,0,0,0,0,0,0,0,0
4a7295387.jpg,0,0,,0,0,0,0,0,0,0,0,0,0
4a80680e5.jpg,0,0,,0,0,0,0,0,0,0,0,0,0
4a83765e1.jpg,0,0,,0,0,0,0,0,0,0,0,0,0
4a9bd840f.jpg,1,2,3|4,4,98358,0,0,9966,88392,0,0,1,1
4aa45169c.jpg,0,0,,0,0,0,0,0,0,0,0,0,0
4aa5742ee.jpg,0,0,,0,0,0,0,0,0,0,0,0,0
4aa9afc78.jpg,1,2,3|4,4,26545,0,0,10491,16054,0,0,1,1
4aac09cdc.jpg,0,0,,0,0,0,0,0,0,0,0,0,0
4ab0e98e2.jpg,0,0,,0,0,0,0,0,0,0,0,0,0
4ab1aeab6.jpg,1,1,4,4,16327,0,0,0,16327,0,0,0,1
4ab570f98.jpg,0,0,,0,0,0,0,0,0,0,0,0,0
4ab8a2a13.jpg,1,1,3,3,10604,0,0,10604,0,0,0,1,0
4abec5e22.jpg,1,1,3,3,2773,0,0,2773,0,0,0,1,0
4abec9197.jpg,0,0,,0,0,0,0,0,0,0,0,0,0
4ac70e968.jpg,0,0,,0,0,0,0,0,0,0,0,0,0
4ac80db87.jpg,0,0,,0,0,0,0,0,0,0,0,0,0
4aca6c4a7.jpg,1,1,3,3,4103,0,0,4103,0,0,0,1,0
4accda000.jpg,1,1,3,3,23774,0,0,23774,0,0,0,1,0
4ad6e9c90.jpg,1,1,3,3,10485,0,0,10485,0,0,0,1,0
4adc459d5.jpg,1,1,3,3,150,0,0,150,0,0,0,1,0
4ade4b747.jpg,1,2,1|3,3,8171,3819,0,4352,0,1,0,1,0
4adecf939.jpg,0,0,,0,0,0,0,0,0,0,0,0,0
4aed3c85d.jpg,0,0,,0,0,0,0,0,0,0,0,0,0
4aee61007.jpg,0,0,,0,0,0,0,0,0,0,0,0,0
4af0f0204.jpg,1,1,3,3,4108,0,0,4108,0,0,0,1,0
4af60d51c.jpg,0,0,,0,0,0,0,0,0,0,0,0,0
4af9e9b53.jpg,1,1,3,3,22656,0,0,22656,0,0,0,1,0
4b09a3911.jpg,1,1,3,3,13534,0,0,13534,0,0,0,1,0
4b159f1b8.jpg,0,0,,0,0,0,0,0,0,0,0,0,0
4b16dc9ee.jpg,1,2,3|4,4,33609,0,0,14684,18925,0,0,1,1
4b1d2a283.jpg,1,1,3,3,18033,0,0,18033,0,0,0,1,0
4b281fb8b.jpg,0,0,,0,0,0,0,0,0,0,0,0,0
4b286bf39.jpg,1,1,3,3,11103,0,0,11103,0,0,0,1,0
4b3de8933.jpg,1,1,3,3,7773,0,0,7773,0,0,0,1,0
4b4bbf418.jpg,1,1,3,3,26154,0,0,26154,0,0,0,1,0
4b5006ba7.jpg,0,0,,0,0,0,0,0,0,0,0,0,0
4b5490a9f.jpg,1,1,1,1,3019,3019,0,0,0,1,0,0,0
4b56df46d.jpg,1,2,3|4,4,19678,0,0,5046,14632,0,0,1,1
4b5a7abdc.jpg,0,0,,0,0,0,0,0,0,0,0,0,0
4b624bfdf.jpg,1,1,3,3,93834,0,0,93834,0,0,0,1,0
4b628b398.jpg,1,1,3,3,14636,0,0,14636,0,0,0,1,0
4b6e6a56e.jpg,1,1,3,3,18420,0,0,18420,0,0,0,1,0
4b712bf89.jpg,1,1,3,3,5243,0,0,5243,0,0,0,1,0
4b762b230.jpg,1,1,3,3,49870,0,0,49870,0,0,0,1,0
4b767f114.jpg,0,0,,0,0,0,0,0,0,0,0,0,0
4b7967ef9.jpg,0,0,,0,0,0,0,0,0,0,0,0,0
4b902c994.jpg,1,1,3,3,23272,0,0,23272,0,0,0,1,0
4b925c919.jpg,1,1,3,3,39972,0,0,39972,0,0,0,1,0
4b9664b0a.jpg,1,1,3,3,4221,0,0,4221,0,0,0,1,0
4b9eb5d64.jpg,1,1,3,3,54489,0,0,54489,0,0,0,1,0
4ba3c73f3.jpg,0,0,,0,0,0,0,0,0,0,0,0,0
4ba512c11.jpg,0,0,,0,0,0,0,0,0,0,0,0,0
4ba9def27.jpg,0,0,,0,0,0,0,0,0,0,0,0,0
4bb0742a2.jpg,0,0,,0,0,0,0,0,0,0,0,0,0
4bb7b1660.jpg,0,0,,0,0,0,0,0,0,0,0,0,0
4bb7baa20.jpg,1,1,3,3,3960,0,0,3960,0,0,0,1,0
4bba4f866.jpg,1,1,3,3,5717,0,0,5717,0,0,0,1,0
4bbbd8112.jpg,0,0,,0,0,0,0,0,0,0,0,0,0
4bbf28a86.jpg,0,0,,0,0,0,0,0,0,0,0,0,0
4bbfad337.jpg,0,0,,0,0,0,0,0,0,0,0,0,0
4bc04da70.jpg,1,1,3,3,8430,0,0,8430,0,0,0,1,0
4bc13de99.jpg,1,1,3,3,42861,0,0,42861,0,0,0,1,0
4bd15a7ae.jpg,1,1,4,4,44673,0,0,0,44673,0,0,0,1
4bd3d3a2a.jpg,0,0,,0,0,0,0,0,0,0,0,0,0
4bdc70b1d.jpg,0,0,,0,0,0,0,0,0,0,0,0,0
4bec8370f.jpg,0,0,,0,0,0,0,0,0,0,0,0,0
4bee25e3e.jpg,0,0,,0,0,0,0,0,0,0,0,0,0
4befc8dcf.jpg,1,1,3,3,10818,0,0,10818,0,0,0,1,0
4bf305cdc.jpg,0,0,,0,0,0,0,0,0,0,0,0,0
4bf441d2e.jpg,0,0,,0,0,0,0,0,0,0,0,0,0
4bf727605.jpg,0,0,,0,0,0,0,0,0,0,0,0,0
4bf953606.jpg,1,1,3,3,8795,0,0,8795,0,0,0,1,0
4bf995227.jpg,1,1,3,3,12393,0,0,12393,0,0,0,1,0
4bfbe85ff.jpg,1,1,4,4,63507,0,0,0,63507,0,0,0,1
4bff64460.jpg,0,0,,0,0,0,0,0,0,0,0,0,0
4c03cad47.jpg,1,1,3,3,25046,0,0,25046,0,0,0,1,0
4c101a491.jpg,1,1,1,1,708,708,0,0,0,1,0,0,0
4c10454f2.jpg,0,0,,0,0,0,0,0,0,0,0,0,0
4c12f034c.jpg,1,1,3,3,16646,0,0,16646,0,0,0,1,0
4c13a35f4.jpg,0,0,,0,0,0,0,0,0,0,0,0,0
4c18e968f.jpg,1,1,3,3,30592,0,0,30592,0,0,0,1,0
4c1d3df65.jpg,0,0,,0,0,0,0,0,0,0,0,0,0
4c2198026.jpg,1,1,3,3,3584,0,0,3584,0,0,0,1,0
4c255637f.jpg,0,0,,0,0,0,0,0,0,0,0,0,0
4c2b3ccc9.jpg,1,1,3,3,36156,0,0,36156,0,0,0,1,0
4c2bd254d.jpg,1,1,3,3,8592,0,0,8592,0,0,0,1,0
4c2f5781f.jpg,0,0,,0,0,0,0,0,0,0,0,0,0
4c3100013.jpg,1,1,3,3,2509,0,0,2509,0,0,0,1,0
4c312324d.jpg,0,0,,0,0,0,0,0,0,0,0,0,0
4c353fd1a.jpg,1,1,3,3,2941,0,0,2941,0,0,0,1,0
4c36590af.jpg,1,1,4,4,100071,0,0,0,100071,0,0,0,1
4c3afd528.jpg,1,1,3,3,13533,0,0,13533,0,0,0,1,0
4c3e41efe.jpg,0,0,,0,0,0,0,0,0,0,0,0,0
4c40deb9a.jpg,0,0,,0,0,0,0,0,0,0,0,0,0
4c429755c.jpg,0,0,,0,0,0,0,0,0,0,0,0,0
4c47ebc03.jpg,1,1,1,1,1743,1743,0,0,0,1,0,0,0
4c5617af0.jpg,0,0,,0,0,0,0,0,0,0,0,0,0
4c6110948.jpg,1,1,3,3,19051,0,0,19051,0,0,0,1,0
4c67c9b8e.jpg,1,1,1,1,2288,2288,0,0,0,1,0,0,0
4c6a55f89.jpg,1,1,4,4,52633,0,0,0,52633,0,0,0,1
4c770beb5.jpg,1,2,3|4,3,38390,0,0,24110,14280,0,0,1,1
4c7ff2056.jpg,1,1,3,3,87983,0,0,87983,0,0,0,1,0
4c8168fcb.jpg,1,1,4,4,17059,0,0,0,17059,0,0,0,1
4c81f867f.jpg,0,0,,0,0,0,0,0,0,0,0,0,0
4c8759dd0.jpg,1,1,3,3,3921,0,0,3921,0,0,0,1,0
4c8bcf636.jpg,0,0,,0,0,0,0,0,0,0,0,0,0
4c9245dcf.jpg,1,1,3,3,10321,0,0,10321,0,0,0,1,0
4c9408c95.jpg,0,0,,0,0,0,0,0,0,0,0,0,0
4ca64717c.jpg,1,1,3,3,4880,0,0,4880,0,0,0,1,0
4cb193d84.jpg,0,0,,0,0,0,0,0,0,0,0,0,0
4cb3f36d4.jpg,0,0,,0,0,0,0,0,0,0,0,0,0
4cb4d7b60.jpg,0,0,,0,0,0,0,0,0,0,0,0,0
4cb7e5302.jpg,1,1,3,3,7296,0,0,7296,0,0,0,1,0
4cb98a183.jpg,0,0,,0,0,0,0,0,0,0,0,0,0
4cbb91ed2.jpg,1,1,3,3,28887,0,0,28887,0,0,0,1,0
4cc2c7b57.jpg,1,1,3,3,115395,0,0,115395,0,0,0,1,0
4cc6b09fd.jpg,1,1,3,3,31731,0,0,31731,0,0,0,1,0
4cca18753.jpg,1,1,2,2,3584,0,3584,0,0,0,1,0,0
4cccbe396.jpg,1,1,3,3,11706,0,0,11706,0,0,0,1,0
4cd17e5b9.jpg,1,1,3,3,32544,0,0,32544,0,0,0,1,0
4cd9bef81.jpg,0,0,,0,0,0,0,0,0,0,0,0,0
4ce4fc0ef.jpg,0,0,,0,0,0,0,0,0,0,0,0,0
4ce761f01.jpg,0,0,,0,0,0,0,0,0,0,0,0,0
4cf035406.jpg,0,0,,0,0,0,0,0,0,0,0,0,0
4cf3b3988.jpg,1,1,1,1,4359,4359,0,0,0,1,0,0,0
4cf6612c8.jpg,0,0,,0,0,0,0,0,0,0,0,0,0
4cf93f820.jpg,0,0,,0,0,0,0,0,0,0,0,0,0
4cfa918cc.jpg,0,0,,0,0,0,0,0,0,0,0,0,0
4d042c66f.jpg,1,1,3,3,81555,0,0,81555,0,0,0,1,0
4d0883b27.jpg,0,0,,0,0,0,0,0,0,0,0,0,0
4d0d86a96.jpg,1,1,3,3,13126,0,0,13126,0,0,0,1,0
4d0d9efd8.jpg,0,0,,0,0,0,0,0,0,0,0,0,0
4d10e57c3.jpg,0,0,,0,0,0,0,0,0,0,0,0,0
4d1444a12.jpg,1,2,3|4,4,87340,0,0,925,86415,0,0,1,1
4d1aa2558.jpg,0,0,,0,0,0,0,0,0,0,0,0,0
4d35cc84e.jpg,1,1,3,3,10420,0,0,10420,0,0,0,1,0
4d38c353e.jpg,1,2,3|4,3,30703,0,0,18940,11763,0,0,1,1
4d39da061.jpg,0,0,,0,0,0,0,0,0,0,0,0,0
4d47928bc.jpg,0,0,,0,0,0,0,0,0,0,0,0,0
4d4cb6e78.jpg,1,1,3,3,6144,0,0,6144,0,0,0,1,0
4d4dd1754.jpg,1,1,3,3,15911,0,0,15911,0,0,0,1,0
4d5108fe6.jpg,0,0,,0,0,0,0,0,0,0,0,0,0
4d57922af.jpg,1,1,4,4,21662,0,0,0,21662,0,0,0,1
4d586677e.jpg,1,1,3,3,10649,0,0,10649,0,0,0,1,0
4d5d2405d.jpg,0,0,,0,0,0,0,0,0,0,0,0,0
4d68a7a1a.jpg,0,0,,0,0,0,0,0,0,0,0,0,0
4d693ffaa.jpg,0,0,,0,0,0,0,0,0,0,0,0,0
4d6973926.jpg,1,1,3,3,8318,0,0,8318,0,0,0,1,0
4d6cff7f8.jpg,1,1,3,3,6359,0,0,6359,0,0,0,1,0
4d6da5e7d.jpg,1,1,3,3,2652,0,0,2652,0,0,0,1,0
4d72fc6d0.jpg,0,0,,0,0,0,0,0,0,0,0,0,0
4d7acd005.jpg,1,1,3,3,14383,0,0,14383,0,0,0,1,0
4d872dfd7.jpg,0,0,,0,0,0,0,0,0,0,0,0,0
4d8fac53d.jpg,0,0,,0,0,0,0,0,0,0,0,0,0
4d930ad34.jpg,1,1,1,1,3807,3807,0,0,0,1,0,0,0
4d93e9c21.jpg,1,1,3,3,334142,0,0,334142,0,0,0,1,0
4d967fdb0.jpg,1,1,3,3,14643,0,0,14643,0,0,0,1,0
4d9973900.jpg,0,0,,0,0,0,0,0,0,0,0,0,0
4d9b0f8c6.jpg,1,1,3,3,3433,0,0,3433,0,0,0,1,0
4d9bb7560.jpg,0,0,,0,0,0,0,0,0,0,0,0,0
4d9fadf79.jpg,0,0,,0,0,0,0,0,0,0,0,0,0
4da0260d5.jpg,0,0,,0,0,0,0,0,0,0,0,0,0
4da4b15f4.jpg,0,0,,0,0,0,0,0,0,0,0,0,0
4da66ae64.jpg,0,0,,0,0,0,0,0,0,0,0,0,0
4db0d16c2.jpg,0,0,,0,0,0,0,0,0,0,0,0,0
4db535653.jpg,1,1,1,1,6254,6254,0,0,0,1,0,0,0
4dba4db98.jpg,1,1,3,3,44721,0,0,44721,0,0,0,1,0
4dbadaa3e.jpg,1,2,1|3,3,10143,799,0,9344,0,1,0,1,0
4dbe12a7b.jpg,1,1,3,3,6624,0,0,6624,0,0,0,1,0
4dc35083b.jpg,1,1,3,3,19614,0,0,19614,0,0,0,1,0
4dc6582d3.jpg,0,0,,0,0,0,0,0,0,0,0,0,0
4dc86abd8.jpg,0,0,,0,0,0,0,0,0,0,0,0,0
4dc8b9c03.jpg,1,1,3,3,17983,0,0,17983,0,0,0,1,0
4dcb6f67a.jpg,1,1,3,3,5366,0,0,5366,0,0,0,1,0
4dd35625f.jpg,1,1,3,3,75201,0,0,75201,0,0,0,1,0
4dd52fc23.jpg,1,2,3|4,3,79800,0,0,50183,29617,0,0,1,1
4de08bdef.jpg,0,0,,0,0,0,0,0,0,0,0,0,0
4de568a45.jpg,0,0,,0,0,0,0,0,0,0,0,0,0
4defcdb36.jpg,1,1,3,3,8787,0,0,8787,0,0,0,1,0
4df49614a.jpg,0,0,,0,0,0,0,0,0,0,0,0,0
4dfd9c462.jpg,1,1,3,3,6352,0,0,6352,0,0,0,1,0
4e10c8425.jpg,0,0,,0,0,0,0,0,0,0,0,0,0
4e15a5ea4.jpg,0,0,,0,0,0,0,0,0,0,0,0,0
4e1c34ada.jpg,1,1,3,3,16255,0,0,16255,0,0,0,1,0
4e1d02f5a.jpg,1,1,3,3,2931,0,0,2931,0,0,0,1,0
4e1d262fb.jpg,1,1,2,2,7363,0,7363,0,0,0,1,0,0
4e1e0e3ac.jpg,1,1,3,3,89340,0,0,89340,0,0,0,1,0
4e24e650d.jpg,0,0,,0,0,0,0,0,0,0,0,0,0
4e25cb8e7.jpg,1,1,3,3,37568,0,0,37568,0,0,0,1,0
4e265c94c.jpg,1,1,3,3,6200,0,0,6200,0,0,0,1,0
4e2c9230d.jpg,1,2,3|4,4,89313,0,0,14126,75187,0,0,1,1
4e2e1bdb7.jpg,1,1,3,3,34421,0,0,34421,0,0,0,1,0
4e33d6324.jpg,1,1,4,4,20291,0,0,0,20291,0,0,0,1
4e36f104c.jpg,1,1,3,3,4359,0,0,4359,0,0,0,1,0
4e39d8c5c.jpg,1,1,4,4,74271,0,0,0,74271,0,0,0,1
4e438c98c.jpg,1,1,3,3,6518,0,0,6518,0,0,0,1,0
4e46ce4ca.jpg,1,1,3,3,19054,0,0,19054,0,0,0,1,0
4e471f8af.jpg,0,0,,0,0,0,0,0,0,0,0,0,0
4e4c4d040.jpg,0,0,,0,0,0,0,0,0,0,0,0,0
4e56a3dfc.jpg,0,0,,0,0,0,0,0,0,0,0,0,0
4e5aabaae.jpg,1,1,3,3,20737,0,0,20737,0,0,0,1,0
4e5b28887.jpg,1,1,3,3,3571,0,0,3571,0,0,0,1,0
4e643b0e3.jpg,0,0,,0,0,0,0,0,0,0,0,0,0
4e6514402.jpg,1,1,1,1,2935,2935,0,0,0,1,0,0,0
4e69c98cf.jpg,0,0,,0,0,0,0,0,0,0,0,0,0
4e7b56970.jpg,0,0,,0,0,0,0,0,0,0,0,0,0
4e7ba4854.jpg,1,1,3,3,7388,0,0,7388,0,0,0,1,0
4e7f0e825.jpg,1,1,3,3,1553,0,0,1553,0,0,0,1,0
4e8b5a042.jpg,1,1,3,3,5876,0,0,5876,0,0,0,1,0
4e8c83b2d.jpg,0,0,,0,0,0,0,0,0,0,0,0,0
4e8e7a28c.jpg,1,1,3,3,2657,0,0,2657,0,0,0,1,0
4e8ead4b3.jpg,0,0,,0,0,0,0,0,0,0,0,0,0
4e9055d9e.jpg,1,1,1,1,4331,4331,0,0,0,1,0,0,0
4e91ec662.jpg,0,0,,0,0,0,0,0,0,0,0,0,0
4e9b147fa.jpg,1,1,3,3,9697,0,0,9697,0,0,0,1,0
4ea0f4710.jpg,1,1,4,4,5756,0,0,0,5756,0,0,0,1
4eac3a7d0.jpg,1,1,3,3,63413,0,0,63413,0,0,0,1,0
4eb33b3fe.jpg,0,0,,0,0,0,0,0,0,0,0,0,0
4eb8c6514.jpg,1,1,3,3,8047,0,0,8047,0,0,0,1,0
4ebb6d63a.jpg,0,0,,0,0,0,0,0,0,0,0,0,0
4ebff3a81.jpg,1,1,3,3,66064,0,0,66064,0,0,0,1,0
4ec0d49df.jpg,1,1,3,3,22756,0,0,22756,0,0,0,1,0
4ec252808.jpg,1,1,4,4,39129,0,0,0,39129,0,0,0,1
4ecc8ea5a.jpg,0,0,,0,0,0,0,0,0,0,0,0,0
4ecf05db6.jpg,1,1,3,3,16606,0,0,16606,0,0,0,1,0
4ed62a0c0.jpg,0,0,,0,0,0,0,0,0,0,0,0,0
4edaa9eac.jpg,0,0,,0,0,0,0,0,0,0,0,0,0
4edc8b817.jpg,1,2,3|4,4,40595,0,0,9096,31499,0,0,1,1
4edff9648.jpg,1,1,3,3,3259,0,0,3259,0,0,0,1,0
4ee039478.jpg,0,0,,0,0,0,0,0,0,0,0,0,0
4ee32c458.jpg,1,1,3,3,14836,0,0,14836,0,0,0,1,0
4ee570810.jpg,1,1,3,3,47150,0,0,47150,0,0,0,1,0
4eea878dd.jpg,1,1,3,3,16846,0,0,16846,0,0,0,1,0
4eeafada5.jpg,0,0,,0,0,0,0,0,0,0,0,0,0
4ef21d9b7.jpg,1,1,3,3,28593,0,0,28593,0,0,0,1,0
4ef65d75b.jpg,1,1,3,3,10624,0,0,10624,0,0,0,1,0
4ef6c54c9.jpg,1,1,3,3,1826,0,0,1826,0,0,0,1,0
4efe827ed.jpg,1,1,3,3,21155,0,0,21155,0,0,0,1,0
4eff4c1b9.jpg,0,0,,0,0,0,0,0,0,0,0,0,0
4f002a224.jpg,1,1,3,3,3667,0,0,3667,0,0,0,1,0
4f065758e.jpg,0,0,,0,0,0,0,0,0,0,0,0,0
4f19a907e.jpg,0,0,,0,0,0,0,0,0,0,0,0,0
4f1f6dee0.jpg,1,1,3,3,208715,0,0,208715,0,0,0,1,0
4f323a756.jpg,1,1,3,3,11330,0,0,11330,0,0,0,1,0
4f3267b2d.jpg,0,0,,0,0,0,0,0,0,0,0,0,0
4f3575945.jpg,0,0,,0,0,0,0,0,0,0,0,0,0
4f3632e9d.jpg,0,0,,0,0,0,0,0,0,0,0,0,0
4f3633a21.jpg,0,0,,0,0,0,0,0,0,0,0,0,0
4f5d3e79d.jpg,0,0,,0,0,0,0,0,0,0,0,0,0
4f64d3b50.jpg,1,1,3,3,10418,0,0,10418,0,0,0,1,0
4f675d901.jpg,0,0,,0,0,0,0,0,0,0,0,0,0
4f6a3b984.jpg,1,1,3,3,6272,0,0,6272,0,0,0,1,0
4f70ba311.jpg,1,1,3,3,13952,0,0,13952,0,0,0,1,0
4f77c0179.jpg,1,1,1,1,2608,2608,0,0,0,1,0,0,0
4f7972e7c.jpg,1,1,3,3,1484,0,0,1484,0,0,0,1,0
4f798b970.jpg,0,0,,0,0,0,0,0,0,0,0,0,0
4f8570f4c.jpg,0,0,,0,0,0,0,0,0,0,0,0,0
4f89dd316.jpg,1,1,3,3,163179,0,0,163179,0,0,0,1,0
4f8bb34b3.jpg,0,0,,0,0,0,0,0,0,0,0,0,0
4f8d88bd7.jpg,0,0,,0,0,0,0,0,0,0,0,0,0
4f92a9f7a.jpg,0,0,,0,0,0,0,0,0,0,0,0,0
4f9790fcf.jpg,0,0,,0,0,0,0,0,0,0,0,0,0
4f9b3eee7.jpg,1,1,3,3,50611,0,0,50611,0,0,0,1,0
4f9c1e0ee.jpg,0,0,,0,0,0,0,0,0,0,0,0,0
4faf01808.jpg,0,0,,0,0,0,0,0,0,0,0,0,0
4fb88c3a4.jpg,1,1,3,3,24153,0,0,24153,0,0,0,1,0
4fb9f5229.jpg,0,0,,0,0,0,0,0,0,0,0,0,0
4fcacdb3a.jpg,1,1,3,3,26062,0,0,26062,0,0,0,1,0
4fcc02177.jpg,0,0,,0,0,0,0,0,0,0,0,0,0
4fd481a7a.jpg,0,0,,0,0,0,0,0,0,0,0,0,0
4fd6285f1.jpg,0,0,,0,0,0,0,0,0,0,0,0,0
4fd6b1521.jpg,1,1,3,3,61475,0,0,61475,0,0,0,1,0
4fd7307d3.jpg,0,0,,0,0,0,0,0,0,0,0,0,0
4fda927f8.jpg,0,0,,0,0,0,0,0,0,0,0,0,0
4fe1a879c.jpg,0,0,,0,0,0,0,0,0,0,0,0,0
4fe40fc03.jpg,0,0,,0,0,0,0,0,0,0,0,0,0
4fe777e50.jpg,1,1,3,3,18365,0,0,18365,0,0,0,1,0
4ff2ec64b.jpg,0,0,,0,0,0,0,0,0,0,0,0,0
5009ae5f7.jpg,0,0,,0,0,0,0,0,0,0,0,0,0
500bd5355.jpg,1,1,3,3,14507,0,0,14507,0,0,0,1,0
50114e3ae.jpg,0,0,,0,0,0,0,0,0,0,0,0,0
5013e5c9d.jpg,1,1,3,3,41286,0,0,41286,0,0,0,1,0
5020df2f8.jpg,1,1,3,3,4909,0,0,4909,0,0,0,1,0
502a574eb.jpg,0,0,,0,0,0,0,0,0,0,0,0,0
50308589f.jpg,0,0,,0,0,0,0,0,0,0,0,0,0
503bd0c0f.jpg,0,0,,0,0,0,0,0,0,0,0,0,0
503c4f93a.jpg,1,1,2,2,2583,0,2583,0,0,0,1,0,0
503d78c6f.jpg,1,1,3,3,7999,0,0,7999,0,0,0,1,0
5041c4a3f.jpg,1,1,3,3,11073,0,0,11073,0,0,0,1,0
5042c830a.jpg,0,0,,0,0,0,0,0,0,0,0,0,0
5047b4ba0.jpg,0,0,,0,0,0,0,0,0,0,0,0,0
504e47cce.jpg,1,1,3,3,211788,0,0,211788,0,0,0,1,0
505284e53.jpg,0,0,,0,0,0,0,0,0,0,0,0,0
5063991b6.jpg,0,0,,0,0,0,0,0,0,0,0,0,0
5064ecb6d.jpg,1,1,3,3,34028,0,0,34028,0,0,0,1,0
50655a748.jpg,1,1,4,4,121977,0,0,0,121977,0,0,0,1
506826fc6.jpg,1,1,3,3,12616,0,0,12616,0,0,0,1,0
50742b144.jpg,1,1,3,3,4401,0,0,4401,0,0,0,1,0
5080067a2.jpg,0,0,,0,0,0,0,0,0,0,0,0,0
508637e33.jpg,0,0,,0,0,0,0,0,0,0,0,0,0
50874143a.jpg,0,0,,0,0,0,0,0,0,0,0,0,0
5089c2e5d.jpg,0,0,,0,0,0,0,0,0,0,0,0,0
508c739d1.jpg,1,1,3,3,75438,0,0,75438,0,0,0,1,0
5092b3368.jpg,1,1,3,3,20744,0,0,20744,0,0,0,1,0
509abf323.jpg,1,1,1,1,9599,9599,0,0,0,1,0,0,0
509c2cea7.jpg,0,0,,0,0,0,0,0,0,0,0,0,0
50ac457cb.jpg,1,1,2,2,2278,0,2278,0,0,0,1,0,0
50ac97479.jpg,1,1,3,3,12510,0,0,12510,0,0,0,1,0
50b285302.jpg,1,1,3,3,2740,0,0,2740,0,0,0,1,0
50b542cdd.jpg,1,1,3,3,46926,0,0,46926,0,0,0,1,0
50bab4d98.jpg,1,1,3,3,47844,0,0,47844,0,0,0,1,0
50c83fcaf.jpg,0,0,,0,0,0,0,0,0,0,0,0,0
50c8a63b1.jpg,1,1,3,3,32640,0,0,32640,0,0,0,1,0
50cfeaca4.jpg,1,1,3,3,193938,0,0,193938,0,0,0,1,0
50d171c0f.jpg,0,0,,0,0,0,0,0,0,0,0,0,0
50d92eec1.jpg,0,0,,0,0,0,0,0,0,0,0,0,0
50dbfb4ec.jpg,0,0,,0,0,0,0,0,0,0,0,0,0
50de95d7f.jpg,1,1,3,3,17681,0,0,17681,0,0,0,1,0
50e60febd.jpg,0,0,,0,0,0,0,0,0,0,0,0,0
50f069727.jpg,0,0,,0,0,0,0,0,0,0,0,0,0
50f53c152.jpg,0,0,,0,0,0,0,0,0,0,0,0,0
50fb57a6c.jpg,1,1,3,3,53684,0,0,53684,0,0,0,1,0
50ff24e6e.jpg,1,1,3,3,4224,0,0,4224,0,0,0,1,0
51097aa45.jpg,1,1,4,4,24993,0,0,0,24993,0,0,0,1
510b9c5cc.jpg,1,1,1,1,3912,3912,0,0,0,1,0,0,0
51103c2eb.jpg,0,0,,0,0,0,0,0,0,0,0,0,0
511570622.jpg,1,1,4,4,7370,0,0,0,7370,0,0,0,1
512065925.jpg,0,0,,0,0,0,0,0,0,0,0,0,0
5122366c6.jpg,0,0,,0,0,0,0,0,0,0,0,0,0
5125317c7.jpg,1,1,3,3,4725,0,0,4725,0,0,0,1,0
5125e4ad6.jpg,0,0,,0,0,0,0,0,0,0,0,0,0
512ac9a49.jpg,0,0,,0,0,0,0,0,0,0,0,0,0
5132041da.jpg,1,1,3,3,3413,0,0,3413,0,0,0,1,0
514222386.jpg,1,1,3,3,24558,0,0,24558,0,0,0,1,0
51434f59b.jpg,1,1,3,3,4288,0,0,4288,0,0,0,1,0
5145a7850.jpg,0,0,,0,0,0,0,0,0,0,0,0,0
5148cb009.jpg,0,0,,0,0,0,0,0,0,0,0,0,0
51498e7a6.jpg,1,1,3,3,10769,0,0,10769,0,0,0,1,0
514c3734e.jpg,0,0,,0,0,0,0,0,0,0,0,0,0
514f11c53.jpg,1,1,3,3,6447,0,0,6447,0,0,0,1,0
515f9551b.jpg,0,0,,0,0,0,0,0,0,0,0,0,0
51632c4a4.jpg,1,1,3,3,10259,0,0,10259,0,0,0,1,0
516b72597.jpg,1,1,1,1,3238,3238,0,0,0,1,0,0,0
5172a46ee.jpg,0,0,,0,0,0,0,0,0,0,0,0,0
517b242ce.jpg,0,0,,0,0,0,0,0,0,0,0,0,0
517f3ce34.jpg,1,1,3,3,2183,0,0,2183,0,0,0,1,0
5188851b2.jpg,1,1,3,3,20015,0,0,20015,0,0,0,1,0
51905a4bc.jpg,0,0,,0,0,0,0,0,0,0,0,0,0
51938ecf0.jpg,1,1,3,3,14643,0,0,14643,0,0,0,1,0
519599df3.jpg,1,1,3,3,12138,0,0,12138,0,0,0,1,0
519d16e7c.jpg,0,0,,0,0,0,0,0,0,0,0,0,0
519e11f0b.jpg,1,2,3|4,3,65630,0,0,43924,21706,0,0,1,1
519e8199f.jpg,0,0,,0,0,0,0,0,0,0,0,0,0
51a3f4c59.jpg,1,1,3,3,3216,0,0,3216,0,0,0,1,0
51aa20891.jpg,0,0,,0,0,0,0,0,0,0,0,0,0
51b201f61.jpg,0,0,,0,0,0,0,0,0,0,0,0,0
51b211df9.jpg,1,1,3,3,9654,0,0,9654,0,0,0,1,0
51c35e519.jpg,1,1,3,3,24815,0,0,24815,0,0,0,1,0
51cb60dfd.jpg,0,0,,0,0,0,0,0,0,0,0,0,0
51cbde5bc.jpg,0,0,,0,0,0,0,0,0,0,0,0,0
51cd72108.jpg,0,0,,0,0,0,0,0,0,0,0,0,0
51d092947.jpg,1,1,1,1,2180,2180,0,0,0,1,0,0,0
51d3e5941.jpg,1,1,1,1,7900,7900,0,0,0,1,0,0,0
51d7bdfc2.jpg,1,1,3,3,47760,0,0,47760,0,0,0,1,0
51d7bee0a.jpg,1,1,3,3,192,0,0,192,0,0,0,1,0
51dfcda89.jpg,0,0,,0,0,0,0,0,0,0,0,0,0
51ee8ec48.jpg,1,1,3,3,42452,0,0,42452,0,0,0,1,0
51f4e04c6.jpg,0,0,,0,0,0,0,0,0,0,0,0,0
51f993f26.jpg,0,0,,0,0,0,0,0,0,0,0,0,0
51f9ccdd2.jpg,1,1,3,3,40640,0,0,40640,0,0,0,1,0
51fd0e994.jpg,0,0,,0,0,0,0,0,0,0,0,0,0
51ff1aef9.jpg,0,0,,0,0,0,0,0,0,0,0,0,0
5210ac609.jpg,1,1,3,3,14966,0,0,14966,0,0,0,1,0
52122168a.jpg,1,1,3,3,5823,0,0,5823,0,0,0,1,0
5213b418b.jpg,0,0,,0,0,0,0,0,0,0,0,0,0
521632501.jpg,0,0,,0,0,0,0,0,0,0,0,0,0
521f4df19.jpg,1,1,3,3,2181,0,0,2181,0,0,0,1,0
5226a20da.jpg,0,0,,0,0,0,0,0,0,0,0,0,0
5227a284c.jpg,0,0,,0,0,0,0,0,0,0,0,0,0
5227eaed2.jpg,1,1,3,3,7168,0,0,7168,0,0,0,1,0
522885da1.jpg,0,0,,0,0,0,0,0,0,0,0,0,0
5228ec6b5.jpg,0,0,,0,0,0,0,0,0,0,0,0,0
522ade1d3.jpg,0,0,,0,0,0,0,0,0,0,0,0,0
522d34082.jpg,1,1,3,3,8476,0,0,8476,0,0,0,1,0
522e17d3e.jpg,1,1,1,1,6328,6328,0,0,0,1,0,0,0
522f217cb.jpg,0,0,,0,0,0,0,0,0,0,0,0,0
5238bc100.jpg,1,1,2,2,1200,0,1200,0,0,0,1,0,0
523a65c42.jpg,0,0,,0,0,0,0,0,0,0,0,0,0
523e97839.jpg,0,0,,0,0,0,0,0,0,0,0,0,0
523fee62c.jpg,1,1,3,3,57708,0,0,57708,0,0,0,1,0
524015c26.jpg,0,0,,0,0,0,0,0,0,0,0,0,0
524214c87.jpg,0,0,,0,0,0,0,0,0,0,0,0,0
52443504f.jpg,0,0,,0,0,0,0,0,0,0,0,0,0
52497822f.jpg,1,1,3,3,18348,0,0,18348,0,0,0,1,0
5256faa06.jpg,1,1,3,3,5127,0,0,5127,0,0,0,1,0
525d0e51e.jpg,1,1,1,1,3019,3019,0,0,0,1,0,0,0
5267fdd89.jpg,0,0,,0,0,0,0,0,0,0,0,0,0
527517cf3.jpg,1,1,3,3,19558,0,0,19558,0,0,0,1,0
52786ae5b.jpg,0,0,,0,0,0,0,0,0,0,0,0,0
527b50f74.jpg,1,1,3,3,32990,0,0,32990,0,0,0,1,0
527d11e5a.jpg,1,1,1,1,1317,1317,0,0,0,1,0,0,0
528112571.jpg,1,1,3,3,6445,0,0,6445,0,0,0,1,0
5283b3138.jpg,1,1,3,3,562,0,0,562,0,0,0,1,0
528470bcc.jpg,0,0,,0,0,0,0,0,0,0,0,0,0
528e12579.jpg,0,0,,0,0,0,0,0,0,0,0,0,0
5294d00dc.jpg,0,0,,0,0,0,0,0,0,0,0,0,0
529b36067.jpg,1,1,3,3,9749,0,0,9749,0,0,0,1,0
529e2b37d.jpg,0,0,,0,0,0,0,0,0,0,0,0,0
52a357188.jpg,0,0,,0,0,0,0,0,0,0,0,0,0
52aa19a36.jpg,0,0,,0,0,0,0,0,0,0,0,0,0
52b379913.jpg,0,0,,0,0,0,0,0,0,0,0,0,0
52b3b763f.jpg,0,0,,0,0,0,0,0,0,0,0,0,0
52be91fda.jpg,1,1,3,3,18566,0,0,18566,0,0,0,1,0
52cf9caf9.jpg,1,1,1,1,5041,5041,0,0,0,1,0,0,0
52d0d8da4.jpg,1,1,4,4,11490,0,0,0,11490,0,0,0,1
52df7277c.jpg,1,1,3,3,6295,0,0,6295,0,0,0,1,0
52f589500.jpg,1,1,3,3,45955,0,0,45955,0,0,0,1,0
52f9e7a9c.jpg,0,0,,0,0,0,0,0,0,0,0,0,0
52faeb955.jpg,1,1,3,3,120833,0,0,120833,0,0,0,1,0
530227cd2.jpg,0,0,,0,0,0,0,0,0,0,0,0,0
5303447ca.jpg,1,1,3,3,8562,0,0,8562,0,0,0,1,0
531b9c425.jpg,1,1,3,3,1029,0,0,1029,0,0,0,1,0
531cda8a6.jpg,0,0,,0,0,0,0,0,0,0,0,0,0
533012eb6.jpg,0,0,,0,0,0,0,0,0,0,0,0,0
533261093.jpg,0,0,,0,0,0,0,0,0,0,0,0,0
53348f9a0.jpg,0,0,,0,0,0,0,0,0,0,0,0,0
5335b8fd7.jpg,1,1,4,4,74399,0,0,0,74399,0,0,0,1
533926801.jpg,1,1,3,3,5428,0,0,5428,0,0,0,1,0
534666b46.jpg,1,1,3,3,27438,0,0,27438,0,0,0,1,0
534991d20.jpg,1,1,1,1,733,733,0,0,0,1,0,0,0
534c4e0c8.jpg,1,2,3|4,3,54514,0,0,39217,15297,0,0,1,1
534dacff6.jpg,1,1,3,3,691,0,0,691,0,0,0,1,0
534fa3ac4.jpg,1,1,1,1,2593,2593,0,0,0,1,0,0,0
53508a608.jpg,0,0,,0,0,0,0,0,0,0,0,0,0
5350e17c2.jpg,1,1,3,3,9600,0,0,9600,0,0,0,1,0
5352353d3.jpg,0,0,,0,0,0,0,0,0,0,0,0,0
535970659.jpg,1,1,3,3,600,0,0,600,0,0,0,1,0
5359b71bc.jpg,0,0,,0,0,0,0,0,0,0,0,0,0
535f1aa8d.jpg,0,0,,0,0,0,0,0,0,0,0,0,0
53630d5bf.jpg,0,0,,0,0,0,0,0,0,0,0,0,0
5364f04f3.jpg,0,0,,0,0,0,0,0,0,0,0,0,0
536f5bd1b.jpg,0,0,,0,0,0,0,0,0,0,0,0,0
5370c78e0.jpg,1,1,3,3,51229,0,0,51229,0,0,0,1,0
53774b7b4.jpg,0,0,,0,0,0,0,0,0,0,0,0,0
5377dbac1.jpg,1,1,3,3,251264,0,0,251264,0,0,0,1,0
5379859b2.jpg,0,0,,0,0,0,0,0,0,0,0,0,0
537d5882a.jpg,0,0,,0,0,0,0,0,0,0,0,0,0
537e66c26.jpg,1,1,1,1,896,896,0,0,0,1,0,0,0
5386596d5.jpg,0,0,,0,0,0,0,0,0,0,0,0,0
538ed855c.jpg,0,0,,0,0,0,0,0,0,0,0,0,0
53994e13b.jpg,1,1,3,3,5412,0,0,5412,0,0,0,1,0
539a30638.jpg,1,1,1,1,10241,10241,0,0,0,1,0,0,0
539a9d455.jpg,1,1,1,1,1731,1731,0,0,0,1,0,0,0
539baaeda.jpg,1,1,3,3,8105,0,0,8105,0,0,0,1,0
539be6ba4.jpg,1,1,3,3,5504,0,0,5504,0,0,0,1,0
53a21bba1.jpg,1,1,3,3,5417,0,0,5417,0,0,0,1,0
53abc091a.jpg,0,0,,0,0,0,0,0,0,0,0,0,0
53b19bb9e.jpg,0,0,,0,0,0,0,0,0,0,0,0,0
53b1e9464.jpg,0,0,,0,0,0,0,0,0,0,0,0,0
53b273e7a.jpg,0,0,,0,0,0,0,0,0,0,0,0,0
53b6d2ab1.jpg,1,1,3,3,32864,0,0,32864,0,0,0,1,0
53c006e67.jpg,0,0,,0,0,0,0,0,0,0,0,0,0
53c167687.jpg,1,1,3,3,5597,0,0,5597,0,0,0,1,0
53c1aba83.jpg,0,0,,0,0,0,0,0,0,0,0,0,0
53c313ac9.jpg,0,0,,0,0,0,0,0,0,0,0,0,0
53c689378.jpg,0,0,,0,0,0,0,0,0,0,0,0,0
53d16f700.jpg,0,0,,0,0,0,0,0,0,0,0,0,0
53d6cc0b9.jpg,0,0,,0,0,0,0,0,0,0,0,0,0
53dbd2af9.jpg,0,0,,0,0,0,0,0,0,0,0,0,0
53df66e91.jpg,0,0,,0,0,0,0,0,0,0,0,0,0
53e277621.jpg,0,0,,0,0,0,0,0,0,0,0,0,0
53e3ddbab.jpg,0,0,,0,0,0,0,0,0,0,0,0,0
53e812ced.jpg,1,1,4,4,37191,0,0,0,37191,0,0,0,1
53eeec3d0.jpg,0,0,,0,0,0,0,0,0,0,0,0,0
53f2e3c44.jpg,1,1,2,2,2593,0,2593,0,0,0,1,0,0
53f9c84f6.jpg,0,0,,0,0,0,0,0,0,0,0,0,0
53f9e0f07.jpg,0,0,,0,0,0,0,0,0,0,0,0,0
53fa72f86.jpg,1,1,3,3,3125,0,0,3125,0,0,0,1,0
53ff38fe7.jpg,1,1,4,4,18117,0,0,0,18117,0,0,0,1
5404bf04b.jpg,0,0,,0,0,0,0,0,0,0,0,0,0
54098dc25.jpg,0,0,,0,0,0,0,0,0,0,0,0,0
540fe433e.jpg,0,0,,0,0,0,0,0,0,0,0,0,0
541707319.jpg,0,0,,0,0,0,0,0,0,0,0,0,0
541f9ad41.jpg,0,0,,0,0,0,0,0,0,0,0,0,0
542084ea9.jpg,1,1,3,3,5632,0,0,5632,0,0,0,1,0
542499e15.jpg,0,0,,0,0,0,0,0,0,0,0,0,0
542fed55c.jpg,1,2,1|3,3,7900,3261,0,4639,0,1,0,1,0
5432fd9e1.jpg,0,0,,0,0,0,0,0,0,0,0,0,0
5432ff65a.jpg,1,1,3,3,9709,0,0,9709,0,0,0,1,0
543d1e1ea.jpg,1,1,3,3,23366,0,0,23366,0,0,0,1,0
54439ae68.jpg,1,1,3,3,2940,0,0,2940,0,0,0,1,0
5457b2b87.jpg,0,0,,0,0,0,0,0,0,0,0,0,0
5457e4e20.jpg,1,1,3,3,15217,0,0,15217,0,0,0,1,0
5462db9cd.jpg,1,1,3,3,3803,0,0,3803,0,0,0,1,0
5462fa711.jpg,1,1,3,3,12672,0,0,12672,0,0,0,1,0
5463b35d3.jpg,0,0,,0,0,0,0,0,0,0,0,0,0
54738099a.jpg,1,1,1,1,930,930,0,0,0,1,0,0,0
54780d890.jpg,1,1,1,1,6669,6669,0,0,0,1,0,0,0
547c5635f.jpg,1,1,2,2,2955,0,2955,0,0,0,1,0,0
5489138ba.jpg,0,0,,0,0,0,0,0,0,0,0,0,0
548bc91f8.jpg,0,0,,0,0,0,0,0,0,0,0,0,0
548f2444a.jpg,1,1,3,3,5882,0,0,5882,0,0,0,1,0
549613483.jpg,1,1,3,3,1998,0,0,1998,0,0,0,1,0
549aa706e.jpg,1,1,3,3,4214,0,0,4214,0,0,0,1,0
54a1df397.jpg,0,0,,0,0,0,0,0,0,0,0,0,0
54b425e17.jpg,0,0,,0,0,0,0,0,0,0,0,0,0
54b912dfb.jpg,0,0,,0,0,0,0,0,0,0,0,0,0
54bdb0ccf.jpg,1,1,3,3,7232,0,0,7232,0,0,0,1,0
54c05f0ac.jpg,0,0,,0,0,0,0,0,0,0,0,0,0
54c0e2d84.jpg,0,0,,0,0,0,0,0,0,0,0,0,0
54c3ce6f0.jpg,1,1,3,3,27640,0,0,27640,0,0,0,1,0
54c49ad1f.jpg,0,0,,0,0,0,0,0,0,0,0,0,0
54c4f7afa.jpg,1,1,3,3,3810,0,0,3810,0,0,0,1,0
54cdc22ca.jpg,1,1,4,4,17669,0,0,0,17669,0,0,0,1
54ce7b2e1.jpg,1,1,1,1,1773,1773,0,0,0,1,0,0,0
54d5658e2.jpg,0,0,,0,0,0,0,0,0,0,0,0,0
54d8a631f.jpg,0,0,,0,0,0,0,0,0,0,0,0,0
54dd95d41.jpg,1,1,3,3,20224,0,0,20224,0,0,0,1,0
54de37d5e.jpg,1,1,3,3,13169,0,0,13169,0,0,0,1,0
54e19ae6a.jpg,0,0,,0,0,0,0,0,0,0,0,0,0
54eeb8ee1.jpg,0,0,,0,0,0,0,0,0,0,0,0,0
54f1891ad.jpg,1,1,3,3,7023,0,0,7023,0,0,0,1,0
54f69cb7d.jpg,0,0,,0,0,0,0,0,0,0,0,0,0
54f7648a5.jpg,1,1,1,1,978,978,0,0,0,1,0,0,0
54f94ed71.jpg,1,1,3,3,17877,0,0,17877,0,0,0,1,0
54faae5d4.jpg,0,0,,0,0,0,0,0,0,0,0,0,0
54fc18824.jpg,1,1,3,3,7115,0,0,7115,0,0,0,1,0
54fc1f606.jpg,1,1,4,4,21000,0,0,0,21000,0,0,0,1
54fd0b997.jpg,0,0,,0,0,0,0,0,0,0,0,0,0
55042415c.jpg,1,1,3,3,109304,0,0,109304,0,0,0,1,0
550c8713a.jpg,0,0,,0,0,0,0,0,0,0,0,0,0
55136d7f3.jpg,1,1,3,3,9269,0,0,9269,0,0,0,1,0
551b840d2.jpg,1,1,3,3,7424,0,0,7424,0,0,0,1,0
552b86fba.jpg,0,0,,0,0,0,0,0,0,0,0,0,0
552c82a23.jpg,0,0,,0,0,0,0,0,0,0,0,0,0
55303df62.jpg,1,1,3,3,24539,0,0,24539,0,0,0,1,0
55341cd4e.jpg,0,0,,0,0,0,0,0,0,0,0,0,0
5545e4b0f.jpg,1,2,3|4,4,123691,0,0,4351,119340,0,0,1,1
554710095.jpg,1,1,3,3,12800,0,0,12800,0,0,0,1,0
55475eb9b.jpg,0,0,,0,0,0,0,0,0,0,0,0,0
554cbd6bf.jpg,0,0,,0,0,0,0,0,0,0,0,0,0
554d5a941.jpg,1,1,3,3,5844,0,0,5844,0,0,0,1,0
554ee47b6.jpg,1,1,3,3,3108,0,0,3108,0,0,0,1,0
554fd222d.jpg,0,0,,0,0,0,0,0,0,0,0,0,0
5562229c3.jpg,1,1,3,3,35082,0,0,35082,0,0,0,1,0
556c2967b.jpg,1,1,4,4,14346,0,0,0,14346,0,0,0,1
556e12633.jpg,1,1,3,3,158864,0,0,158864,0,0,0,1,0
55728df3e.jpg,0,0,,0,0,0,0,0,0,0,0,0,0
5574a47da.jpg,1,1,3,3,8431,0,0,8431,0,0,0,1,0
5578b3c7d.jpg,0,0,,0,0,0,0,0,0,0,0,0,0
558a45a09.jpg,0,0,,0,0,0,0,0,0,0,0,0,0
558bffe73.jpg,0,0,,0,0,0,0,0,0,0,0,0,0
55901ac51.jpg,1,2,3|4,4,74931,0,0,18232,56699,0,0,1,1
55979505e.jpg,1,1,3,3,14015,0,0,14015,0,0,0,1,0
559bcc411.jpg,1,1,3,3,16222,0,0,16222,0,0,0,1,0
55a585807.jpg,1,1,1,1,2435,2435,0,0,0,1,0,0,0
55b0d9d23.jpg,0,0,,0,0,0,0,0,0,0,0,0,0
55c30f544.jpg,1,1,3,3,112283,0,0,112283,0,0,0,1,0
55c689cd0.jpg,1,2,3|4,4,87890,0,0,3815,84075,0,0,1,1
55ccadff9.jpg,1,1,3,3,9088,0,0,9088,0,0,0,1,0
55d87ed7a.jpg,1,1,3,3,14265,0,0,14265,0,0,0,1,0
55de18232.jpg,0,0,,0,0,0,0,0,0,0,0,0,0
55df6fcdb.jpg,1,1,3,3,36051,0,0,36051,0,0,0,1,0
55e7e8715.jpg,0,0,,0,0,0,0,0,0,0,0,0,0
55edf098d.jpg,1,1,1,1,818,818,0,0,0,1,0,0,0
55fa7f382.jpg,0,0,,0,0,0,0,0,0,0,0,0,0
5600ec21b.jpg,1,1,3,3,2750,0,0,2750,0,0,0,1,0
56011ad29.jpg,1,1,4,4,51987,0,0,0,51987,0,0,0,1
5607d6b35.jpg,0,0,,0,0,0,0,0,0,0,0,0,0
560a3e98a.jpg,1,1,1,1,4721,4721,0,0,0,1,0,0,0
560c8f003.jpg,0,0,,0,0,0,0,0,0,0,0,0,0
56120829d.jpg,1,1,3,3,12350,0,0,12350,0,0,0,1,0
5613bb745.jpg,1,1,3,3,15223,0,0,15223,0,0,0,1,0
5619b0771.jpg,0,0,,0,0,0,0,0,0,0,0,0,0
561b64ee7.jpg,0,0,,0,0,0,0,0,0,0,0,0,0
561da28b1.jpg,0,0,,0,0,0,0,0,0,0,0,0,0
562055ee9.jpg,1,1,3,3,23265,0,0,23265,0,0,0,1,0
56227efb7.jpg,0,0,,0,0,0,0,0,0,0,0,0,0
562e2274c.jpg,0,0,,0,0,0,0,0,0,0,0,0,0
56355a469.jpg,0,0,,0,0,0,0,0,0,0,0,0,0
56463250f.jpg,0,0,,0,0,0,0,0,0,0,0,0,0
5649454b6.jpg,0,0,,0,0,0,0,0,0,0,0,0,0
56553f422.jpg,1,1,3,3,34158,0,0,34158,0,0,0,1,0
565cfa48c.jpg,1,1,3,3,13310,0,0,13310,0,0,0,1,0
5660432cc.jpg,1,1,3,3,14752,0,0,14752,0,0,0,1,0
5663a9e34.jpg,0,0,,0,0,0,0,0,0,0,0,0,0
566401013.jpg,0,0,,0,0,0,0,0,0,0,0,0,0
5665ada1b.jpg,1,2,3|4,4,18687,0,0,7090,11597,0,0,1,1
567578f1b.jpg,1,2,1|3,1,10637,6967,0,3670,0,1,0,1,0
56774fb7f.jpg,1,1,3,3,13003,0,0,13003,0,0,0,1,0
567e1f981.jpg,1,1,3,3,2923,0,0,2923,0,0,0,1,0
568439b6c.jpg,1,1,1,1,3842,3842,0,0,0,1,0,0,0
56879bc53.jpg,0,0,,0,0,0,0,0,0,0,0,0,0
56918910e.jpg,1,1,3,3,6215,0,0,6215,0,0,0,1,0
5698c0878.jpg,0,0,,0,0,0,0,0,0,0,0,0,0
5698f3507.jpg,1,1,4,4,57476,0,0,0,57476,0,0,0,1
56997bb72.jpg,0,0,,0,0,0,0,0,0,0,0,0,0
56a9e36dd.jpg,1,1,3,3,26487,0,0,26487,0,0,0,1,0
56aaf82ea.jpg,1,1,3,3,1557,0,0,1557,0,0,0,1,0
56abc5057.jpg,1,1,3,3,6077,0,0,6077,0,0,0,1,0
56b587e9e.jpg,0,0,,0,0,0,0,0,0,0,0,0,0
56b9e54ed.jpg,1,1,3,3,21940,0,0,21940,0,0,0,1,0
56ba7c882.jpg,0,0,,0,0,0,0,0,0,0,0,0,0
56bf01513.jpg,1,1,3,3,7677,0,0,7677,0,0,0,1,0
56cc8fb98.jpg,1,1,3,3,31029,0,0,31029,0,0,0,1,0
56cf9fe0e.jpg,0,0,,0,0,0,0,0,0,0,0,0,0
56d523688.jpg,1,1,3,3,12393,0,0,12393,0,0,0,1,0
56d919ac4.jpg,0,0,,0,0,0,0,0,0,0,0,0,0
56da18173.jpg,1,1,3,3,4352,0,0,4352,0,0,0,1,0
56de9f0d1.jpg,1,1,1,1,3500,3500,0,0,0,1,0,0,0
56edcc37a.jpg,1,1,3,3,16879,0,0,16879,0,0,0,1,0
56fb45924.jpg,0,0,,0,0,0,0,0,0,0,0,0,0
57081af08.jpg,0,0,,0,0,0,0,0,0,0,0,0,0
570cb5438.jpg,1,1,3,3,34836,0,0,34836,0,0,0,1,0
571f22cde.jpg,1,1,3,3,12289,0,0,12289,0,0,0,1,0
5722f7171.jpg,0,0,,0,0,0,0,0,0,0,0,0,0
57239737a.jpg,1,1,1,1,2081,2081,0,0,0,1,0,0,0
57258d636.jpg,0,0,,0,0,0,0,0,0,0,0,0,0
5727d7f96.jpg,1,1,3,3,4689,0,0,4689,0,0,0,1,0
57314986d.jpg,1,1,3,3,26069,0,0,26069,0,0,0,1,0
57461a858.jpg,0,0,,0,0,0,0,0,0,0,0,0,0
5757100f0.jpg,1,1,4,4,10199,0,0,0,10199,0,0,0,1
575e5be94.jpg,1,1,3,3,49917,0,0,49917,0,0,0,1,0
576198d28.jpg,0,0,,0,0,0,0,0,0,0,0,0,0
576910e29.jpg,1,2,3|4,4,54264,0,0,10745,43519,0,0,1,1
5774ad9c5.jpg,0,0,,0,0,0,0,0,0,0,0,0,0
57794735f.jpg,1,1,1,1,1263,1263,0,0,0,1,0,0,0
577afb2d8.jpg,1,1,3,3,25383,0,0,25383,0,0,0,1,0
577db33cf.jpg,0,0,,0,0,0,0,0,0,0,0,0,0
57821dda7.jpg,1,1,3,3,3362,0,0,3362,0,0,0,1,0
5787b6262.jpg,1,1,3,3,57421,0,0,57421,0,0,0,1,0
578b43574.jpg,0,0,,0,0,0,0,0,0,0,0,0,0
578ba56db.jpg,0,0,,0,0,0,0,0,0,0,0,0,0
578ba64cc.jpg,0,0,,0,0,0,0,0,0,0,0,0,0
578e97b72.jpg,0,0,,0,0,0,0,0,0,0,0,0,0
578fc1bb8.jpg,0,0,,0,0,0,0,0,0,0,0,0,0
579796d67.jpg,1,1,3,3,5376,0,0,5376,0,0,0,1,0
579898eed.jpg,0,0,,0,0,0,0,0,0,0,0,0,0
579a51c1b.jpg,1,1,3,3,14169,0,0,14169,0,0,0,1,0
579e764a7.jpg,0,0,,0,0,0,0,0,0,0,0,0,0
57a2e6c5f.jpg,0,0,,0,0,0,0,0,0,0,0,0,0
57a71495a.jpg,1,2,3|4,4,47395,0,0,14410,32985,0,0,1,1
57a7375f3.jpg,1,1,3,3,8954,0,0,8954,0,0,0,1,0
57ab2cf83.jpg,0,0,,0,0,0,0,0,0,0,0,0,0
57c594518.jpg,1,1,3,3,1329,0,0,1329,0,0,0,1,0
57c752901.jpg,1,2,1|2,2,9078,2998,6080,0,0,1,1,0,0
57cb45ba8.jpg,1,1,3,3,35817,0,0,35817,0,0,0,1,0
57cc4e2d3.jpg,1,1,3,3,49424,0,0,49424,0,0,0,1,0
57cf3c6ce.jpg,0,0,,0,0,0,0,0,0,0,0,0,0
57d157679.jpg,1,1,3,3,21369,0,0,21369,0,0,0,1,0
57d20b2d8.jpg,0,0,,0,0,0,0,0,0,0,0,0,0
57d263755.jpg,0,0,,0,0,0,0,0,0,0,0,0,0
57dd50e18.jpg,0,0,,0,0,0,0,0,0,0,0,0,0
57e156a9c.jpg,0,0,,0,0,0,0,0,0,0,0,0,0
57e4c23bb.jpg,0,0,,0,0,0,0,0,0,0,0,0,0
57e6b1bcd.jpg,1,1,1,1,3502,3502,0,0,0,1,0,0,0
57f3ced60.jpg,0,0,,0,0,0,0,0,0,0,0,0,0
57f5ee8ff.jpg,0,0,,0,0,0,0,0,0,0,0,0,0
57f9b3eae.jpg,1,1,3,3,31921,0,0,31921,0,0,0,1,0
58049fca1.jpg,1,1,3,3,5309,0,0,5309,0,0,0,1,0
5809fc14b.jpg,0,0,,0,0,0,0,0,0,0,0,0,0
580a0d792.jpg,0,0,,0,0,0,0,0,0,0,0,0,0
580a5a5ad.jpg,0,0,,0,0,0,0,0,0,0,0,0,0
5810e2d40.jpg,1,1,3,3,40163,0,0,40163,0,0,0,1,0
581bb7389.jpg,1,1,3,3,89104,0,0,89104,0,0,0,1,0
581ded261.jpg,0,0,,0,0,0,0,0,0,0,0,0,0
582a8c235.jpg,0,0,,0,0,0,0,0,0,0,0,0,0
582f0666f.jpg,1,1,3,3,1918,0,0,1918,0,0,0,1,0
5831b5e6b.jpg,0,0,,0,0,0,0,0,0,0,0,0,0
58384cf41.jpg,1,1,3,3,227070,0,0,227070,0,0,0,1,0
583bba869.jpg,0,0,,0,0,0,0,0,0,0,0,0,0
583f6dd8a.jpg,0,0,,0,0,0,0,0,0,0,0,0,0
5843cdaf1.jpg,0,0,,0,0,0,0,0,0,0,0,0,0
5848791de.jpg,1,2,3|4,3,53166,0,0,27002,26164,0,0,1,1
58499efc0.jpg,0,0,,0,0,0,0,0,0,0,0,0,0
5852d571b.jpg,0,0,,0,0,0,0,0,0,0,0,0,0
5852e61b5.jpg,1,1,3,3,15472,0,0,15472,0,0,0,1,0
585904c94.jpg,1,1,4,4,8214,0,0,0,8214,0,0,0,1
585f34f11.jpg,0,0,,0,0,0,0,0,0,0,0,0,0
5860f9e57.jpg,0,0,,0,0,0,0,0,0,0,0,0,0
58673aa89.jpg,1,1,3,3,39962,0,0,39962,0,0,0,1,0
586b86560.jpg,1,1,3,3,1012,0,0,1012,0,0,0,1,0
587e151b2.jpg,1,1,3,3,2870,0,0,2870,0,0,0,1,0
5891749fb.jpg,1,1,1,1,1904,1904,0,0,0,1,0,0,0
5892bea2e.jpg,0,0,,0,0,0,0,0,0,0,0,0,0
5892d9332.jpg,1,1,3,3,3176,0,0,3176,0,0,0,1,0
589ac5007.jpg,0,0,,0,0,0,0,0,0,0,0,0,0
589dfc4f8.jpg,0,0,,0,0,0,0,0,0,0,0,0,0
58a953c4a.jpg,0,0,,0,0,0,0,0,0,0,0,0,0
58a9d89c8.jpg,0,0,,0,0,0,0,0,0,0,0,0,0
58b26c5f1.jpg,1,1,3,3,86936,0,0,86936,0,0,0,1,0
58b3000b1.jpg,0,0,,0,0,0,0,0,0,0,0,0,0
58b7be0f6.jpg,0,0,,0,0,0,0,0,0,0,0,0,0
58c262a8b.jpg,1,1,3,3,7236,0,0,7236,0,0,0,1,0
58c2f165b.jpg,0,0,,0,0,0,0,0,0,0,0,0,0
58c369250.jpg,0,0,,0,0,0,0,0,0,0,0,0,0
58ce0e3cf.jpg,0,0,,0,0,0,0,0,0,0,0,0,0
58d6e5853.jpg,0,0,,0,0,0,0,0,0,0,0,0,0
58e0f40f8.jpg,0,0,,0,0,0,0,0,0,0,0,0,0
58e5181db.jpg,0,0,,0,0,0,0,0,0,0,0,0,0
58e63b56e.jpg,1,1,3,3,12079,0,0,12079,0,0,0,1,0
58ee62fd7.jpg,1,1,3,3,10344,0,0,10344,0,0,0,1,0
58f11e1cb.jpg,1,1,3,3,93907,0,0,93907,0,0,0,1,0
58fd1ce30.jpg,1,1,3,3,4104,0,0,4104,0,0,0,1,0
59063047a.jpg,0,0,,0,0,0,0,0,0,0,0,0,0
591f6444c.jpg,0,0,,0,0,0,0,0,0,0,0,0,0
592e75073.jpg,0,0,,0,0,0,0,0,0,0,0,0,0
5933ec79b.jpg,0,0,,0,0,0,0,0,0,0,0,0,0
59384b153.jpg,1,1,3,3,177312,0,0,177312,0,0,0,1,0
593f80e9f.jpg,0,0,,0,0,0,0,0,0,0,0,0,0
5940f3cde.jpg,0,0,,0,0,0,0,0,0,0,0,0,0
594303084.jpg,1,1,3,3,16273,0,0,16273,0,0,0,1,0
594d97d26.jpg,1,2,1|3,1,6350,3757,0,2593,0,1,0,1,0
594e0207a.jpg,0,0,,0,0,0,0,0,0,0,0,0,0
594e2b83f.jpg,1,1,3,3,14240,0,0,14240,0,0,0,1,0
5952d06e5.jpg,1,1,4,4,50650,0,0,0,50650,0,0,0,1
595373657.jpg,1,1,3,3,13585,0,0,13585,0,0,0,1,0
5956f0975.jpg,1,1,1,1,12876,12876,0,0,0,1,0,0,0
59664a874.jpg,0,0,,0,0,0,0,0,0,0,0,0,0
596ab1a7f.jpg,0,0,,0,0,0,0,0,0,0,0,0,0
596c1c20f.jpg,1,1,3,3,72377,0,0,72377,0,0,0,1,0
5971c43c9.jpg,0,0,,0,0,0,0,0,0,0,0,0,0
597f1e2a5.jpg,0,0,,0,0,0,0,0,0,0,0,0,0
5983e88bd.jpg,0,0,,0,0,0,0,0,0,0,0,0,0
59849c3de.jpg,1,1,1,1,2717,2717,0,0,0,1,0,0,0
599251689.jpg,1,1,2,2,2816,0,2816,0,0,0,1,0,0
59931eb56.jpg,0,0,,0,0,0,0,0,0,0,0,0,0
5994c3b58.jpg,1,1,1,1,13999,13999,0,0,0,1,0,0,0
59a1733a9.jpg,1,1,3,3,310,0,0,310,0,0,0,1,0
59a2887fd.jpg,1,1,3,3,287,0,0,287,0,0,0,1,0
59a5ac86a.jpg,0,0,,0,0,0,0,0,0,0,0,0,0
59abeaf7b.jpg,0,0,,0,0,0,0,0,0,0,0,0,0
59ae6ad57.jpg,0,0,,0,0,0,0,0,0,0,0,0,0
59ae6de0b.jpg,0,0,,0,0,0,0,0,0,0,0,0,0
59b20349b.jpg,1,1,3,3,7014,0,0,7014,0,0,0,1,0
59b3bbeaf.jpg,1,1,3,3,6337,0,0,6337,0,0,0,1,0
59b5007ed.jpg,0,0,,0,0,0,0,0,0,0,0,0,0
59bc9997f.jpg,1,1,3,3,64059,0,0,64059,0,0,0,1,0
59bcf1693.jpg,1,1,3,3,12244,0,0,12244,0,0,0,1,0
59c00ad1f.jpg,1,1,3,3,1592,0,0,1592,0,0,0,1,0
59ce36e8a.jpg,1,1,3,3,13392,0,0,13392,0,0,0,1,0
59e3cf08c.jpg,0,0,,0,0,0,0,0,0,0,0,0,0
59e4baab6.jpg,1,1,3,3,8969,0,0,8969,0,0,0,1,0
59e91f935.jpg,1,1,2,2,5914,0,5914,0,0,0,1,0,0
59f0c09bb.jpg,1,2,3|4,4,59966,0,0,6297,53669,0,0,1,1
59f53bdb4.jpg,0,0,,0,0,0,0,0,0,0,0,0,0
59f7de86b.jpg,0,0,,0,0,0,0,0,0,0,0,0,0
5a036a042.jpg,1,1,4,4,24746,0,0,0,24746,0,0,0,1
5a0389912.jpg,1,1,3,3,107120,0,0,107120,0,0,0,1,0
5a03cd4f1.jpg,1,1,3,3,3981,0,0,3981,0,0,0,1,0
5a0a6f0d2.jpg,0,0,,0,0,0,0,0,0,0,0,0,0
5a0b3a924.jpg,1,1,3,3,3694,0,0,3694,0,0,0,1,0
5a0e45b78.jpg,0,0,,0,0,0,0,0,0,0,0,0,0
5a188bcf6.jpg,1,1,3,3,35100,0,0,35100,0,0,0,1,0
5a1b1601e.jpg,1,1,4,4,35623,0,0,0,35623,0,0,0,1
5a2a644d9.jpg,1,1,3,3,6249,0,0,6249,0,0,0,1,0
5a3c3a927.jpg,1,1,3,3,2803,0,0,2803,0,0,0,1,0
5a3db6845.jpg,1,1,3,3,14976,0,0,14976,0,0,0,1,0
5a3e79676.jpg,1,1,3,3,3855,0,0,3855,0,0,0,1,0
5a46b4407.jpg,1,1,3,3,10937,0,0,10937,0,0,0,1,0
5a4af1a28.jpg,0,0,,0,0,0,0,0,0,0,0,0,0
5a4ca9b10.jpg,1,1,3,3,45499,0,0,45499,0,0,0,1,0
5a620fd1e.jpg,1,1,3,3,12599,0,0,12599,0,0,0,1,0
5a68d86b2.jpg,0,0,,0,0,0,0,0,0,0,0,0,0
5a6a8196b.jpg,1,1,3,3,10240,0,0,10240,0,0,0,1,0
5a6aca360.jpg,0,0,,0,0,0,0,0,0,0,0,0,0
5a718d72e.jpg,1,1,3,3,4256,0,0,4256,0,0,0,1,0
5a752f8cd.jpg,1,1,3,3,4048,0,0,4048,0,0,0,1,0
5a8203514.jpg,1,1,3,3,41237,0,0,41237,0,0,0,1,0
5a8644849.jpg,0,0,,0,0,0,0,0,0,0,0,0,0
5a9086b81.jpg,0,0,,0,0,0,0,0,0,0,0,0,0
5a913dda0.jpg,1,1,3,3,178242,0,0,178242,0,0,0,1,0
5a96ebdcf.jpg,1,1,3,3,5619,0,0,5619,0,0,0,1,0
5a9da43e1.jpg,0,0,,0,0,0,0,0,0,0,0,0,0
5a9f713f3.jpg,1,1,3,3,22744,0,0,22744,0,0,0,1,0
5aa1c319d.jpg,1,1,3,3,35994,0,0,35994,0,0,0,1,0
5aa352ece.jpg,1,1,4,4,24269,0,0,0,24269,0,0,0,1
5aa7997bd.jpg,1,1,3,3,43475,0,0,43475,0,0,0,1,0
5aadb38a5.jpg,0,0,,0,0,0,0,0,0,0,0,0,0
5ab39ca3a.jpg,0,0,,0,0,0,0,0,0,0,0,0,0
5acf0f8cd.jpg,0,0,,0,0,0,0,0,0,0,0,0,0
5ad48b934.jpg,1,2,1|2,2,5561,2387,3174,0,0,1,1,0,0
5ad537934.jpg,1,1,3,3,968,0,0,968,0,0,0,1,0
5ad654fc4.jpg,1,1,1,1,2787,2787,0,0,0,1,0,0,0
5adb00ee3.jpg,1,1,3,3,30551,0,0,30551,0,0,0,1,0
5ae15c5b7.jpg,0,0,,0,0,0,0,0,0,0,0,0,0
5af025ad7.jpg,1,1,4,4,69527,0,0,0,69527,0,0,0,1
5af757935.jpg,1,1,3,3,45489,0,0,45489,0,0,0,1,0
5afa3d1e3.jpg,1,1,3,3,62400,0,0,62400,0,0,0,1,0
5afe748ca.jpg,1,1,3,3,25929,0,0,25929,0,0,0,1,0
5aff55ed5.jpg,1,1,3,3,12694,0,0,12694,0,0,0,1,0
5affd9802.jpg,1,2,1|3,3,9897,1295,0,8602,0,1,0,1,0
5b0413b89.jpg,1,1,3,3,6485,0,0,6485,0,0,0,1,0
5b077082b.jpg,1,1,3,3,55751,0,0,55751,0,0,0,1,0
5b0da4889.jpg,1,1,3,3,123906,0,0,123906,0,0,0,1,0
5b13aedd6.jpg,1,1,3,3,14986,0,0,14986,0,0,0,1,0
5b1628412.jpg,0,0,,0,0,0,0,0,0,0,0,0,0
5b175c18c.jpg,1,1,3,3,79786,0,0,79786,0,0,0,1,0
5b188752b.jpg,1,1,3,3,19316,0,0,19316,0,0,0,1,0
5b1b444e3.jpg,1,1,4,4,62975,0,0,0,62975,0,0,0,1
5b1c96f09.jpg,1,1,3,3,8337,0,0,8337,0,0,0,1,0
5b1e3d933.jpg,1,1,3,3,24502,0,0,24502,0,0,0,1,0
5b1e974a2.jpg,1,1,3,3,74939,0,0,74939,0,0,0,1,0
5b202c6f5.jpg,1,2,3|4,4,96671,0,0,7810,88861,0,0,1,1
5b28f3d4a.jpg,1,1,3,3,3308,0,0,3308,0,0,0,1,0
5b334d4db.jpg,1,1,3,3,17169,0,0,17169,0,0,0,1,0
5b34ea110.jpg,0,0,,0,0,0,0,0,0,0,0,0,0
5b3685c8c.jpg,0,0,,0,0,0,0,0,0,0,0,0,0
5b36fcd3d.jpg,0,0,,0,0,0,0,0,0,0,0,0,0
5b3910316.jpg,0,0,,0,0,0,0,0,0,0,0,0,0
5b3c0123f.jpg,0,0,,0,0,0,0,0,0,0,0,0,0
5b3d4785d.jpg,0,0,,0,0,0,0,0,0,0,0,0,0
5b3f3abe1.jpg,0,0,,0,0,0,0,0,0,0,0,0,0
5b470a696.jpg,1,1,3,3,6630,0,0,6630,0,0,0,1,0
5b4d883bf.jpg,0,0,,0,0,0,0,0,0,0,0,0,0
5b4e446d3.jpg,1,1,3,3,3310,0,0,3310,0,0,0,1,0
5b537b5fa.jpg,1,1,4,4,8279,0,0,0,8279,0,0,0,1
5b53fc5e8.jpg,1,1,3,3,64520,0,0,64520,0,0,0,1,0
5b5543800.jpg,1,1,4,4,28823,0,0,0,28823,0,0,0,1
5b58a64b9.jpg,0,0,,0,0,0,0,0,0,0,0,0,0
5b5ad8482.jpg,1,1,3,3,13778,0,0,13778,0,0,0,1,0
5b615bff0.jpg,1,1,3,3,72515,0,0,72515,0,0,0,1,0
5b66c8d1f.jpg,1,1,3,3,138279,0,0,138279,0,0,0,1,0
5b6d6b7ff.jpg,0,0,,0,0,0,0,0,0,0,0,0,0
5b6f98ba8.jpg,1,1,3,3,18136,0,0,18136,0,0,0,1,0
5b73c33d7.jpg,1,2,1|3,3,8297,3243,0,5054,0,1,0,1,0
5b768be03.jpg,0,0,,0,0,0,0,0,0,0,0,0,0
5b7e28cdb.jpg,0,0,,0,0,0,0,0,0,0,0,0,0
5b88d9e1a.jpg,1,1,3,3,92868,0,0,92868,0,0,0,1,0
5b8ad534d.jpg,1,1,1,1,1350,1350,0,0,0,1,0,0,0
5b922560e.jpg,0,0,,0,0,0,0,0,0,0,0,0,0
5b9b3c297.jpg,1,2,3|4,4,49897,0,0,20009,29888,0,0,1,1
5b9c9191b.jpg,0,0,,0,0,0,0,0,0,0,0,0,0
5b9f92d00.jpg,1,1,3,3,11643,0,0,11643,0,0,0,1,0
5ba141d56.jpg,1,1,1,1,6033,6033,0,0,0,1,0,0,0
5ba43097d.jpg,1,1,3,3,2789,0,0,2789,0,0,0,1,0
5ba431673.jpg,0,0,,0,0,0,0,0,0,0,0,0,0
5ba7d0f08.jpg,1,1,3,3,7903,0,0,7903,0,0,0,1,0
5baeac055.jpg,1,1,3,3,39132,0,0,39132,0,0,0,1,0
5bb141102.jpg,0,0,,0,0,0,0,0,0,0,0,0,0
5bb38c785.jpg,0,0,,0,0,0,0,0,0,0,0,0,0
5bb466d48.jpg,1,1,3,3,50880,0,0,50880,0,0,0,1,0
5bba33b04.jpg,0,0,,0,0,0,0,0,0,0,0,0,0
5bbb8cea1.jpg,0,0,,0,0,0,0,0,0,0,0,0,0
5bbd809c4.jpg,1,1,3,3,59777,0,0,59777,0,0,0,1,0
5bc5b180b.jpg,0,0,,0,0,0,0,0,0,0,0,0,0
5bc5d8ef0.jpg,0,0,,0,0,0,0,0,0,0,0,0,0
5bcaca872.jpg,1,1,3,3,26358,0,0,26358,0,0,0,1,0
5bcc61d96.jpg,1,1,3,3,59439,0,0,59439,0,0,0,1,0
5bd1b4f04.jpg,0,0,,0,0,0,0,0,0,0,0,0,0
5bd1b8afa.jpg,0,0,,0,0,0,0,0,0,0,0,0,0
5bd332551.jpg,0,0,,0,0,0,0,0,0,0,0,0,0
5bd81b380.jpg,0,0,,0,0,0,0,0,0,0,0,0,0
5bdeb5f66.jpg,0,0,,0,0,0,0,0,0,0,0,0,0
5bdf24fa3.jpg,1,1,3,3,8644,0,0,8644,0,0,0,1,0
5be411059.jpg,0,0,,0,0,0,0,0,0,0,0,0,0
5bec4663f.jpg,1,1,3,3,49390,0,0,49390,0,0,0,1,0
5becb5ee2.jpg,1,1,3,3,22911,0,0,22911,0,0,0,1,0
5bf4948c3.jpg,1,1,3,3,69511,0,0,69511,0,0,0,1,0
5bf66cfa5.jpg,0,0,,0,0,0,0,0,0,0,0,0,0
5bf75ef9a.jpg,0,0,,0,0,0,0,0,0,0,0,0,0
5c030bf0c.jpg,0,0,,0,0,0,0,0,0,0,0,0,0
5c044192f.jpg,1,1,3,3,64689,0,0,64689,0,0,0,1,0
5c07547b4.jpg,0,0,,0,0,0,0,0,0,0,0,0,0
5c0f7c72d.jpg,1,1,3,3,3072,0,0,3072,0,0,0,1,0
5c123ad74.jpg,1,1,3,3,16820,0,0,16820,0,0,0,1,0
5c201d9e7.jpg,1,1,3,3,1272,0,0,1272,0,0,0,1,0
5c238e376.jpg,1,1,3,3,19617,0,0,19617,0,0,0,1,0
5c2495c58.jpg,0,0,,0,0,0,0,0,0,0,0,0,0
5c36982d0.jpg,1,1,3,3,10487,0,0,10487,0,0,0,1,0
5c3ba387a.jpg,1,1,3,3,9824,0,0,9824,0,0,0,1,0
5c3d3b23e.jpg,0,0,,0,0,0,0,0,0,0,0,0,0
5c3e81694.jpg,1,1,1,1,2177,2177,0,0,0,1,0,0,0
5c3ececea.jpg,0,0,,0,0,0,0,0,0,0,0,0,0
5c48d6e80.jpg,0,0,,0,0,0,0,0,0,0,0,0,0
5c52f36cd.jpg,0,0,,0,0,0,0,0,0,0,0,0,0
5c55d1bbf.jpg,1,1,3,3,14857,0,0,14857,0,0,0,1,0
5c5a0ce34.jpg,0,0,,0,0,0,0,0,0,0,0,0,0
5c5aa7bbc.jpg,1,1,3,3,14890,0,0,14890,0,0,0,1,0
5c68839d0.jpg,1,1,3,3,17866,0,0,17866,0,0,0,1,0
5c6b05529.jpg,0,0,,0,0,0,0,0,0,0,0,0,0
5c6cba0d4.jpg,1,1,3,3,63976,0,0,63976,0,0,0,1,0
5c753ef63.jpg,0,0,,0,0,0,0,0,0,0,0,0,0
5c7613c97.jpg,1,1,4,4,67359,0,0,0,67359,0,0,0,1
5c7a09dc0.jpg,1,1,3,3,94963,0,0,94963,0,0,0,1,0
5c801ba0c.jpg,1,1,3,3,33833,0,0,33833,0,0,0,1,0
5c8104408.jpg,1,1,4,4,85785,0,0,0,85785,0,0,0,1
5c86de06f.jpg,1,1,3,3,160856,0,0,160856,0,0,0,1,0
5c876d114.jpg,1,1,3,3,113163,0,0,113163,0,0,0,1,0
5c8c555a3.jpg,1,1,1,1,4426,4426,0,0,0,1,0,0,0
5c90de9a0.jpg,0,0,,0,0,0,0,0,0,0,0,0,0
5c9b16686.jpg,1,1,3,3,43121,0,0,43121,0,0,0,1,0
5ca03f4fb.jpg,1,1,3,3,2845,0,0,2845,0,0,0,1,0
5ca2ccd75.jpg,1,1,3,3,4042,0,0,4042,0,0,0,1,0
5ca7fcc19.jpg,1,1,2,2,3492,0,3492,0,0,0,1,0,0
5caa63ad4.jpg,0,0,,0,0,0,0,0,0,0,0,0,0
5cadef440.jpg,0,0,,0,0,0,0,0,0,0,0,0,0
5cbc57544.jpg,0,0,,0,0,0,0,0,0,0,0,0,0
5cbfcc4dd.jpg,1,1,3,3,10302,0,0,10302,0,0,0,1,0
5cc07468d.jpg,1,1,3,3,1607,0,0,1607,0,0,0,1,0
5cc1f869a.jpg,0,0,,0,0,0,0,0,0,0,0,0,0
5cc47b140.jpg,1,1,3,3,23729,0,0,23729,0,0,0,1,0
5cc70cbdb.jpg,1,1,4,4,24402,0,0,0,24402,0,0,0,1
5cc9018f0.jpg,1,1,3,3,2017,0,0,2017,0,0,0,1,0
5cd2125a9.jpg,0,0,,0,0,0,0,0,0,0,0,0,0
5cd2a9b53.jpg,0,0,,0,0,0,0,0,0,0,0,0,0
5cd50ed32.jpg,0,0,,0,0,0,0,0,0,0,0,0,0
5ce3611e3.jpg,1,1,3,3,13919,0,0,13919,0,0,0,1,0
5cef0e386.jpg,0,0,,0,0,0,0,0,0,0,0,0,0
5cf1c8814.jpg,1,1,3,3,16708,0,0,16708,0,0,0,1,0
5cf1cb974.jpg,1,1,3,3,2703,0,0,2703,0,0,0,1,0
5cf1e588e.jpg,0,0,,0,0,0,0,0,0,0,0,0,0
5cf49344a.jpg,0,0,,0,0,0,0,0,0,0,0,0,0
5cf4adf72.jpg,1,1,1,1,3326,3326,0,0,0,1,0,0,0
5d044bd2c.jpg,1,1,3,3,34703,0,0,34703,0,0,0,1,0
5d046cb01.jpg,0,0,,0,0,0,0,0,0,0,0,0,0
5d070ece7.jpg,0,0,,0,0,0,0,0,0,0,0,0,0
5d0b67f94.jpg,1,1,4,4,36992,0,0,0,36992,0,0,0,1
5d11bb266.jpg,0,0,,0,0,0,0,0,0,0,0,0,0
5d126dc5a.jpg,0,0,,0,0,0,0,0,0,0,0,0,0
5d162a1fb.jpg,0,0,,0,0,0,0,0,0,0,0,0,0
5d16d5e52.jpg,0,0,,0,0,0,0,0,0,0,0,0,0
5d1aac191.jpg,1,1,3,3,59832,0,0,59832,0,0,0,1,0
5d1d529b0.jpg,1,1,3,3,14831,0,0,14831,0,0,0,1,0
5d218419b.jpg,1,1,3,3,8169,0,0,8169,0,0,0,1,0
5d22d4c0d.jpg,0,0,,0,0,0,0,0,0,0,0,0,0
5d2fe9f45.jpg,1,1,1,1,4695,4695,0,0,0,1,0,0,0
5d31c6ec3.jpg,0,0,,0,0,0,0,0,0,0,0,0,0
5d32d076f.jpg,1,1,4,4,30560,0,0,0,30560,0,0,0,1
5d34abcf4.jpg,0,0,,0,0,0,0,0,0,0,0,0,0
5d37118aa.jpg,0,0,,0,0,0,0,0,0,0,0,0,0
5d3cbe1fe.jpg,1,1,3,3,2083,0,0,2083,0,0,0,1,0
5d4462d67.jpg,0,0,,0,0,0,0,0,0,0,0,0,0
5d465a80a.jpg,0,0,,0,0,0,0,0,0,0,0,0,0
5d65e94a7.jpg,0,0,,0,0,0,0,0,0,0,0,0,0
5d6a267d1.jpg,0,0,,0,0,0,0,0,0,0,0,0,0
5d82ecaa0.jpg,0,0,,0,0,0,0,0,0,0,0,0,0
5d853e095.jpg,1,1,3,3,10873,0,0,10873,0,0,0,1,0
5d8690cf6.jpg,1,1,3,3,86144,0,0,86144,0,0,0,1,0
5d8c2d90e.jpg,1,1,3,3,3223,0,0,3223,0,0,0,1,0
5d8d3463a.jpg,1,1,3,3,9030,0,0,9030,0,0,0,1,0
5d951f617.jpg,0,0,,0,0,0,0,0,0,0,0,0,0
5d9995dfe.jpg,0,0,,0,0,0,0,0,0,0,0,0,0
5d9cd57a5.jpg,0,0,,0,0,0,0,0,0,0,0,0,0
5da0590e5.jpg,0,0,,0,0,0,0,0,0,0,0,0,0
5da101f18.jpg,0,0,,0,0,0,0,0,0,0,0,0,0
5da78dca1.jpg,1,1,3,3,7512,0,0,7512,0,0,0,1,0
5db20dd94.jpg,0,0,,0,0,0,0,0,0,0,0,0,0
5db4d2daa.jpg,1,1,3,3,8040,0,0,8040,0,0,0,1,0
5dbe61887.jpg,0,0,,0,0,0,0,0,0,0,0,0,0
5dc613459.jpg,0,0,,0,0,0,0,0,0,0,0,0,0
5dd11afc4.jpg,0,0,,0,0,0,0,0,0,0,0,0,0
5dd5484fc.jpg,1,1,3,3,6748,0,0,6748,0,0,0,1,0
5dd89309f.jpg,1,1,3,3,35005,0,0,35005,0,0,0,1,0
5de4f67ec.jpg,1,1,3,3,35653,0,0,35653,0,0,0,1,0
5dfaf5efd.jpg,0,0,,0,0,0,0,0,0,0,0,0,0
5e0744d4b.jpg,1,1,3,3,6751,0,0,6751,0,0,0,1,0
5e08ca8ee.jpg,0,0,,0,0,0,0,0,0,0,0,0,0
5e094a512.jpg,0,0,,0,0,0,0,0,0,0,0,0,0
5e18e1844.jpg,0,0,,0,0,0,0,0,0,0,0,0,0
5e1f34810.jpg,1,1,3,3,68380,0,0,68380,0,0,0,1,0
5e228bd48.jpg,0,0,,0,0,0,0,0,0,0,0,0,0
5e29012ca.jpg,1,1,3,3,9580,0,0,9580,0,0,0,1,0
5e2aaff78.jpg,1,1,3,3,20698,0,0,20698,0,0,0,1,0
5e39d0d53.jpg,0,0,,0,0,0,0,0,0,0,0,0,0
5e3a14360.jpg,0,0,,0,0,0,0,0,0,0,0,0,0
5e3c6bfd8.jpg,0,0,,0,0,0,0,0,0,0,0,0,0
5e3f90ef0.jpg,0,0,,0,0,0,0,0,0,0,0,0,0
5e4546504.jpg,0,0,,0,0,0,0,0,0,0,0,0,0
5e4714333.jpg,0,0,,0,0,0,0,0,0,0,0,0,0
5e534a619.jpg,1,1,4,4,6954,0,0,0,6954,0,0,0,1
5e5515e05.jpg,0,0,,0,0,0,0,0,0,0,0,0,0
5e570da14.jpg,1,1,3,3,52368,0,0,52368,0,0,0,1,0
5e581254c.jpg,1,1,3,3,21909,0,0,21909,0,0,0,1,0
5e5cce297.jpg,0,0,,0,0,0,0,0,0,0,0,0,0
5e5f3ea95.jpg,1,2,3|4,4,33049,0,0,5956,27093,0,0,1,1
5e658dfcb.jpg,0,0,,0,0,0,0,0,0,0,0,0,0
5e6815274.jpg,0,0,,0,0,0,0,0,0,0,0,0,0
5e688f8fd.jpg,0,0,,0,0,0,0,0,0,0,0,0,0
5e6c70479.jpg,0,0,,0,0,0,0,0,0,0,0,0,0
5e7f11c85.jpg,0,0,,0,0,0,0,0,0,0,0,0,0
5e88c8a04.jpg,1,1,3,3,639,0,0,639,0,0,0,1,0
5e8ca0990.jpg,1,1,3,3,28729,0,0,28729,0,0,0,1,0
5e92f8e11.jpg,1,1,3,3,13592,0,0,13592,0,0,0,1,0
5e9371b0d.jpg,0,0,,0,0,0,0,0,0,0,0,0,0
5e995a151.jpg,0,0,,0,0,0,0,0,0,0,0,0,0
5e99fe1cd.jpg,0,0,,0,0,0,0,0,0,0,0,0,0
5ea696356.jpg,0,0,,0,0,0,0,0,0,0,0,0,0
5ea7bbf5f.jpg,1,1,3,3,2885,0,0,2885,0,0,0,1,0
5eae1fad1.jpg,1,1,3,3,21092,0,0,21092,0,0,0,1,0
5eb5348b3.jpg,1,1,4,4,94314,0,0,0,94314,0,0,0,1
5eb928f43.jpg,1,1,3,3,12424,0,0,12424,0,0,0,1,0
5ec3f0420.jpg,0,0,,0,0,0,0,0,0,0,0,0,0
5ec5dd646.jpg,1,1,3,3,4894,0,0,4894,0,0,0,1,0
5ec80000e.jpg,1,1,3,3,10442,0,0,10442,0,0,0,1,0
5ed08442d.jpg,1,1,3,3,4106,0,0,4106,0,0,0,1,0
5ed3c7563.jpg,0,0,,0,0,0,0,0,0,0,0,0,0
5ed60086b.jpg,0,0,,0,0,0,0,0,0,0,0,0,0
5ed98fbe2.jpg,1,1,3,3,37440,0,0,37440,0,0,0,1,0
5edc97218.jpg,1,1,3,3,3840,0,0,3840,0,0,0,1,0
5edcbfc69.jpg,0,0,,0,0,0,0,0,0,0,0,0,0
5ee800985.jpg,0,0,,0,0,0,0,0,0,0,0,0,0
5eeb58b97.jpg,0,0,,0,0,0,0,0,0,0,0,0,0
5eebc2c76.jpg,0,0,,0,0,0,0,0,0,0,0,0,0
5f0371b4d.jpg,1,1,1,1,2692,2692,0,0,0,1,0,0,0
5f0c8d167.jpg,1,1,3,3,8678,0,0,8678,0,0,0,1,0
5f11a4623.jpg,1,2,1|3,3,61108,3278,0,57830,0,1,0,1,0
5f121bfff.jpg,1,1,3,3,3491,0,0,3491,0,0,0,1,0
5f173bcc1.jpg,1,1,4,4,40773,0,0,0,40773,0,0,0,1
5f1db67df.jpg,0,0,,0,0,0,0,0,0,0,0,0,0
5f2223804.jpg,1,1,3,3,725,0,0,725,0,0,0,1,0
5f28ca6de.jpg,1,1,3,3,179985,0,0,179985,0,0,0,1,0
5f2a4bf0b.jpg,0,0,,0,0,0,0,0,0,0,0,0,0
5f2f465bc.jpg,0,0,,0,0,0,0,0,0,0,0,0,0
5f33ded37.jpg,1,1,3,3,4033,0,0,4033,0,0,0,1,0
5f34a730b.jpg,1,1,1,1,4819,4819,0,0,0,1,0,0,0
5f39f57ea.jpg,1,1,3,3,205,0,0,205,0,0,0,1,0
5f3ea48cc.jpg,0,0,,0,0,0,0,0,0,0,0,0,0
5f459aeb3.jpg,1,1,4,4,31697,0,0,0,31697,0,0,0,1
5f4aacd92.jpg,0,0,,0,0,0,0,0,0,0,0,0,0
5f4e99fc7.jpg,1,1,3,3,2244,0,0,2244,0,0,0,1,0
5f507f470.jpg,0,0,,0,0,0,0,0,0,0,0,0,0
5f5a2e357.jpg,0,0,,0,0,0,0,0,0,0,0,0,0
5f5e1e310.jpg,1,1,3,3,8832,0,0,8832,0,0,0,1,0
5f7c066e7.jpg,0,0,,0,0,0,0,0,0,0,0,0,0
5f7e6cfdd.jpg,0,0,,0,0,0,0,0,0,0,0,0,0
5f925b62b.jpg,0,0,,0,0,0,0,0,0,0,0,0,0
5f951ff8c.jpg,0,0,,0,0,0,0,0,0,0,0,0,0
5fa0b3200.jpg,1,1,1,1,4699,4699,0,0,0,1,0,0,0
5fa66ef18.jpg,0,0,,0,0,0,0,0,0,0,0,0,0
5fa81f2b5.jpg,1,1,3,3,9582,0,0,9582,0,0,0,1,0
5facf38ab.jpg,0,0,,0,0,0,0,0,0,0,0,0,0
5fb058bcf.jpg,0,0,,0,0,0,0,0,0,0,0,0,0
5fb05ccea.jpg,1,1,3,3,36920,0,0,36920,0,0,0,1,0
5fbb1a20d.jpg,0,0,,0,0,0,0,0,0,0,0,0,0
5fccf97d8.jpg,1,1,1,1,8800,8800,0,0,0,1,0,0,0
5fd638b66.jpg,0,0,,0,0,0,0,0,0,0,0,0,0
5fd74daee.jpg,1,1,1,1,2139,2139,0,0,0,1,0,0,0
5fd8e2c76.jpg,0,0,,0,0,0,0,0,0,0,0,0,0
5fdd30811.jpg,0,0,,0,0,0,0,0,0,0,0,0,0
5feafe9c5.jpg,1,1,3,3,71082,0,0,71082,0,0,0,1,0
5feba024c.jpg,0,0,,0,0,0,0,0,0,0,0,0,0
5ff129eb1.jpg,1,1,3,3,11589,0,0,11589,0,0,0,1,0
5ff533576.jpg,1,1,3,3,13259,0,0,13259,0,0,0,1,0
5ff5438f5.jpg,1,1,3,3,4673,0,0,4673,0,0,0,1,0
5ff6ee14c.jpg,1,1,3,3,5626,0,0,5626,0,0,0,1,0
6003f62fa.jpg,0,0,,0,0,0,0,0,0,0,0,0,0
6004d82bf.jpg,0,0,,0,0,0,0,0,0,0,0,0,0
6006371fc.jpg,0,0,,0,0,0,0,0,0,0,0,0,0
60067f38a.jpg,0,0,,0,0,0,0,0,0,0,0,0,0
600a81590.jpg,0,0,,0,0,0,0,0,0,0,0,0,0
600dcf318.jpg,0,0,,0,0,0,0,0,0,0,0,0,0
601e77e84.jpg,0,0,,0,0,0,0,0,0,0,0,0,0
602288d9c.jpg,1,1,3,3,19876,0,0,19876,0,0,0,1,0
6023f98ef.jpg,1,1,3,3,73876,0,0,73876,0,0,0,1,0
602a29dac.jpg,0,0,,0,0,0,0,0,0,0,0,0,0
602bfaba5.jpg,1,1,4,4,16685,0,0,0,16685,0,0,0,1
602f44c93.jpg,0,0,,0,0,0,0,0,0,0,0,0,0
603283b48.jpg,0,0,,0,0,0,0,0,0,0,0,0,0
603bb9003.jpg,1,2,1|3,1,7194,5633,0,1561,0,1,0,1,0
603fc5bfa.jpg,0,0,,0,0,0,0,0,0,0,0,0,0
604e200e1.jpg,1,1,3,3,18261,0,0,18261,0,0,0,1,0
6057309ad.jpg,0,0,,0,0,0,0,0,0,0,0,0,0
6057916d4.jpg,1,1,3,3,4821,0,0,4821,0,0,0,1,0
605ed0050.jpg,1,1,2,2,1384,0,1384,0,0,0,1,0,0
606f35768.jpg,1,1,1,1,1938,1938,0,0,0,1,0,0,0
607105dac.jpg,1,1,1,1,1672,1672,0,0,0,1,0,0,0
6078cc0b1.jpg,1,1,3,3,40741,0,0,40741,0,0,0,1,0
6081f6677.jpg,1,1,3,3,18483,0,0,18483,0,0,0,1,0
6085fc4cc.jpg,1,1,3,3,15337,0,0,15337,0,0,0,1,0
6088b253e.jpg,0,0,,0,0,0,0,0,0,0,0,0,0
608bd49bc.jpg,0,0,,0,0,0,0,0,0,0,0,0,0
60906c3a1.jpg,1,1,3,3,16249,0,0,16249,0,0,0,1,0
6091e8db7.jpg,0,0,,0,0,0,0,0,0,0,0,0,0
6092ccb86.jpg,0,0,,0,0,0,0,0,0,0,0,0,0
6099f39dc.jpg,0,0,,0,0,0,0,0,0,0,0,0,0
60a4b3df2.jpg,1,1,3,3,10847,0,0,10847,0,0,0,1,0
60a5ee89e.jpg,1,1,3,3,4288,0,0,4288,0,0,0,1,0
60a90c7d3.jpg,0,0,,0,0,0,0,0,0,0,0,0,0
60aca03e2.jpg,1,1,3,3,8124,0,0,8124,0,0,0,1,0
60b79ec56.jpg,0,0,,0,0,0,0,0,0,0,0,0,0
60bc48f6b.jpg,1,1,3,3,26409,0,0,26409,0,0,0,1,0
60bdfb21b.jpg,1,1,3,3,10710,0,0,10710,0,0,0,1,0
60bed88a7.jpg,0,0,,0,0,0,0,0,0,0,0,0,0
60c41d5b0.jpg,0,0,,0,0,0,0,0,0,0,0,0,0
60c48f53e.jpg,0,0,,0,0,0,0,0,0,0,0,0,0
60d7248a8.jpg,1,2,1|3,1,10125,7574,0,2551,0,1,0,1,0
60d7ee261.jpg,1,1,3,3,57148,0,0,57148,0,0,0,1,0
60efe3f90.jpg,1,1,4,4,39715,0,0,0,39715,0,0,0,1
60f9e221f.jpg,0,0,,0,0,0,0,0,0,0,0,0,0
60f9f7ff2.jpg,1,1,3,3,57089,0,0,57089,0,0,0,1,0
60fb3a793.jpg,1,1,3,3,2445,0,0,2445,0,0,0,1,0
6100ef061.jpg,0,0,,0,0,0,0,0,0,0,0,0,0
6100fae0f.jpg,1,1,1,1,5363,5363,0,0,0,1,0,0,0
6104918a5.jpg,0,0,,0,0,0,0,0,0,0,0,0,0
61072870e.jpg,0,0,,0,0,0,0,0,0,0,0,0,0
6109c07c7.jpg,0,0,,0,0,0,0,0,0,0,0,0,0
610a6d546.jpg,0,0,,0,0,0,0,0,0,0,0,0,0
6110a6c5f.jpg,0,0,,0,0,0,0,0,0,0,0,0,0
611966559.jpg,0,0,,0,0,0,0,0,0,0,0,0,0
611ed97fe.jpg,0,0,,0,0,0,0,0,0,0,0,0,0
61204ded5.jpg,1,1,3,3,39932,0,0,39932,0,0,0,1,0
61228a49c.jpg,1,1,3,3,25758,0,0,25758,0,0,0,1,0
612456357.jpg,0,0,,0,0,0,0,0,0,0,0,0,0
612c0d930.jpg,1,1,3,3,3546,0,0,3546,0,0,0,1,0
612d86c8b.jpg,0,0,,0,0,0,0,0,0,0,0,0,0
6137b0b89.jpg,0,0,,0,0,0,0,0,0,0,0,0,0
613faa9d3.jpg,0,0,,0,0,0,0,0,0,0,0,0,0
614054f86.jpg,0,0,,0,0,0,0,0,0,0,0,0,0
6143631ab.jpg,1,1,3,3,2746,0,0,2746,0,0,0,1,0
61457b567.jpg,1,1,4,4,2663,0,0,0,2663,0,0,0,1
6149dc4ee.jpg,1,2,1|3,3,3131,703,0,2428,0,1,0,1,0
614a8349b.jpg,1,1,3,3,9216,0,0,9216,0,0,0,1,0
614e8523d.jpg,1,1,3,3,94331,0,0,94331,0,0,0,1,0
6160e3483.jpg,0,0,,0,0,0,0,0,0,0,0,0,0
616646b4d.jpg,1,1,3,3,13804,0,0,13804,0,0,0,1,0
617b8af67.jpg,0,0,,0,0,0,0,0,0,0,0,0,0
6181243e8.jpg,0,0,,0,0,0,0,0,0,0,0,0,0
6181b0a92.jpg,1,1,2,2,11302,0,11302,0,0,0,1,0,0
61835d07a.jpg,1,1,3,3,9045,0,0,9045,0,0,0,1,0
618f0ff16.jpg,1,1,3,3,3419,0,0,3419,0,0,0,1,0
6190fe546.jpg,1,1,3,3,9362,0,0,9362,0,0,0,1,0
6195c3cf0.jpg,0,0,,0,0,0,0,0,0,0,0,0,0
619733902.jpg,0,0,,0,0,0,0,0,0,0,0,0,0
619e14fc9.jpg,0,0,,0,0,0,0,0,0,0,0,0,0
619e26127.jpg,0,0,,0,0,0,0,0,0,0,0,0,0
619f5dc9c.jpg,0,0,,0,0,0,0,0,0,0,0,0,0
61a06d797.jpg,1,1,3,3,10740,0,0,10740,0,0,0,1,0
61a0d669a.jpg,1,1,3,3,3734,0,0,3734,0,0,0,1,0
61a2a3de3.jpg,0,0,,0,0,0,0,0,0,0,0,0,0
61a365822.jpg,1,1,3,3,5878,0,0,5878,0,0,0,1,0
61a58bcc6.jpg,0,0,,0,0,0,0,0,0,0,0,0,0
61b4b7771.jpg,1,1,3,3,3408,0,0,3408,0,0,0,1,0
61b5984bb.jpg,0,0,,0,0,0,0,0,0,0,0,0,0
61bbee823.jpg,1,1,3,3,6715,0,0,6715,0,0,0,1,0
61bc906d9.jpg,1,1,3,3,11378,0,0,11378,0,0,0,1,0
61be1f51b.jpg,1,1,4,4,16472,0,0,0,16472,0,0,0,1
61cbb3c15.jpg,1,1,3,3,63476,0,0,63476,0,0,0,1,0
61cd2a4f4.jpg,0,0,,0,0,0,0,0,0,0,0,0,0
61defe67d.jpg,0,0,,0,0,0,0,0,0,0,0,0,0
61dff697f.jpg,1,1,3,3,4641,0,0,4641,0,0,0,1,0
61e56bfc1.jpg,0,0,,0,0,0,0,0,0,0,0,0,0
61e8a808c.jpg,1,1,3,3,8746,0,0,8746,0,0,0,1,0
61f1a5464.jpg,0,0,,0,0,0,0,0,0,0,0,0,0
61f22bd01.jpg,1,1,3,3,1867,0,0,1867,0,0,0,1,0
61f93524d.jpg,1,2,3|4,3,13337,0,0,7845,5492,0,0,1,1
620100d93.jpg,1,1,3,3,36761,0,0,36761,0,0,0,1,0
620568126.jpg,1,1,3,3,25169,0,0,25169,0,0,0,1,0
6207b71f1.jpg,0,0,,0,0,0,0,0,0,0,0,0,0
6209acbc4.jpg,1,1,1,1,5130,5130,0,0,0,1,0,0,0
620f810e7.jpg,1,1,3,3,6709,0,0,6709,0,0,0,1,0
621086ad2.jpg,0,0,,0,0,0,0,0,0,0,0,0,0
62122709f.jpg,1,1,3,3,26131,0,0,26131,0,0,0,1,0
6212e44a0.jpg,1,1,3,3,2499,0,0,2499,0,0,0,1,0
621706556.jpg,0,0,,0,0,0,0,0,0,0,0,0,0
6218cd94a.jpg,1,1,3,3,3356,0,0,3356,0,0,0,1,0
621ba04b6.jpg,0,0,,0,0,0,0,0,0,0,0,0,0
621c327d0.jpg,0,0,,0,0,0,0,0,0,0,0,0,0
621c5bfe5.jpg,1,1,4,4,3850,0,0,0,3850,0,0,0,1
622086df1.jpg,1,1,3,3,52813,0,0,52813,0,0,0,1,0
622808ac3.jpg,1,1,3,3,4502,0,0,4502,0,0,0,1,0
622851fbe.jpg,0,0,,0,0,0,0,0,0,0,0,0,0
6233c9643.jpg,1,1,3,3,3874,0,0,3874,0,0,0,1,0
6234abc59.jpg,0,0,,0,0,0,0,0,0,0,0,0,0
62390e1f1.jpg,0,0,,0,0,0,0,0,0,0,0,0,0
623c8ea1a.jpg,0,0,,0,0,0,0,0,0,0,0,0,0
6241f88fd.jpg,0,0,,0,0,0,0,0,0,0,0,0,0
6246f7cae.jpg,1,1,3,3,228579,0,0,228579,0,0,0,1,0
624a6daf6.jpg,0,0,,0,0,0,0,0,0,0,0,0,0
624b76e5c.jpg,1,1,1,1,4042,4042,0,0,0,1,0,0,0
624e942f6.jpg,1,1,3,3,54940,0,0,54940,0,0,0,1,0
624f2fd87.jpg,0,0,,0,0,0,0,0,0,0,0,0,0
624ff10c3.jpg,0,0,,0,0,0,0,0,0,0,0,0,0
625c1af1f.jpg,0,0,,0,0,0,0,0,0,0,0,0,0
62631fed1.jpg,0,0,,0,0,0,0,0,0,0,0,0,0
62638f27a.jpg,0,0,,0,0,0,0,0,0,0,0,0,0
6267f94de.jpg,1,1,3,3,114452,0,0,114452,0,0,0,1,0
6276bd13c.jpg,1,1,3,3,4267,0,0,4267,0,0,0,1,0
627b98bc7.jpg,1,2,1|3,3,33357,6236,0,27121,0,1,0,1,0
627fef214.jpg,1,1,3,3,7880,0,0,7880,0,0,0,1,0
62849bbef.jpg,1,1,3,3,14274,0,0,14274,0,0,0,1,0
628986ff3.jpg,0,0,,0,0,0,0,0,0,0,0,0,0
628aaf2df.jpg,1,1,1,1,7629,7629,0,0,0,1,0,0,0
629277c2f.jpg,1,1,1,1,1093,1093,0,0,0,1,0,0,0
6293b99e3.jpg,0,0,,0,0,0,0,0,0,0,0,0,0
629900275.jpg,1,1,4,4,13353,0,0,0,13353,0,0,0,1
629f417ee.jpg,0,0,,0,0,0,0,0,0,0,0,0,0
62a1af2c1.jpg,1,1,3,3,5750,0,0,5750,0,0,0,1,0
62a4c01b4.jpg,0,0,,0,0,0,0,0,0,0,0,0,0
62a62b552.jpg,1,1,3,3,66376,0,0,66376,0,0,0,1,0
62a9535b1.jpg,1,1,1,1,2466,2466,0,0,0,1,0,0,0
62b0a31ba.jpg,1,1,3,3,24576,0,0,24576,0,0,0,1,0
62b0efabd.jpg,0,0,,0,0,0,0,0,0,0,0,0,0
62b560fca.jpg,0,0,,0,0,0,0,0,0,0,0,0,0
62b6e4d5d.jpg,0,0,,0,0,0,0,0,0,0,0,0,0
62b81735c.jpg,1,2,3|4,3,64167,0,0,51479,12688,0,0,1,1
62bae0f56.jpg,1,1,3,3,4056,0,0,4056,0,0,0,1,0
62bf70fee.jpg,1,1,2,2,6253,0,6253,0,0,0,1,0,0
62c1c5dcb.jpg,1,1,3,3,128667,0,0,128667,0,0,0,1,0
62c3df080.jpg,0,0,,0,0,0,0,0,0,0,0,0,0
62c4f10d3.jpg,0,0,,0,0,0,0,0,0,0,0,0,0
62cf0b008.jpg,0,0,,0,0,0,0,0,0,0,0,0,0
62d22c41a.jpg,0,0,,0,0,0,0,0,0,0,0,0,0
62d9fd113.jpg,1,1,3,3,25518,0,0,25518,0,0,0,1,0
62de7fd2d.jpg,0,0,,0,0,0,0,0,0,0,0,0,0
62e356985.jpg,1,2,3|4,4,31680,0,0,11036,20644,0,0,1,1
62e5f5e95.jpg,0,0,,0,0,0,0,0,0,0,0,0,0
62e75b91a.jpg,0,0,,0,0,0,0,0,0,0,0,0,0
62f1544bb.jpg,1,1,3,3,103038,0,0,103038,0,0,0,1,0
62f84c877.jpg,1,1,3,3,83170,0,0,83170,0,0,0,1,0
62f8d0911.jpg,0,0,,0,0,0,0,0,0,0,0,0,0
62febb8d5.jpg,0,0,,0,0,0,0,0,0,0,0,0,0
63066e3a7.jpg,0,0,,0,0,0,0,0,0,0,0,0,0
6308e03ad.jpg,1,1,3,3,3208,0,0,3208,0,0,0,1,0
631774933.jpg,1,1,3,3,16666,0,0,16666,0,0,0,1,0
631c2334a.jpg,1,1,4,4,14542,0,0,0,14542,0,0,0,1
631eb3826.jpg,1,1,3,3,23448,0,0,23448,0,0,0,1,0
6320ec8c6.jpg,1,1,3,3,10368,0,0,10368,0,0,0,1,0
632133372.jpg,1,1,3,3,2285,0,0,2285,0,0,0,1,0
632afd007.jpg,0,0,,0,0,0,0,0,0,0,0,0,0
6336c7ef4.jpg,1,1,3,3,76718,0,0,76718,0,0,0,1,0
633701ae3.jpg,1,1,3,3,2613,0,0,2613,0,0,0,1,0
633b2f9e5.jpg,0,0,,0,0,0,0,0,0,0,0,0,0
633e82d81.jpg,0,0,,0,0,0,0,0,0,0,0,0,0
6343860bc.jpg,1,1,3,3,156719,0,0,156719,0,0,0,1,0
6345babc1.jpg,0,0,,0,0,0,0,0,0,0,0,0,0
634f15fd4.jpg,0,0,,0,0,0,0,0,0,0,0,0,0
6353833df.jpg,1,1,3,3,38967,0,0,38967,0,0,0,1,0
63541b5aa.jpg,0,0,,0,0,0,0,0,0,0,0,0,0
6355bcd53.jpg,1,1,3,3,28330,0,0,28330,0,0,0,1,0
6355bf572.jpg,1,1,1,1,985,985,0,0,0,1,0,0,0
635c14be4.jpg,0,0,,0,0,0,0,0,0,0,0,0,0
636139dbf.jpg,0,0,,0,0,0,0,0,0,0,0,0,0
636214476.jpg,1,1,3,3,14042,0,0,14042,0,0,0,1,0
6365e8fb8.jpg,0,0,,0,0,0,0,0,0,0,0,0,0
636700b91.jpg,1,1,3,3,89665,0,0,89665,0,0,0,1,0
636852a01.jpg,1,1,3,3,12425,0,0,12425,0,0,0,1,0
636bad9bd.jpg,1,1,3,3,60211,0,0,60211,0,0,0,1,0
6377c76ee.jpg,0,0,,0,0,0,0,0,0,0,0,0,0
637a0124c.jpg,0,0,,0,0,0,0,0,0,0,0,0,0
6382e222f.jpg,0,0,,0,0,0,0,0,0,0,0,0,0
638531c87.jpg,1,1,3,3,3859,0,0,3859,0,0,0,1,0
638b05d55.jpg,1,1,3,3,4401,0,0,4401,0,0,0,1,0
6395f8bf1.jpg,1,1,1,1,8957,8957,0,0,0,1,0,0,0
63972a7c5.jpg,1,1,3,3,4917,0,0,4917,0,0,0,1,0
639c7495a.jpg,1,1,3,3,26169,0,0,26169,0,0,0,1,0
639f2d9e3.jpg,0,0,,0,0,0,0,0,0,0,0,0,0
63a3aaaa4.jpg,0,0,,0,0,0,0,0,0,0,0,0,0
63ad80e46.jpg,0,0,,0,0,0,0,0,0,0,0,0,0
63adb88f1.jpg,1,1,1,1,2400,2400,0,0,0,1,0,0,0
63b63d495.jpg,1,1,3,3,13145,0,0,13145,0,0,0,1,0
63b6edd7e.jpg,1,1,1,1,4052,4052,0,0,0,1,0,0,0
63c0e226d.jpg,0,0,,0,0,0,0,0,0,0,0,0,0
63c219c6f.jpg,0,0,,0,0,0,0,0,0,0,0,0,0
63c46a774.jpg,1,2,1|3,1,5768,3145,0,2623,0,1,0,1,0
63ca8ab06.jpg,0,0,,0,0,0,0,0,0,0,0,0,0
63cea57a1.jpg,1,1,1,1,1495,1495,0,0,0,1,0,0,0
63cf275e8.jpg,1,1,3,3,232238,0,0,232238,0,0,0,1,0
63d58f327.jpg,0,0,,0,0,0,0,0,0,0,0,0,0
63d67f57b.jpg,1,1,1,1,687,687,0,0,0,1,0,0,0
63d8f0be1.jpg,1,1,3,3,10368,0,0,10368,0,0,0,1,0
63da8f810.jpg,1,1,3,3,14151,0,0,14151,0,0,0,1,0
63ee5bc32.jpg,0,0,,0,0,0,0,0,0,0,0,0,0
63f58e5d6.jpg,0,0,,0,0,0,0,0,0,0,0,0,0
63fde7ae0.jpg,1,1,3,3,26573,0,0,26573,0,0,0,1,0
640174345.jpg,0,0,,0,0,0,0,0,0,0,0,0,0
6402acfcf.jpg,0,0,,0,0,0,0,0,0,0,0,0,0
64050cece.jpg,0,0,,0,0,0,0,0,0,0,0,0,0
64061cda4.jpg,0,0,,0,0,0,0,0,0,0,0,0,0
6406c1e6f.jpg,1,1,3,3,28426,0,0,28426,0,0,0,1,0
6408573ce.jpg,0,0,,0,0,0,0,0,0,0,0,0,0
640b3aede.jpg,1,1,1,1,8104,8104,0,0,0,1,0,0,0
641f7876e.jpg,0,0,,0,0,0,0,0,0,0,0,0,0
64261b3f7.jpg,1,1,3,3,9451,0,0,9451,0,0,0,1,0
642cfbe74.jpg,1,1,3,3,10636,0,0,10636,0,0,0,1,0
6430ea237.jpg,1,2,1|3,1,3939,2535,0,1404,0,1,0,1,0
64361cd8b.jpg,1,1,3,3,11815,0,0,11815,0,0,0,1,0
643eac906.jpg,0,0,,0,0,0,0,0,0,0,0,0,0
643f181f4.jpg,1,1,3,3,41349,0,0,41349,0,0,0,1,0
64443519b.jpg,1,2,1|3,1,8637,7792,0,845,0,1,0,1,0
644f9c71d.jpg,1,2,1|3,3,4390,1666,0,2724,0,1,0,1,0
6458159d8.jpg,1,1,3,3,50334,0,0,50334,0,0,0,1,0
646a22b43.jpg,1,1,3,3,1281,0,0,1281,0,0,0,1,0
646a4e69a.jpg,1,1,3,3,10880,0,0,10880,0,0,0,1,0
646acd6c3.jpg,0,0,,0,0,0,0,0,0,0,0,0,0
646b93bc9.jpg,0,0,,0,0,0,0,0,0,0,0,0,0
6474fa9b0.jpg,0,0,,0,0,0,0,0,0,0,0,0,0
64782db0a.jpg,1,1,1,1,14884,14884,0,0,0,1,0,0,0
648e67d1b.jpg,1,1,2,2,2694,0,2694,0,0,0,1,0,0
64934ac51.jpg,1,1,3,3,5037,0,0,5037,0,0,0,1,0
64945c8c0.jpg,0,0,,0,0,0,0,0,0,0,0,0,0
649822bd7.jpg,1,1,3,3,8882,0,0,8882,0,0,0,1,0
649890305.jpg,1,1,3,3,2684,0,0,2684,0,0,0,1,0
64a5f8c80.jpg,1,1,3,3,36264,0,0,36264,0,0,0,1,0
64a9ec83c.jpg,0,0,,0,0,0,0,0,0,0,0,0,0
64b0f37d7.jpg,0,0,,0,0,0,0,0,0,0,0,0,0
64b4c2791.jpg,0,0,,0,0,0,0,0,0,0,0,0,0
64b571a9a.jpg,1,1,3,3,33851,0,0,33851,0,0,0,1,0
64b61a1b3.jpg,1,1,3,3,4856,0,0,4856,0,0,0,1,0
64c16a1c2.jpg,1,1,3,3,191027,0,0,191027,0,0,0,1,0
64c57880e.jpg,1,1,1,1,1298,1298,0,0,0,1,0,0,0
64c97319b.jpg,1,1,3,3,61124,0,0,61124,0,0,0,1,0
64ca31bd3.jpg,1,1,3,3,164039,0,0,164039,0,0,0,1,0
64dc9ef9a.jpg,1,2,1|3,1,11129,6818,0,4311,0,1,0,1,0
64e49facc.jpg,0,0,,0,0,0,0,0,0,0,0,0,0
64e81deca.jpg,0,0,,0,0,0,0,0,0,0,0,0,0
64e954c1f.jpg,0,0,,0,0,0,0,0,0,0,0,0,0
64f0c5fe1.jpg,0,0,,0,0,0,0,0,0,0,0,0,0
64f5988c1.jpg,0,0,,0,0,0,0,0,0,0,0,0,0
64fbf5822.jpg,0,0,,0,0,0,0,0,0,0,0,0,0
64fc246e7.jpg,1,1,3,3,4864,0,0,4864,0,0,0,1,0
64fd46742.jpg,0,0,,0,0,0,0,0,0,0,0,0,0
64fdc1a7a.jpg,1,1,3,3,13633,0,0,13633,0,0,0,1,0
6500a95e7.jpg,0,0,,0,0,0,0,0,0,0,0,0,0
6505eb32e.jpg,0,0,,0,0,0,0,0,0,0,0,0,0
6506c22cb.jpg,0,0,,0,0,0,0,0,0,0,0,0,0
650ae9b05.jpg,1,1,3,3,2032,0,0,2032,0,0,0,1,0
650fa0a7a.jpg,1,1,3,3,3516,0,0,3516,0,0,0,1,0
651185c18.jpg,0,0,,0,0,0,0,0,0,0,0,0,0
653125e34.jpg,0,0,,0,0,0,0,0,0,0,0,0,0
65353e7e0.jpg,0,0,,0,0,0,0,0,0,0,0,0,0
653655d53.jpg,1,1,1,1,1681,1681,0,0,0,1,0,0,0
653a31140.jpg,1,1,3,3,243639,0,0,243639,0,0,0,1,0
653bcd600.jpg,0,0,,0,0,0,0,0,0,0,0,0,0
653eb7e80.jpg,1,1,3,3,29265,0,0,29265,0,0,0,1,0
6550a2b76.jpg,0,0,,0,0,0,0,0,0,0,0,0,0
6560f3c7e.jpg,0,0,,0,0,0,0,0,0,0,0,0,0
65657b8ed.jpg,1,1,3,3,48515,0,0,48515,0,0,0,1,0
65688fbc2.jpg,1,1,3,3,34144,0,0,34144,0,0,0,1,0
656af14a7.jpg,0,0,,0,0,0,0,0,0,0,0,0,0
657f2e15d.jpg,0,0,,0,0,0,0,0,0,0,0,0,0
65829e956.jpg,0,0,,0,0,0,0,0,0,0,0,0,0
65841b207.jpg,1,1,3,3,4006,0,0,4006,0,0,0,1,0
6588cf973.jpg,1,1,3,3,32092,0,0,32092,0,0,0,1,0
658ad1fc9.jpg,1,1,3,3,20194,0,0,20194,0,0,0,1,0
65903909a.jpg,1,1,3,3,35316,0,0,35316,0,0,0,1,0
6592d059e.jpg,0,0,,0,0,0,0,0,0,0,0,0,0
6594f3191.jpg,0,0,,0,0,0,0,0,0,0,0,0,0
659985985.jpg,1,1,3,3,19456,0,0,19456,0,0,0,1,0
65a93d127.jpg,0,0,,0,0,0,0,0,0,0,0,0,0
65af2dedf.jpg,0,0,,0,0,0,0,0,0,0,0,0,0
65b01c557.jpg,1,1,3,3,33638,0,0,33638,0,0,0,1,0
65b4ca139.jpg,0,0,,0,0,0,0,0,0,0,0,0,0
65b6e175c.jpg,1,1,3,3,21352,0,0,21352,0,0,0,1,0
65b962305.jpg,1,1,4,4,51372,0,0,0,51372,0,0,0,1
65bb052e9.jpg,1,1,3,3,25597,0,0,25597,0,0,0,1,0
65cb0add2.jpg,0,0,,0,0,0,0,0,0,0,0,0,0
65cdc6528.jpg,1,1,3,3,3071,0,0,3071,0,0,0,1,0
65cf822cb.jpg,0,0,,0,0,0,0,0,0,0,0,0,0
65d3d7a0c.jpg,1,1,3,3,13524,0,0,13524,0,0,0,1,0
65d8eae69.jpg,0,0,,0,0,0,0,0,0,0,0,0,0
65dabbb96.jpg,0,0,,0,0,0,0,0,0,0,0,0,0
65ddaa254.jpg,0,0,,0,0,0,0,0,0,0,0,0,0
65e2c4248.jpg,0,0,,0,0,0,0,0,0,0,0,0,0
65eb8d35d.jpg,0,0,,0,0,0,0,0,0,0,0,0,0
65eed1612.jpg,1,1,3,3,5180,0,0,5180,0,0,0,1,0
65f1d83fb.jpg,1,1,3,3,12585,0,0,12585,0,0,0,1,0
65f40b75f.jpg,1,1,1,1,3797,3797,0,0,0,1,0,0,0
65f9c520b.jpg,1,1,3,3,14380,0,0,14380,0,0,0,1,0
6603e9f89.jpg,1,1,4,4,21500,0,0,0,21500,0,0,0,1
66110a5d2.jpg,0,0,,0,0,0,0,0,0,0,0,0,0
661c42b97.jpg,0,0,,0,0,0,0,0,0,0,0,0,0
661f3fe2b.jpg,0,0,,0,0,0,0,0,0,0,0,0,0
661fcb87e.jpg,1,1,3,3,29696,0,0,29696,0,0,0,1,0
662e5a5ee.jpg,0,0,,0,0,0,0,0,0,0,0,0,0
663248e1d.jpg,0,0,,0,0,0,0,0,0,0,0,0,0
6634574cd.jpg,0,0,,0,0,0,0,0,0,0,0,0,0
663abe741.jpg,0,0,,0,0,0,0,0,0,0,0,0,0
66480ece5.jpg,0,0,,0,0,0,0,0,0,0,0,0,0
664c8105a.jpg,1,1,3,3,4992,0,0,4992,0,0,0,1,0
66574a641.jpg,1,1,3,3,4111,0,0,4111,0,0,0,1,0
665a8347a.jpg,0,0,,0,0,0,0,0,0,0,0,0,0
6666f7f16.jpg,1,1,3,3,27673,0,0,27673,0,0,0,1,0
6668e50d0.jpg,1,1,3,3,11807,0,0,11807,0,0,0,1,0
666960b16.jpg,0,0,,0,0,0,0,0,0,0,0,0,0
667f219fa.jpg,0,0,,0,0,0,0,0,0,0,0,0,0
66849c8bd.jpg,1,1,3,3,3376,0,0,3376,0,0,0,1,0
6685aa0f5.jpg,0,0,,0,0,0,0,0,0,0,0,0,0
6686b6b23.jpg,1,1,3,3,13630,0,0,13630,0,0,0,1,0
668acdbde.jpg,0,0,,0,0,0,0,0,0,0,0,0,0
66987e071.jpg,1,1,3,3,264498,0,0,264498,0,0,0,1,0
669dbcc19.jpg,1,1,3,3,9151,0,0,9151,0,0,0,1,0
66a1eb528.jpg,0,0,,0,0,0,0,0,0,0,0,0,0
66a481744.jpg,0,0,,0,0,0,0,0,0,0,0,0,0
66a7b82b6.jpg,1,1,3,3,2232,0,0,2232,0,0,0,1,0
66ac60af4.jpg,1,1,3,3,7680,0,0,7680,0,0,0,1,0
66b5979ce.jpg,0,0,,0,0,0,0,0,0,0,0,0,0
66b5d6b19.jpg,1,1,3,3,3591,0,0,3591,0,0,0,1,0
66c272e62.jpg,1,1,1,1,2296,2296,0,0,0,1,0,0,0
66c2e78b0.jpg,0,0,,0,0,0,0,0,0,0,0,0,0
66c456295.jpg,0,0,,0,0,0,0,0,0,0,0,0,0
66c487b25.jpg,1,2,1|3,3,6622,1991,0,4631,0,1,0,1,0
66c5ec0b4.jpg,0,0,,0,0,0,0,0,0,0,0,0,0
66c7d94b2.jpg,1,1,3,3,4462,0,0,4462,0,0,0,1,0
66d9ba8db.jpg,0,0,,0,0,0,0,0,0,0,0,0,0
66e2fee14.jpg,0,0,,0,0,0,0,0,0,0,0,0,0
66e43edf6.jpg,1,1,1,1,5188,5188,0,0,0,1,0,0,0
66e478529.jpg,0,0,,0,0,0,0,0,0,0,0,0,0
66e6c8a78.jpg,0,0,,0,0,0,0,0,0,0,0,0,0
66e89afaa.jpg,1,1,1,1,1289,1289,0,0,0,1,0,0,0
66ee58a7b.jpg,0,0,,0,0,0,0,0,0,0,0,0,0
66f999f2d.jpg,0,0,,0,0,0,0,0,0,0,0,0,0
66fb37513.jpg,0,0,,0,0,0,0,0,0,0,0,0,0
67014d942.jpg,0,0,,0,0,0,0,0,0,0,0,0,0
6705eb964.jpg,1,1,3,3,4213,0,0,4213,0,0,0,1,0
670b74b68.jpg,1,1,1,1,2578,2578,0,0,0,1,0,0,0
670dc6f72.jpg,1,2,3|4,4,67315,0,0,7857,59458,0,0,1,1
67147fba9.jpg,0,0,,0,0,0,0,0,0,0,0,0,0
6714ba056.jpg,1,1,3,3,80110,0,0,80110,0,0,0,1,0
6724b9623.jpg,0,0,,0,0,0,0,0,0,0,0,0,0
672534146.jpg,0,0,,0,0,0,0,0,0,0,0,0,0
67270238f.jpg,0,0,,0,0,0,0,0,0,0,0,0,0
672a24d19.jpg,1,1,3,3,40790,0,0,40790,0,0,0,1,0
672af20b5.jpg,0,0,,0,0,0,0,0,0,0,0,0,0
672dfd40c.jpg,0,0,,0,0,0,0,0,0,0,0,0,0
673099a5e.jpg,0,0,,0,0,0,0,0,0,0,0,0,0
6745075b9.jpg,1,1,3,3,27396,0,0,27396,0,0,0,1,0
674be7ddd.jpg,1,1,1,1,8747,8747,0,0,0,1,0,0,0
6753759e0.jpg,1,1,3,3,1443,0,0,1443,0,0,0,1,0
67558ad53.jpg,1,1,3,3,52619,0,0,52619,0,0,0,1,0
67579f49a.jpg,1,1,4,4,125410,0,0,0,125410,0,0,0,1
675ee4ba3.jpg,1,1,3,3,39526,0,0,39526,0,0,0,1,0
676de457e.jpg,1,1,4,4,76236,0,0,0,76236,0,0,0,1
67741aee6.jpg,1,1,3,3,19604,0,0,19604,0,0,0,1,0
677828765.jpg,1,1,4,4,31157,0,0,0,31157,0,0,0,1
6778e2f4c.jpg,0,0,,0,0,0,0,0,0,0,0,0,0
67799f68e.jpg,0,0,,0,0,0,0,0,0,0,0,0,0
677be2fe2.jpg,1,1,3,3,28014,0,0,28014,0,0,0,1,0
677ec10b9.jpg,1,1,3,3,7855,0,0,7855,0,0,0,1,0
6791c36e9.jpg,1,1,2,2,9641,0,9641,0,0,0,1,0,0
6796e2c3f.jpg,0,0,,0,0,0,0,0,0,0,0,0,0
67995d23c.jpg,1,1,3,3,45174,0,0,45174,0,0,0,1,0
679af1ef8.jpg,1,1,3,3,20246,0,0,20246,0,0,0,1,0
679f4601f.jpg,1,1,1,1,11760,11760,0,0,0,1,0,0,0
67a047923.jpg,1,1,3,3,27772,0,0,27772,0,0,0,1,0
67a174dc4.jpg,1,1,3,3,9955,0,0,9955,0,0,0,1,0
67a5a06f1.jpg,1,1,3,3,26128,0,0,26128,0,0,0,1,0
67a9dd552.jpg,1,1,2,2,2916,0,2916,0,0,0,1,0,0
67ae369d2.jpg,1,1,3,3,14680,0,0,14680,0,0,0,1,0
67b58c49d.jpg,0,0,,0,0,0,0,0,0,0,0,0,0
67c195368.jpg,1,1,3,3,48702,0,0,48702,0,0,0,1,0
67c9858c9.jpg,1,1,3,3,256,0,0,256,0,0,0,1,0
67d475776.jpg,1,1,3,3,52830,0,0,52830,0,0,0,1,0
67e2d14a6.jpg,1,1,3,3,1570,0,0,1570,0,0,0,1,0
67e32351d.jpg,0,0,,0,0,0,0,0,0,0,0,0,0
67ea2cf0a.jpg,0,0,,0,0,0,0,0,0,0,0,0,0
67f6a8868.jpg,1,1,3,3,8305,0,0,8305,0,0,0,1,0
67fc6eeb8.jpg,0,0,,0,0,0,0,0,0,0,0,0,0
67fce2600.jpg,1,2,3|4,4,34331,0,0,1668,32663,0,0,1,1
67fd150c6.jpg,1,1,3,3,3491,0,0,3491,0,0,0,1,0
67ffa0fc7.jpg,1,1,3,3,10329,0,0,10329,0,0,0,1,0
6812ce51c.jpg,1,1,3,3,14860,0,0,14860,0,0,0,1,0
68142cad1.jpg,1,1,3,3,3042,0,0,3042,0,0,0,1,0
68150e7ff.jpg,1,1,3,3,95080,0,0,95080,0,0,0,1,0
6818b1f86.jpg,0,0,,0,0,0,0,0,0,0,0,0,0
681af7b91.jpg,1,1,3,3,29232,0,0,29232,0,0,0,1,0
681d859d3.jpg,1,1,3,3,27006,0,0,27006,0,0,0,1,0
6821137c5.jpg,0,0,,0,0,0,0,0,0,0,0,0,0
682271cbc.jpg,1,1,3,3,13381,0,0,13381,0,0,0,1,0
6825de090.jpg,1,1,3,3,22341,0,0,22341,0,0,0,1,0
6826c7bde.jpg,1,1,1,1,4079,4079,0,0,0,1,0,0,0
682bdb9ca.jpg,0,0,,0,0,0,0,0,0,0,0,0,0
683ad3cc1.jpg,1,1,1,1,10732,10732,0,0,0,1,0,0,0
6842d4cd3.jpg,0,0,,0,0,0,0,0,0,0,0,0,0
6846b82fa.jpg,1,1,3,3,42871,0,0,42871,0,0,0,1,0
684b34ac4.jpg,0,0,,0,0,0,0,0,0,0,0,0,0
684c99351.jpg,1,1,3,3,11214,0,0,11214,0,0,0,1,0
684f614fb.jpg,0,0,,0,0,0,0,0,0,0,0,0,0
6850e8c5c.jpg,0,0,,0,0,0,0,0,0,0,0,0,0
68511f15f.jpg,1,1,1,1,2196,2196,0,0,0,1,0,0,0
685593407.jpg,1,1,3,3,2204,0,0,2204,0,0,0,1,0
685b767f1.jpg,1,1,4,4,60306,0,0,0,60306,0,0,0,1
6860ae804.jpg,1,1,3,3,17307,0,0,17307,0,0,0,1,0
68656ca18.jpg,1,1,3,3,10371,0,0,10371,0,0,0,1,0
686579cd4.jpg,1,1,3,3,12688,0,0,12688,0,0,0,1,0
68666853c.jpg,0,0,,0,0,0,0,0,0,0,0,0,0
6869514ca.jpg,0,0,,0,0,0,0,0,0,0,0,0,0
686d19124.jpg,0,0,,0,0,0,0,0,0,0,0,0,0
687059efc.jpg,0,0,,0,0,0,0,0,0,0,0,0,0
687118e67.jpg,0,0,,0,0,0,0,0,0,0,0,0,0
687cd2813.jpg,0,0,,0,0,0,0,0,0,0,0,0,0
689491df4.jpg,0,0,,0,0,0,0,0,0,0,0,0,0
689768b30.jpg,1,1,3,3,81187,0,0,81187,0,0,0,1,0
689a96bbe.jpg,0,0,,0,0,0,0,0,0,0,0,0,0
689af3e16.jpg,1,1,3,3,32731,0,0,32731,0,0,0,1,0
689c12926.jpg,0,0,,0,0,0,0,0,0,0,0,0,0
689d35c98.jpg,0,0,,0,0,0,0,0,0,0,0,0,0
68a2a6fa7.jpg,1,1,3,3,29170,0,0,29170,0,0,0,1,0
68a4ef23c.jpg,0,0,,0,0,0,0,0,0,0,0,0,0
68a6a07f3.jpg,1,1,3,3,14420,0,0,14420,0,0,0,1,0
68a931b71.jpg,1,1,3,3,14515,0,0,14515,0,0,0,1,0
68b70cab1.jpg,1,1,3,3,2878,0,0,2878,0,0,0,1,0
68c9524d6.jpg,1,1,1,1,5654,5654,0,0,0,1,0,0,0
68cc04a14.jpg,1,1,2,2,2271,0,2271,0,0,0,1,0,0
68d3c7be2.jpg,1,1,3,3,5504,0,0,5504,0,0,0,1,0
68d96eaa7.jpg,0,0,,0,0,0,0,0,0,0,0,0,0
68da017c7.jpg,0,0,,0,0,0,0,0,0,0,0,0,0
68db9ad2d.jpg,0,0,,0,0,0,0,0,0,0,0,0,0
68e5d4470.jpg,0,0,,0,0,0,0,0,0,0,0,0,0
68e9a1ae8.jpg,0,0,,0,0,0,0,0,0,0,0,0,0
68ebc581e.jpg,1,1,3,3,11960,0,0,11960,0,0,0,1,0
68f01dba9.jpg,0,0,,0,0,0,0,0,0,0,0,0,0
69053f274.jpg,0,0,,0,0,0,0,0,0,0,0,0,0
69071acbc.jpg,1,1,3,3,4700,0,0,4700,0,0,0,1,0
6909e168c.jpg,1,1,1,1,4644,4644,0,0,0,1,0,0,0
690afc09e.jpg,1,1,1,1,1825,1825,0,0,0,1,0,0,0
690f160a5.jpg,0,0,,0,0,0,0,0,0,0,0,0,0
6911bf7b2.jpg,0,0,,0,0,0,0,0,0,0,0,0,0
6915f678b.jpg,1,1,3,3,13699,0,0,13699,0,0,0,1,0
691680efc.jpg,1,1,3,3,4444,0,0,4444,0,0,0,1,0
6916a083e.jpg,1,1,3,3,2961,0,0,2961,0,0,0,1,0
6918f5a24.jpg,0,0,,0,0,0,0,0,0,0,0,0,0
69205724f.jpg,1,1,1,1,639,639,0,0,0,1,0,0,0
69231176e.jpg,1,2,3|4,4,62517,0,0,6949,55568,0,0,1,1
692989ec2.jpg,0,0,,0,0,0,0,0,0,0,0,0,0
692b061c7.jpg,0,0,,0,0,0,0,0,0,0,0,0,0
692c14cc2.jpg,1,1,3,3,3277,0,0,3277,0,0,0,1,0
692c9f467.jpg,0,0,,0,0,0,0,0,0,0,0,0,0
6931cadb0.jpg,0,0,,0,0,0,0,0,0,0,0,0,0
69365fabd.jpg,1,1,3,3,9513,0,0,9513,0,0,0,1,0
6937b02b5.jpg,0,0,,0,0,0,0,0,0,0,0,0,0
693f88388.jpg,1,1,4,4,93957,0,0,0,93957,0,0,0,1
69403726e.jpg,1,1,3,3,44951,0,0,44951,0,0,0,1,0
6943e2d09.jpg,1,1,3,3,18064,0,0,18064,0,0,0,1,0
694899d8e.jpg,0,0,,0,0,0,0,0,0,0,0,0,0
694a51dba.jpg,0,0,,0,0,0,0,0,0,0,0,0,0
6950bbedb.jpg,0,0,,0,0,0,0,0,0,0,0,0,0
6951354ff.jpg,0,0,,0,0,0,0,0,0,0,0,0,0
695a460be.jpg,1,1,3,3,4590,0,0,4590,0,0,0,1,0
695eeab4e.jpg,0,0,,0,0,0,0,0,0,0,0,0,0
6966ed5f1.jpg,1,1,2,2,1932,0,1932,0,0,0,1,0,0
696b1d9d7.jpg,0,0,,0,0,0,0,0,0,0,0,0,0
696b8ab21.jpg,1,1,3,3,539,0,0,539,0,0,0,1,0
697149900.jpg,1,1,3,3,39605,0,0,39605,0,0,0,1,0
697427d70.jpg,1,1,3,3,1568,0,0,1568,0,0,0,1,0
6976314b8.jpg,1,1,3,3,8929,0,0,8929,0,0,0,1,0
6978ec041.jpg,0,0,,0,0,0,0,0,0,0,0,0,0
697ff5265.jpg,0,0,,0,0,0,0,0,0,0,0,0,0
6985a34e0.jpg,1,1,1,1,5050,5050,0,0,0,1,0,0,0
698995345.jpg,1,1,3,3,1365,0,0,1365,0,0,0,1,0
698cfb297.jpg,0,0,,0,0,0,0,0,0,0,0,0,0
698f3d5c2.jpg,0,0,,0,0,0,0,0,0,0,0,0,0
698fdc957.jpg,0,0,,0,0,0,0,0,0,0,0,0,0
6998f83b7.jpg,0,0,,0,0,0,0,0,0,0,0,0,0
69a826bd5.jpg,1,1,4,4,18602,0,0,0,18602,0,0,0,1
69a9effa0.jpg,1,1,4,4,98730,0,0,0,98730,0,0,0,1
69ac3c629.jpg,1,1,4,4,25462,0,0,0,25462,0,0,0,1
69b01f980.jpg,0,0,,0,0,0,0,0,0,0,0,0,0
69c728b51.jpg,1,1,3,3,2901,0,0,2901,0,0,0,1,0
69cd30414.jpg,0,0,,0,0,0,0,0,0,0,0,0,0
69cf6690b.jpg,0,0,,0,0,0,0,0,0,0,0,0,0
69d546af3.jpg,1,1,3,3,10639,0,0,10639,0,0,0,1,0
69d95aeea.jpg,1,1,3,3,3370,0,0,3370,0,0,0,1,0
69df9d97b.jpg,1,1,1,1,10908,10908,0,0,0,1,0,0,0
69e2943d2.jpg,1,1,3,3,14976,0,0,14976,0,0,0,1,0
69e3729fa.jpg,0,0,,0,0,0,0,0,0,0,0,0,0
69e5aff01.jpg,0,0,,0,0,0,0,0,0,0,0,0,0
69e618f88.jpg,1,1,3,3,117054,0,0,117054,0,0,0,1,0
69eb01d92.jpg,0,0,,0,0,0,0,0,0,0,0,0,0
69ed700cd.jpg,0,0,,0,0,0,0,0,0,0,0,0,0
69f290a7f.jpg,1,2,1|3,1,3206,1887,0,1319,0,1,0,1,0
69f4aebe6.jpg,1,1,4,4,15012,0,0,0,15012,0,0,0,1
69f723ceb.jpg,1,1,3,3,14948,0,0,14948,0,0,0,1,0
69f87ba66.jpg,0,0,,0,0,0,0,0,0,0,0,0,0
69fa024d2.jpg,0,0,,0,0,0,0,0,0,0,0,0,0
6a0322a07.jpg,1,1,3,3,9856,0,0,9856,0,0,0,1,0
6a039865f.jpg,0,0,,0,0,0,0,0,0,0,0,0,0
6a06e0328.jpg,1,1,3,3,38209,0,0,38209,0,0,0,1,0
6a09f4e4d.jpg,0,0,,0,0,0,0,0,0,0,0,0,0
6a0a4fcc2.jpg,0,0,,0,0,0,0,0,0,0,0,0,0
6a15b9733.jpg,1,1,4,4,52117,0,0,0,52117,0,0,0,1
6a248797a.jpg,1,1,1,1,2197,2197,0,0,0,1,0,0,0
6a2cc27b6.jpg,0,0,,0,0,0,0,0,0,0,0,0,0
6a318ff73.jpg,0,0,,0,0,0,0,0,0,0,0,0,0
6a3645f29.jpg,0,0,,0,0,0,0,0,0,0,0,0,0
6a4425d33.jpg,0,0,,0,0,0,0,0,0,0,0,0,0
6a46b70e7.jpg,0,0,,0,0,0,0,0,0,0,0,0,0
6a4efceac.jpg,1,1,3,3,6752,0,0,6752,0,0,0,1,0
6a503e352.jpg,0,0,,0,0,0,0,0,0,0,0,0,0
6a567df0b.jpg,1,1,3,3,210135,0,0,210135,0,0,0,1,0
6a5ae043c.jpg,0,0,,0,0,0,0,0,0,0,0,0,0
6a64ceedf.jpg,1,1,4,4,14700,0,0,0,14700,0,0,0,1
6a6c25bd1.jpg,1,1,3,3,5389,0,0,5389,0,0,0,1,0
6a6e08613.jpg,0,0,,0,0,0,0,0,0,0,0,0,0
6a7567d37.jpg,0,0,,0,0,0,0,0,0,0,0,0,0
6a7b866b8.jpg,0,0,,0,0,0,0,0,0,0,0,0,0
6a7d34c5c.jpg,0,0,,0,0,0,0,0,0,0,0,0,0
6a7f81abd.jpg,0,0,,0,0,0,0,0,0,0,0,0,0
6a81d86ab.jpg,0,0,,0,0,0,0,0,0,0,0,0,0
6a87cd08c.jpg,0,0,,0,0,0,0,0,0,0,0,0,0
6a8d360f7.jpg,1,1,3,3,123361,0,0,123361,0,0,0,1,0
6a8fbd4d1.jpg,0,0,,0,0,0,0,0,0,0,0,0,0
6a922ea4a.jpg,0,0,,0,0,0,0,0,0,0,0,0,0
6a99258af.jpg,0,0,,0,0,0,0,0,0,0,0,0,0
6a9ff4b0c.jpg,1,1,2,2,2063,0,2063,0,0,0,1,0,0
6a9ff8fdd.jpg,0,0,,0,0,0,0,0,0,0,0,0,0
6aa1495af.jpg,1,1,3,3,82421,0,0,82421,0,0,0,1,0
6aa69e12c.jpg,0,0,,0,0,0,0,0,0,0,0,0,0
6aadb8486.jpg,1,1,1,1,19997,19997,0,0,0,1,0,0,0
6aaead7bb.jpg,1,1,3,3,4129,0,0,4129,0,0,0,1,0
6aaed4429.jpg,0,0,,0,0,0,0,0,0,0,0,0,0
6ab70e8cb.jpg,1,1,3,3,15345,0,0,15345,0,0,0,1,0
6abf76aad.jpg,1,1,3,3,151319,0,0,151319,0,0,0,1,0
6ac05a8e4.jpg,0,0,,0,0,0,0,0,0,0,0,0,0
6ac1c730f.jpg,1,1,3,3,3473,0,0,3473,0,0,0,1,0
6ac1d05d3.jpg,1,1,3,3,16028,0,0,16028,0,0,0,1,0
6ad48f01b.jpg,1,2,3|4,4,99732,0,0,48387,51345,0,0,1,1
6ad67f690.jpg,1,1,3,3,32264,0,0,32264,0,0,0,1,0
6ad950bb6.jpg,0,0,,0,0,0,0,0,0,0,0,0,0
6add08a01.jpg,0,0,,0,0,0,0,0,0,0,0,0,0
6adf77c70.jpg,1,1,3,3,6404,0,0,6404,0,0,0,1,0
6ae3db7d0.jpg,0,0,,0,0,0,0,0,0,0,0,0,0
6af49356c.jpg,0,0,,0,0,0,0,0,0,0,0,0,0
6afa917f2.jpg,0,0,,0,0,0,0,0,0,0,0,0,0
6afb926ab.jpg,0,0,,0,0,0,0,0,0,0,0,0,0
6afbf77ec.jpg,1,1,3,3,20159,0,0,20159,0,0,0,1,0
6b0039cda.jpg,0,0,,0,0,0,0,0,0,0,0,0,0
6b01c6257.jpg,1,1,1,1,5684,5684,0,0,0,1,0,0,0
6b0b37549.jpg,1,1,4,4,15310,0,0,0,15310,0,0,0,1
6b0d038b9.jpg,0,0,,0,0,0,0,0,0,0,0,0,0
6b173c7cd.jpg,1,1,1,1,1574,1574,0,0,0,1,0,0,0
6b226dec1.jpg,1,1,3,3,121981,0,0,121981,0,0,0,1,0
6b22a1e37.jpg,0,0,,0,0,0,0,0,0,0,0,0,0
6b26c1a9a.jpg,0,0,,0,0,0,0,0,0,0,0,0,0
6b2891fd8.jpg,0,0,,0,0,0,0,0,0,0,0,0,0
6b2a60dba.jpg,0,0,,0,0,0,0,0,0,0,0,0,0
6b2fa8dea.jpg,0,0,,0,0,0,0,0,0,0,0,0,0
6b36665ef.jpg,1,1,3,3,3953,0,0,3953,0,0,0,1,0
6b39ef48e.jpg,1,1,3,3,3840,0,0,3840,0,0,0,1,0
6b3cd0de2.jpg,0,0,,0,0,0,0,0,0,0,0,0,0
6b3cdd9d1.jpg,1,1,4,4,49707,0,0,0,49707,0,0,0,1
6b3d02bce.jpg,1,1,3,3,4684,0,0,4684,0,0,0,1,0
6b4308d55.jpg,1,1,3,3,3922,0,0,3922,0,0,0,1,0
6b463443e.jpg,0,0,,0,0,0,0,0,0,0,0,0,0
6b4d25284.jpg,1,1,3,3,5380,0,0,5380,0,0,0,1,0
6b513db3b.jpg,1,2,3|4,4,18572,0,0,908,17664,0,0,1,1
6b53b62be.jpg,1,1,2,2,1718,0,1718,0,0,0,1,0,0
6b634bbe9.jpg,1,1,1,1,13314,13314,0,0,0,1,0,0,0
6b6497cef.jpg,0,0,,0,0,0,0,0,0,0,0,0,0
6b665ad9f.jpg,0,0,,0,0,0,0,0,0,0,0,0,0
6b6a070d0.jpg,1,1,3,3,12679,0,0,12679,0,0,0,1,0
6b6fce7c2.jpg,0,0,,0,0,0,0,0,0,0,0,0,0
6b7387486.jpg,1,1,3,3,7891,0,0,7891,0,0,0,1,0
6b7b04599.jpg,1,1,3,3,1943,0,0,1943,0,0,0,1,0
6b7e04658.jpg,1,1,3,3,6051,0,0,6051,0,0,0,1,0
6b7ea4c13.jpg,1,1,3,3,24364,0,0,24364,0,0,0,1,0
6b8389e9b.jpg,0,0,,0,0,0,0,0,0,0,0,0,0
6b86a9593.jpg,1,1,2,2,4154,0,4154,0,0,0,1,0,0
6b8b5c4a5.jpg,1,1,2,2,1613,0,1613,0,0,0,1,0,0
6b9106729.jpg,0,0,,0,0,0,0,0,0,0,0,0,0
6b92f5221.jpg,1,1,3,3,1718,0,0,1718,0,0,0,1,0
6b9b11301.jpg,1,1,3,3,1797,0,0,1797,0,0,0,1,0
6b9bed01e.jpg,1,1,3,3,7279,0,0,7279,0,0,0,1,0
6ba4067d5.jpg,0,0,,0,0,0,0,0,0,0,0,0,0
6ba94954a.jpg,1,1,3,3,38101,0,0,38101,0,0,0,1,0
6bb002045.jpg,1,1,3,3,14861,0,0,14861,0,0,0,1,0
6bb12c4ad.jpg,0,0,,0,0,0,0,0,0,0,0,0,0
6bb4797fb.jpg,0,0,,0,0,0,0,0,0,0,0,0,0
6bbc3a488.jpg,1,1,3,3,8021,0,0,8021,0,0,0,1,0
6bc6e2cbc.jpg,0,0,,0,0,0,0,0,0,0,0,0,0
6bc7c35cd.jpg,1,1,3,3,12342,0,0,12342,0,0,0,1,0
6bcfe3b99.jpg,0,0,,0,0,0,0,0,0,0,0,0,0
6bd0ca419.jpg,1,1,3,3,5680,0,0,5680,0,0,0,1,0
6bd87aed9.jpg,1,1,3,3,55343,0,0,55343,0,0,0,1,0
6bdd74d9f.jpg,0,0,,0,0,0,0,0,0,0,0,0,0
6bdf447c5.jpg,1,1,3,3,19488,0,0,19488,0,0,0,1,0
6be920c9d.jpg,1,1,4,4,46305,0,0,0,46305,0,0,0,1
6be9e1667.jpg,0,0,,0,0,0,0,0,0,0,0,0,0
6bec17ffd.jpg,0,0,,0,0,0,0,0,0,0,0,0,0
6becce2bf.jpg,1,1,3,3,21036,0,0,21036,0,0,0,1,0
6bedba903.jpg,1,1,3,3,10669,0,0,10669,0,0,0,1,0
6bef89182.jpg,0,0,,0,0,0,0,0,0,0,0,0,0
6bf2151b8.jpg,1,1,3,3,112542,0,0,112542,0,0,0,1,0
6bf94eea0.jpg,1,2,3|4,3,15867,0,0,12068,3799,0,0,1,1
6bfb9e56a.jpg,0,0,,0,0,0,0,0,0,0,0,0,0
6bfcce918.jpg,0,0,,0,0,0,0,0,0,0,0,0,0
6c011fc34.jpg,1,2,1|3,1,9973,9143,0,830,0,1,0,1,0
6c0433718.jpg,0,0,,0,0,0,0,0,0,0,0,0,0
6c04c1f61.jpg,1,1,3,3,8110,0,0,8110,0,0,0,1,0
6c06b7dc0.jpg,0,0,,0,0,0,0,0,0,0,0,0,0
6c0ae9d2d.jpg,1,1,3,3,3576,0,0,3576,0,0,0,1,0
6c1118c1b.jpg,1,1,3,3,43640,0,0,43640,0,0,0,1,0
6c135420d.jpg,0,0,,0,0,0,0,0,0,0,0,0,0
6c15dadb8.jpg,1,1,3,3,12272,0,0,12272,0,0,0,1,0
6c1765c42.jpg,0,0,,0,0,0,0,0,0,0,0,0,0
6c1bc5d11.jpg,1,1,1,1,4380,4380,0,0,0,1,0,0,0
6c200c5d6.jpg,0,0,,0,0,0,0,0,0,0,0,0,0
6c209695d.jpg,1,1,4,4,12707,0,0,0,12707,0,0,0,1
6c218639f.jpg,0,0,,0,0,0,0,0,0,0,0,0,0
6c2500570.jpg,0,0,,0,0,0,0,0,0,0,0,0,0
6c2585cf5.jpg,0,0,,0,0,0,0,0,0,0,0,0,0
6c2bee41b.jpg,1,1,1,1,1267,1267,0,0,0,1,0,0,0
6c3866964.jpg,0,0,,0,0,0,0,0,0,0,0,0,0
6c3a82b05.jpg,0,0,,0,0,0,0,0,0,0,0,0,0
6c3f3324a.jpg,0,0,,0,0,0,0,0,0,0,0,0,0
6c428eb65.jpg,1,1,3,3,10408,0,0,10408,0,0,0,1,0
6c43d55eb.jpg,1,2,3|4,4,67154,0,0,19150,48004,0,0,1,1
6c47f6194.jpg,0,0,,0,0,0,0,0,0,0,0,0,0
6c4f273ea.jpg,0,0,,0,0,0,0,0,0,0,0,0,0
6c52f92bc.jpg,0,0,,0,0,0,0,0,0,0,0,0,0
6c62c50e3.jpg,1,1,1,1,8238,8238,0,0,0,1,0,0,0
6c688cacc.jpg,0,0,,0,0,0,0,0,0,0,0,0,0
6c6b4fb36.jpg,1,1,3,3,11972,0,0,11972,0,0,0,1,0
6c73bb975.jpg,1,1,3,3,15176,0,0,15176,0,0,0,1,0
6c85ce812.jpg,1,1,3,3,5024,0,0,5024,0,0,0,1,0
6c88c5714.jpg,0,0,,0,0,0,0,0,0,0,0,0,0
6c8b1519e.jpg,1,1,3,3,6016,0,0,6016,0,0,0,1,0
6c936a770.jpg,0,0,,0,0,0,0,0,0,0,0,0,0
6c9d6cc47.jpg,1,1,1,1,501,501,0,0,0,1,0,0,0
6c9efa832.jpg,0,0,,0,0,0,0,0,0,0,0,0,0
6c9f54be2.jpg,1,1,3,3,38278,0,0,38278,0,0,0,1,0
6ca387398.jpg,1,1,3,3,37314,0,0,37314,0,0,0,1,0
6ca581fb2.jpg,0,0,,0,0,0,0,0,0,0,0,0,0
6caa89d4e.jpg,1,1,1,1,1433,1433,0,0,0,1,0,0,0
6cad486d2.jpg,1,1,3,3,22638,0,0,22638,0,0,0,1,0
6cb1e08e1.jpg,1,1,2,2,2457,0,2457,0,0,0,1,0,0
6cba5b38a.jpg,0,0,,0,0,0,0,0,0,0,0,0,0
6cbc3708d.jpg,1,1,3,3,4025,0,0,4025,0,0,0,1,0
6cbf50fc2.jpg,0,0,,0,0,0,0,0,0,0,0,0,0
6ccde604d.jpg,1,1,3,3,7074,0,0,7074,0,0,0,1,0
6ce483b03.jpg,0,0,,0,0,0,0,0,0,0,0,0,0
6ce526a3a.jpg,1,1,3,3,11665,0,0,11665,0,0,0,1,0
6ce9bf7f7.jpg,1,1,3,3,2766,0,0,2766,0,0,0,1,0
6ce9ef450.jpg,1,1,1,1,2216,2216,0,0,0,1,0,0,0
6cf220068.jpg,0,0,,0,0,0,0,0,0,0,0,0,0
6cf26b38c.jpg,1,1,3,3,1566,0,0,1566,0,0,0,1,0
6cf49f691.jpg,0,0,,0,0,0,0,0,0,0,0,0,0
6cf63ff76.jpg,0,0,,0,0,0,0,0,0,0,0,0,0
6d0085704.jpg,0,0,,0,0,0,0,0,0,0,0,0,0
6d08d7ab4.jpg,1,1,3,3,301191,0,0,301191,0,0,0,1,0
6d1467855.jpg,1,1,3,3,5716,0,0,5716,0,0,0,1,0
6d1c45f2c.jpg,0,0,,0,0,0,0,0,0,0,0,0,0
6d266664c.jpg,1,1,3,3,9870,0,0,9870,0,0,0,1,0
6d27699e0.jpg,0,0,,0,0,0,0,0,0,0,0,0,0
6d291e247.jpg,1,1,2,2,14023,0,14023,0,0,0,1,0,0
6d293a48f.jpg,0,0,,0,0,0,0,0,0,0,0,0,0
6d38f43aa.jpg,0,0,,0,0,0,0,0,0,0,0,0,0
6d3986d43.jpg,0,0,,0,0,0,0,0,0,0,0,0,0
6d3d4b369.jpg,0,0,,0,0,0,0,0,0,0,0,0,0
6d3f92952.jpg,1,1,3,3,3463,0,0,3463,0,0,0,1,0
6d4bc1b08.jpg,0,0,,0,0,0,0,0,0,0,0,0,0
6d5103080.jpg,0,0,,0,0,0,0,0,0,0,0,0,0
6d59bf3b5.jpg,0,0,,0,0,0,0,0,0,0,0,0,0
6d5bc38ae.jpg,0,0,,0,0,0,0,0,0,0,0,0,0
6d5d698e0.jpg,1,1,1,1,5624,5624,0,0,0,1,0,0,0
6d5fae19b.jpg,1,1,3,3,30382,0,0,30382,0,0,0,1,0
6d6280d5e.jpg,1,1,3,3,28852,0,0,28852,0,0,0,1,0
6d6469a35.jpg,0,0,,0,0,0,0,0,0,0,0,0,0
6d6537ae4.jpg,1,1,3,3,31745,0,0,31745,0,0,0,1,0
6d65f84f0.jpg,0,0,,0,0,0,0,0,0,0,0,0,0
6d6a1fbe1.jpg,1,1,1,1,1706,1706,0,0,0,1,0,0,0
6d7b400d0.jpg,0,0,,0,0,0,0,0,0,0,0,0,0
6d7bc57d2.jpg,1,1,1,1,756,756,0,0,0,1,0,0,0
6d8835463.jpg,1,2,3|4,4,18017,0,0,7149,10868,0,0,1,1
6d8875b97.jpg,0,0,,0,0,0,0,0,0,0,0,0,0
6d9559d13.jpg,1,1,3,3,3193,0,0,3193,0,0,0,1,0
6d97f7c81.jpg,1,1,1,1,4449,4449,0,0,0,1,0,0,0
6d98714d9.jpg,1,1,3,3,64676,0,0,64676,0,0,0,1,0
6da09ded5.jpg,0,0,,0,0,0,0,0,0,0,0,0,0
6da4236e0.jpg,1,1,3,3,30925,0,0,30925,0,0,0,1,0
6da43d9fc.jpg,1,1,3,3,92912,0,0,92912,0,0,0,1,0
6db2856e8.jpg,0,0,,0,0,0,0,0,0,0,0,0,0
6db85659a.jpg,0,0,,0,0,0,0,0,0,0,0,0,0
6dbd47d4f.jpg,1,1,3,3,3474,0,0,3474,0,0,0,1,0
6dc4f9dbc.jpg,0,0,,0,0,0,0,0,0,0,0,0,0
6dcbc2c43.jpg,0,0,,0,0,0,0,0,0,0,0,0,0
6dccafc26.jpg,1,1,3,3,16646,0,0,16646,0,0,0,1,0
6dd3b812d.jpg,0,0,,0,0,0,0,0,0,0,0,0,0
6de4051c7.jpg,0,0,,0,0,0,0,0,0,0,0,0,0
6de495da5.jpg,1,1,3,3,17216,0,0,17216,0,0,0,1,0
6de9ff56a.jpg,1,1,3,3,10125,0,0,10125,0,0,0,1,0
6defb795f.jpg,1,1,3,3,5412,0,0,5412,0,0,0,1,0
6df12620f.jpg,0,0,,0,0,0,0,0,0,0,0,0,0
6df4d30d8.jpg,0,0,,0,0,0,0,0,0,0,0,0,0
6dfc0dc98.jpg,0,0,,0,0,0,0,0,0,0,0,0,0
6dfd81e89.jpg,1,1,3,3,2895,0,0,2895,0,0,0,1,0
6e0729dc0.jpg,1,1,3,3,7084,0,0,7084,0,0,0,1,0
6e18bef6b.jpg,1,1,3,3,46930,0,0,46930,0,0,0,1,0
6e1a98592.jpg,1,1,3,3,3621,0,0,3621,0,0,0,1,0
6e29dc790.jpg,0,0,,0,0,0,0,0,0,0,0,0,0
6e2a9eb72.jpg,0,0,,0,0,0,0,0,0,0,0,0,0
6e30a9e9f.jpg,1,1,3,3,25725,0,0,25725,0,0,0,1,0
6e30e4696.jpg,1,1,3,3,44599,0,0,44599,0,0,0,1,0
6e34351b6.jpg,1,1,3,3,3041,0,0,3041,0,0,0,1,0
6e3bb2d93.jpg,0,0,,0,0,0,0,0,0,0,0,0,0
6e3f85bb9.jpg,1,1,3,3,38565,0,0,38565,0,0,0,1,0
6e441c3e9.jpg,1,1,3,3,11993,0,0,11993,0,0,0,1,0
6e469f738.jpg,0,0,,0,0,0,0,0,0,0,0,0,0
6e4a1d647.jpg,1,1,1,1,3861,3861,0,0,0,1,0,0,0
6e4a7cca6.jpg,1,1,1,1,5346,5346,0,0,0,1,0,0,0
6e51bd35f.jpg,0,0,,0,0,0,0,0,0,0,0,0,0
6e598cb86.jpg,0,0,,0,0,0,0,0,0,0,0,0,0
6e62ddf4e.jpg,1,1,1,1,6797,6797,0,0,0,1,0,0,0
6e6b79dc4.jpg,1,2,3|4,4,51539,0,0,9558,41981,0,0,1,1
6e6f0e760.jpg,1,1,3,3,889,0,0,889,0,0,0,1,0
6e6f1adb8.jpg,1,1,3,3,13098,0,0,13098,0,0,0,1,0
6e71531ae.jpg,1,1,4,4,43178,0,0,0,43178,0,0,0,1
6e72a5bbc.jpg,0,0,,0,0,0,0,0,0,0,0,0,0
6e785e50c.jpg,1,1,3,3,7911,0,0,7911,0,0,0,1,0
6e7bace88.jpg,1,1,3,3,23215,0,0,23215,0,0,0,1,0
6e8878a30.jpg,1,1,3,3,4414,0,0,4414,0,0,0,1,0
6e8ae20f1.jpg,0,0,,0,0,0,0,0,0,0,0,0,0
6e91d0773.jpg,0,0,,0,0,0,0,0,0,0,0,0,0
6e9657359.jpg,0,0,,0,0,0,0,0,0,0,0,0,0
6e97e9698.jpg,0,0,,0,0,0,0,0,0,0,0,0,0
6e994b366.jpg,1,1,3,3,8325,0,0,8325,0,0,0,1,0
6e9963232.jpg,1,1,3,3,12233,0,0,12233,0,0,0,1,0
6e99aef86.jpg,1,1,3,3,4090,0,0,4090,0,0,0,1,0
6ea15065e.jpg,0,0,,0,0,0,0,0,0,0,0,0,0
6ea9f03a2.jpg,1,1,3,3,23790,0,0,23790,0,0,0,1,0
6eaa0613b.jpg,0,0,,0,0,0,0,0,0,0,0,0,0
6eb148407.jpg,1,1,3,3,1404,0,0,1404,0,0,0,1,0
6eb2c9a9a.jpg,1,1,3,3,1585,0,0,1585,0,0,0,1,0
6eb8690cd.jpg,1,1,1,1,1658,1658,0,0,0,1,0,0,0
6ebb6bef8.jpg,0,0,,0,0,0,0,0,0,0,0,0,0
6ebc3df02.jpg,1,2,3|4,4,11181,0,0,4811,6370,0,0,1,1
6ebebb0d3.jpg,0,0,,0,0,0,0,0,0,0,0,0,0
6ebf30a7b.jpg,0,0,,0,0,0,0,0,0,0,0,0,0
6ec88b7f7.jpg,1,1,4,4,66897,0,0,0,66897,0,0,0,1
6ecfb9df5.jpg,1,1,3,3,199774,0,0,199774,0,0,0,1,0
6ed5cee50.jpg,1,1,3,3,7528,0,0,7528,0,0,0,1,0
6ed69f517.jpg,1,1,3,3,6296,0,0,6296,0,0,0,1,0
6eda6852e.jpg,1,1,3,3,18377,0,0,18377,0,0,0,1,0
6ede55a0d.jpg,0,0,,0,0,0,0,0,0,0,0,0,0
6ee3fd98e.jpg,0,0,,0,0,0,0,0,0,0,0,0,0
6ee81c40c.jpg,1,2,3|4,3,41136,0,0,35818,5318,0,0,1,1
6eeaaa295.jpg,1,1,3,3,249859,0,0,249859,0,0,0,1,0
6ef0c216a.jpg,0,0,,0,0,0,0,0,0,0,0,0,0
6ef641553.jpg,0,0,,0,0,0,0,0,0,0,0,0,0
6ef680dd3.jpg,0,0,,0,0,0,0,0,0,0,0,0,0
6f02a72d3.jpg,0,0,,0,0,0,0,0,0,0,0,0,0
6f0683e45.jpg,1,1,3,3,18914,0,0,18914,0,0,0,1,0
6f0b6b59d.jpg,0,0,,0,0,0,0,0,0,0,0,0,0
6f0cd5095.jpg,1,1,3,3,110382,0,0,110382,0,0,0,1,0
6f19759f3.jpg,0,0,,0,0,0,0,0,0,0,0,0,0
6f2357894.jpg,1,1,3,3,7949,0,0,7949,0,0,0,1,0
6f2370e80.jpg,0,0,,0,0,0,0,0,0,0,0,0,0
6f242c68c.jpg,0,0,,0,0,0,0,0,0,0,0,0,0
6f26ba943.jpg,1,1,3,3,7685,0,0,7685,0,0,0,1,0
6f2c9e945.jpg,1,2,3|4,4,34440,0,0,4371,30069,0,0,1,1
6f405f1e3.jpg,1,1,3,3,20233,0,0,20233,0,0,0,1,0
6f42c704a.jpg,0,0,,0,0,0,0,0,0,0,0,0,0
6f4510634.jpg,1,1,3,3,28091,0,0,28091,0,0,0,1,0
6f45aa88d.jpg,1,1,3,3,25447,0,0,25447,0,0,0,1,0
6f46868d9.jpg,1,1,3,3,7625,0,0,7625,0,0,0,1,0
6f490117c.jpg,1,1,3,3,20093,0,0,20093,0,0,0,1,0
6f5080dd7.jpg,1,1,3,3,9216,0,0,9216,0,0,0,1,0
6f5299561.jpg,1,1,3,3,3563,0,0,3563,0,0,0,1,0
6f5f59020.jpg,0,0,,0,0,0,0,0,0,0,0,0,0
6f5fbfb88.jpg,0,0,,0,0,0,0,0,0,0,0,0,0
6f74d9e70.jpg,1,1,3,3,18560,0,0,18560,0,0,0,1,0
6f7e69e8b.jpg,0,0,,0,0,0,0,0,0,0,0,0,0
6f90ada6e.jpg,0,0,,0,0,0,0,0,0,0,0,0,0
6f96a0814.jpg,1,1,2,2,5632,0,5632,0,0,0,1,0,0
6f998a931.jpg,1,1,3,3,1187,0,0,1187,0,0,0,1,0
6fa4ec1d0.jpg,0,0,,0,0,0,0,0,0,0,0,0,0
6fa9e1d65.jpg,1,2,3|4,4,13637,0,0,2092,11545,0,0,1,1
6faa47450.jpg,0,0,,0,0,0,0,0,0,0,0,0,0
6fabaf589.jpg,1,1,3,3,8656,0,0,8656,0,0,0,1,0
6fadb9728.jpg,0,0,,0,0,0,0,0,0,0,0,0,0
6faf833c5.jpg,1,1,3,3,13642,0,0,13642,0,0,0,1,0
6fb878fef.jpg,1,1,1,1,2180,2180,0,0,0,1,0,0,0
6fc668134.jpg,0,0,,0,0,0,0,0,0,0,0,0,0
6fc6a0964.jpg,1,1,3,3,1969,0,0,1969,0,0,0,1,0
6fcd94e33.jpg,1,1,2,2,1635,0,1635,0,0,0,1,0,0
6fcfab295.jpg,1,1,3,3,6797,0,0,6797,0,0,0,1,0
6fcfca8f2.jpg,0,0,,0,0,0,0,0,0,0,0,0,0
6fd1ed5aa.jpg,1,1,4,4,14456,0,0,0,14456,0,0,0,1
6fd586f60.jpg,0,0,,0,0,0,0,0,0,0,0,0,0
6fd6355e3.jpg,1,1,3,3,4257,0,0,4257,0,0,0,1,0
6fd820bb6.jpg,1,2,3|4,3,82041,0,0,56684,25357,0,0,1,1
6fdd5f4ac.jpg,1,1,3,3,4701,0,0,4701,0,0,0,1,0
6fdf2d1be.jpg,1,2,2|3,2,7838,0,5314,2524,0,0,1,1,0
6fe1343fb.jpg,0,0,,0,0,0,0,0,0,0,0,0,0
6fe28003f.jpg,0,0,,0,0,0,0,0,0,0,0,0,0
6fe50d73a.jpg,1,1,3,3,192700,0,0,192700,0,0,0,1,0
6fe73c77e.jpg,0,0,,0,0,0,0,0,0,0,0,0,0
6febbeb1e.jpg,0,0,,0,0,0,0,0,0,0,0,0,0
6ff11b744.jpg,1,1,1,1,888,888,0,0,0,1,0,0,0
6ff8d1e9c.jpg,1,1,3,3,22569,0,0,22569,0,0,0,1,0
700209a95.jpg,1,1,4,4,53048,0,0,0,53048,0,0,0,1
700de40a7.jpg,1,1,3,3,13337,0,0,13337,0,0,0,1,0
7010802fc.jpg,0,0,,0,0,0,0,0,0,0,0,0,0
7011e630b.jpg,0,0,,0,0,0,0,0,0,0,0,0,0
7018e55f6.jpg,0,0,,0,0,0,0,0,0,0,0,0,0
701bb18db.jpg,0,0,,0,0,0,0,0,0,0,0,0,0
7024daf09.jpg,0,0,,0,0,0,0,0,0,0,0,0,0
7025a90c1.jpg,1,1,3,3,4880,0,0,4880,0,0,0,1,0
70279ce5b.jpg,1,1,3,3,140394,0,0,140394,0,0,0,1,0
702bf6ed3.jpg,1,1,3,3,2834,0,0,2834,0,0,0,1,0
703421ef2.jpg,1,1,3,3,5760,0,0,5760,0,0,0,1,0
70365a449.jpg,0,0,,0,0,0,0,0,0,0,0,0,0
7039151ef.jpg,1,1,3,3,3194,0,0,3194,0,0,0,1,0
703938a46.jpg,0,0,,0,0,0,0,0,0,0,0,0,0
703b2a19c.jpg,0,0,,0,0,0,0,0,0,0,0,0,0
703de742d.jpg,0,0,,0,0,0,0,0,0,0,0,0,0
7045c2a55.jpg,1,1,3,3,14310,0,0,14310,0,0,0,1,0
7045dfb19.jpg,0,0,,0,0,0,0,0,0,0,0,0,0
7046618f6.jpg,1,1,1,1,3495,3495,0,0,0,1,0,0,0
70539793f.jpg,0,0,,0,0,0,0,0,0,0,0,0,0
70639811b.jpg,1,1,3,3,3495,0,0,3495,0,0,0,1,0
7063cb92d.jpg,1,1,3,3,13576,0,0,13576,0,0,0,1,0
70645d70a.jpg,0,0,,0,0,0,0,0,0,0,0,0,0
7068ee9f0.jpg,1,1,3,3,16220,0,0,16220,0,0,0,1,0
706efa6c9.jpg,0,0,,0,0,0,0,0,0,0,0,0,0
70702e468.jpg,0,0,,0,0,0,0,0,0,0,0,0,0
707534bdb.jpg,1,1,3,3,35314,0,0,35314,0,0,0,1,0
7077989cc.jpg,0,0,,0,0,0,0,0,0,0,0,0,0
70807c2c5.jpg,1,1,3,3,36558,0,0,36558,0,0,0,1,0
708756850.jpg,1,1,4,4,10684,0,0,0,10684,0,0,0,1
708b5813f.jpg,1,1,3,3,5733,0,0,5733,0,0,0,1,0
708c66026.jpg,1,1,3,3,8359,0,0,8359,0,0,0,1,0
7095ad89d.jpg,1,1,4,4,55687,0,0,0,55687,0,0,0,1
7095dc41e.jpg,1,1,3,3,34097,0,0,34097,0,0,0,1,0
709ee2497.jpg,1,1,3,3,81800,0,0,81800,0,0,0,1,0
70a1d1d39.jpg,1,1,4,4,5888,0,0,0,5888,0,0,0,1
70a38928c.jpg,1,1,3,3,4025,0,0,4025,0,0,0,1,0
70a3c6b4d.jpg,1,1,3,3,65540,0,0,65540,0,0,0,1,0
70a644cb3.jpg,1,1,3,3,22771,0,0,22771,0,0,0,1,0
70b0fb0cd.jpg,1,1,3,3,3584,0,0,3584,0,0,0,1,0
70b9a5566.jpg,0,0,,0,0,0,0,0,0,0,0,0,0
70be92f18.jpg,1,1,4,4,14671,0,0,0,14671,0,0,0,1
70c0aebb4.jpg,0,0,,0,0,0,0,0,0,0,0,0,0
70c4fe7c3.jpg,0,0,,0,0,0,0,0,0,0,0,0,0
70ca927b0.jpg,0,0,,0,0,0,0,0,0,0,0,0,0
70ce9b55b.jpg,1,1,3,3,7744,0,0,7744,0,0,0,1,0
70da511d4.jpg,0,0,,0,0,0,0,0,0,0,0,0,0
70daa9e3a.jpg,0,0,,0,0,0,0,0,0,0,0,0,0
70db1a34b.jpg,0,0,,0,0,0,0,0,0,0,0,0,0
70dd2c2f8.jpg,1,1,3,3,5888,0,0,5888,0,0,0,1,0
70dee672d.jpg,0,0,,0,0,0,0,0,0,0,0,0,0
70e4c95b6.jpg,1,1,3,3,12119,0,0,12119,0,0,0,1,0
70f08f956.jpg,0,0,,0,0,0,0,0,0,0,0,0,0
70f223e17.jpg,0,0,,0,0,0,0,0,0,0,0,0,0
710867c2f.jpg,0,0,,0,0,0,0,0,0,0,0,0,0
710a38fab.jpg,0,0,,0,0,0,0,0,0,0,0,0,0
710ce771d.jpg,0,0,,0,0,0,0,0,0,0,0,0,0
711069458.jpg,1,1,3,3,68271,0,0,68271,0,0,0,1,0
711754ca4.jpg,0,0,,0,0,0,0,0,0,0,0,0,0
711bea123.jpg,0,0,,0,0,0,0,0,0,0,0,0,0
711d59ca6.jpg,1,1,3,3,8819,0,0,8819,0,0,0,1,0
711dfcaa1.jpg,0,0,,0,0,0,0,0,0,0,0,0,0
711e49f96.jpg,1,1,3,3,7040,0,0,7040,0,0,0,1,0
712f7df78.jpg,1,1,4,4,16934,0,0,0,16934,0,0,0,1
712faf067.jpg,1,1,3,3,39942,0,0,39942,0,0,0,1,0
7138b8b2a.jpg,0,0,,0,0,0,0,0,0,0,0,0,0
713df9d95.jpg,0,0,,0,0,0,0,0,0,0,0,0,0
713e97c97.jpg,1,1,1,1,10048,10048,0,0,0,1,0,0,0
713f8ef91.jpg,1,1,3,3,8806,0,0,8806,0,0,0,1,0
714256911.jpg,1,2,1|3,3,11698,2341,0,9357,0,1,0,1,0
7145a831a.jpg,0,0,,0,0,0,0,0,0,0,0,0,0
7149874c8.jpg,1,1,3,3,4731,0,0,4731,0,0,0,1,0
714a7eec8.jpg,0,0,,0,0,0,0,0,0,0,0,0,0
7150719e7.jpg,1,1,3,3,4014,0,0,4014,0,0,0,1,0
71553a0d8.jpg,1,2,3|4,4,39669,0,0,2738,36931,0,0,1,1
715561f42.jpg,1,1,3,3,40949,0,0,40949,0,0,0,1,0
7155ea2e8.jpg,1,1,3,3,10455,0,0,10455,0,0,0,1,0
7158531d8.jpg,1,1,3,3,41749,0,0,41749,0,0,0,1,0
715a4faf3.jpg,1,1,3,3,17283,0,0,17283,0,0,0,1,0
715d0aed0.jpg,0,0,,0,0,0,0,0,0,0,0,0,0
7168496a4.jpg,1,1,3,3,10414,0,0,10414,0,0,0,1,0
716a00d8e.jpg,0,0,,0,0,0,0,0,0,0,0,0,0
7172dbf47.jpg,0,0,,0,0,0,0,0,0,0,0,0,0
717754baf.jpg,0,0,,0,0,0,0,0,0,0,0,0,0
718c48feb.jpg,0,0,,0,0,0,0,0,0,0,0,0,0
718f28587.jpg,0,0,,0,0,0,0,0,0,0,0,0,0
718f6439c.jpg,1,1,3,3,17868,0,0,17868,0,0,0,1,0
719061f8f.jpg,0,0,,0,0,0,0,0,0,0,0,0,0
719519f07.jpg,1,1,1,1,10759,10759,0,0,0,1,0,0,0
71aec9cb8.jpg,1,1,4,4,7538,0,0,0,7538,0,0,0,1
71b1e90a5.jpg,1,1,4,4,122872,0,0,0,122872,0,0,0,1
71b3a6858.jpg,1,1,2,2,5417,0,5417,0,0,0,1,0,0
71b4288a5.jpg,0,0,,0,0,0,0,0,0,0,0,0,0
71b815a2d.jpg,1,1,3,3,11299,0,0,11299,0,0,0,1,0
71c2116d8.jpg,1,1,3,3,18079,0,0,18079,0,0,0,1,0
71cc16dd7.jpg,0,0,,0,0,0,0,0,0,0,0,0,0
71ce72925.jpg,1,1,3,3,4419,0,0,4419,0,0,0,1,0
71d3b0598.jpg,1,1,3,3,76125,0,0,76125,0,0,0,1,0
71db63586.jpg,0,0,,0,0,0,0,0,0,0,0,0,0
71dd5a232.jpg,1,1,1,1,6269,6269,0,0,0,1,0,0,0
71e2bb12a.jpg,1,1,3,3,5165,0,0,5165,0,0,0,1,0
71e55c4e5.jpg,1,1,3,3,27424,0,0,27424,0,0,0,1,0
71e7c350b.jpg,0,0,,0,0,0,0,0,0,0,0,0,0
71efb042b.jpg,1,1,3,3,9369,0,0,9369,0,0,0,1,0
71f154968.jpg,1,1,3,3,4978,0,0,4978,0,0,0,1,0
71f2ce9ab.jpg,1,1,1,1,2574,2574,0,0,0,1,0,0,0
71f687e7d.jpg,1,1,3,3,13847,0,0,13847,0,0,0,1,0
71fc663a9.jpg,0,0,,0,0,0,0,0,0,0,0,0,0
71fd2d0cc.jpg,1,1,3,3,1974,0,0,1974,0,0,0,1,0
7202e52d8.jpg,1,1,1,1,9647,9647,0,0,0,1,0,0,0
7207d1be6.jpg,0,0,,0,0,0,0,0,0,0,0,0,0
720e3f026.jpg,1,1,3,3,1938,0,0,1938,0,0,0,1,0
7210ffc2d.jpg,1,1,3,3,56381,0,0,56381,0,0,0,1,0
7220aba6c.jpg,1,1,3,3,5038,0,0,5038,0,0,0,1,0
722df0394.jpg,1,1,3,3,5832,0,0,5832,0,0,0,1,0
72322fc23.jpg,0,0,,0,0,0,0,0,0,0,0,0,0
7232c2ceb.jpg,1,1,3,3,12070,0,0,12070,0,0,0,1,0
7235f9760.jpg,0,0,,0,0,0,0,0,0,0,0,0,0
7239fbdc1.jpg,0,0,,0,0,0,0,0,0,0,0,0,0
7242fe32c.jpg,1,2,3|4,3,27807,0,0,18690,9117,0,0,1,1
7249ae1f4.jpg,1,1,3,3,29891,0,0,29891,0,0,0,1,0
724dd91a0.jpg,1,1,2,2,2991,0,2991,0,0,0,1,0,0
725d2e3da.jpg,0,0,,0,0,0,0,0,0,0,0,0,0
72613a1e3.jpg,1,1,3,3,3768,0,0,3768,0,0,0,1,0
726271bfe.jpg,1,1,3,3,38163,0,0,38163,0,0,0,1,0
72682f66a.jpg,0,0,,0,0,0,0,0,0,0,0,0,0
726971100.jpg,0,0,,0,0,0,0,0,0,0,0,0,0
726cff75f.jpg,1,1,3,3,9755,0,0,9755,0,0,0,1,0
72754d67c.jpg,0,0,,0,0,0,0,0,0,0,0,0,0
7280c5e8d.jpg,0,0,,0,0,0,0,0,0,0,0,0,0
7287853aa.jpg,0,0,,0,0,0,0,0,0,0,0,0,0
729674b1c.jpg,0,0,,0,0,0,0,0,0,0,0,0,0
729ff5766.jpg,0,0,,0,0,0,0,0,0,0,0,0,0
72a7ff0db.jpg,1,2,3|4,4,44163,0,0,9872,34291,0,0,1,1
72aaba8ad.jpg,1,1,4,4,24515,0,0,0,24515,0,0,0,1
72b465391.jpg,1,1,1,1,2313,2313,0,0,0,1,0,0,0
72bb7c7bc.jpg,1,1,2,2,5504,0,5504,0,0,0,1,0,0
72bd7d348.jpg,1,1,3,3,3210,0,0,3210,0,0,0,1,0
72bebf035.jpg,1,1,1,1,2620,2620,0,0,0,1,0,0,0
72c75d701.jpg,1,1,3,3,94875,0,0,94875,0,0,0,1,0
72cbdf3c1.jpg,1,1,3,3,5851,0,0,5851,0,0,0,1,0
72d5da20f.jpg,1,1,3,3,10275,0,0,10275,0,0,0,1,0
72df2d40d.jpg,1,1,3,3,11674,0,0,11674,0,0,0,1,0
72e11f93d.jpg,0,0,,0,0,0,0,0,0,0,0,0,0
72e49c314.jpg,1,1,3,3,7049,0,0,7049,0,0,0,1,0
72ec73360.jpg,0,0,,0,0,0,0,0,0,0,0,0,0
72f1188a6.jpg,0,0,,0,0,0,0,0,0,0,0,0,0
7303ad5de.jpg,0,0,,0,0,0,0,0,0,0,0,0,0
73059a959.jpg,1,1,3,3,415,0,0,415,0,0,0,1,0
7311b8f91.jpg,0,0,,0,0,0,0,0,0,0,0,0,0
7311d533d.jpg,0,0,,0,0,0,0,0,0,0,0,0,0
73122f910.jpg,1,1,3,3,4506,0,0,4506,0,0,0,1,0
7329b8668.jpg,1,1,3,3,18683,0,0,18683,0,0,0,1,0
732bd67ee.jpg,1,1,1,1,1336,1336,0,0,0,1,0,0,0
732d33c3a.jpg,0,0,,0,0,0,0,0,0,0,0,0,0
73303e8a0.jpg,1,1,3,3,11548,0,0,11548,0,0,0,1,0
733116847.jpg,0,0,,0,0,0,0,0,0,0,0,0,0
733e36f26.jpg,1,1,3,3,4360,0,0,4360,0,0,0,1,0
73458deb4.jpg,0,0,,0,0,0,0,0,0,0,0,0,0
73472d296.jpg,1,1,3,3,108764,0,0,108764,0,0,0,1,0
735a876fb.jpg,0,0,,0,0,0,0,0,0,0,0,0,0
735d9afc3.jpg,1,1,3,3,13916,0,0,13916,0,0,0,1,0
735da216d.jpg,0,0,,0,0,0,0,0,0,0,0,0,0
7365300fe.jpg,1,1,3,3,11992,0,0,11992,0,0,0,1,0
736c09835.jpg,1,1,1,1,15666,15666,0,0,0,1,0,0,0
737777e98.jpg,0,0,,0,0,0,0,0,0,0,0,0,0
7378f1d94.jpg,1,1,3,3,3909,0,0,3909,0,0,0,1,0
737ae5c95.jpg,1,1,4,4,91568,0,0,0,91568,0,0,0,1
737e2554e.jpg,0,0,,0,0,0,0,0,0,0,0,0,0
738850f07.jpg,1,1,3,3,4224,0,0,4224,0,0,0,1,0
73896c8ad.jpg,0,0,,0,0,0,0,0,0,0,0,0,0
738990878.jpg,0,0,,0,0,0,0,0,0,0,0,0,0
739033fb5.jpg,0,0,,0,0,0,0,0,0,0,0,0,0
7393b145f.jpg,1,1,3,3,34079,0,0,34079,0,0,0,1,0
739a0aa20.jpg,1,1,2,2,3996,0,3996,0,0,0,1,0,0
739cf8127.jpg,0,0,,0,0,0,0,0,0,0,0,0,0
739f32100.jpg,1,1,3,3,4919,0,0,4919,0,0,0,1,0
739ff7b44.jpg,0,0,,0,0,0,0,0,0,0,0,0,0
73a4c6d1f.jpg,1,1,1,1,1174,1174,0,0,0,1,0,0,0
73aa2aa79.jpg,0,0,,0,0,0,0,0,0,0,0,0,0
73afc8798.jpg,1,1,1,1,2953,2953,0,0,0,1,0,0,0
73b155108.jpg,0,0,,0,0,0,0,0,0,0,0,0,0
73ba9c92b.jpg,0,0,,0,0,0,0,0,0,0,0,0,0
73bbc91f1.jpg,0,0,,0,0,0,0,0,0,0,0,0,0
73bf92d94.jpg,1,1,3,3,58185,0,0,58185,0,0,0,1,0
73c295786.jpg,1,1,3,3,3337,0,0,3337,0,0,0,1,0
73cdb1d89.jpg,1,1,3,3,4555,0,0,4555,0,0,0,1,0
73d04325d.jpg,1,1,3,3,36483,0,0,36483,0,0,0,1,0
73d381ad2.jpg,1,1,1,1,1762,1762,0,0,0,1,0,0,0
73d4306c8.jpg,1,1,3,3,3917,0,0,3917,0,0,0,1,0
73d4dae19.jpg,1,2,3|4,4,14867,0,0,3439,11428,0,0,1,1
73d744a0d.jpg,0,0,,0,0,0,0,0,0,0,0,0,0
73d8f9fa7.jpg,1,1,3,3,40146,0,0,40146,0,0,0,1,0
73dd215d7.jpg,0,0,,0,0,0,0,0,0,0,0,0,0
73e1969d4.jpg,1,1,4,4,98785,0,0,0,98785,0,0,0,1
73e50bb81.jpg,0,0,,0,0,0,0,0,0,0,0,0,0
73ebd716c.jpg,1,1,3,3,2246,0,0,2246,0,0,0,1,0
73ebf6bfd.jpg,0,0,,0,0,0,0,0,0,0,0,0,0
73f4fb776.jpg,1,1,3,3,3015,0,0,3015,0,0,0,1,0
74016c897.jpg,0,0,,0,0,0,0,0,0,0,0,0,0
7404322b0.jpg,1,1,3,3,13423,0,0,13423,0,0,0,1,0
74048991c.jpg,1,1,3,3,38573,0,0,38573,0,0,0,1,0
740dac02b.jpg,1,1,3,3,4827,0,0,4827,0,0,0,1,0
7410d4361.jpg,1,1,3,3,5207,0,0,5207,0,0,0,1,0
741265573.jpg,1,1,1,1,2098,2098,0,0,0,1,0,0,0
74131d9ff.jpg,1,1,3,3,69802,0,0,69802,0,0,0,1,0
741a5c461.jpg,1,1,3,3,4824,0,0,4824,0,0,0,1,0
7420f27c9.jpg,1,1,3,3,9489,0,0,9489,0,0,0,1,0
74211b046.jpg,0,0,,0,0,0,0,0,0,0,0,0,0
7424ab9af.jpg,1,1,3,3,39190,0,0,39190,0,0,0,1,0
742b24ac9.jpg,0,0,,0,0,0,0,0,0,0,0,0,0
743282e10.jpg,0,0,,0,0,0,0,0,0,0,0,0,0
7435bcc25.jpg,1,1,3,3,41306,0,0,41306,0,0,0,1,0
743f86720.jpg,0,0,,0,0,0,0,0,0,0,0,0,0
74443f387.jpg,1,1,3,3,11375,0,0,11375,0,0,0,1,0
74472e481.jpg,1,1,3,3,10231,0,0,10231,0,0,0,1,0
744c6de01.jpg,1,1,3,3,26064,0,0,26064,0,0,0,1,0
744c77e7d.jpg,1,1,3,3,17319,0,0,17319,0,0,0,1,0
744e852d6.jpg,1,1,4,4,12299,0,0,0,12299,0,0,0,1
744f5f73b.jpg,0,0,,0,0,0,0,0,0,0,0,0,0
74517a046.jpg,0,0,,0,0,0,0,0,0,0,0,0,0
7454d922e.jpg,1,2,3|4,3,5987,0,0,4019,1968,0,0,1,1
7458770b7.jpg,0,0,,0,0,0,0,0,0,0,0,0,0
745f1a8cb.jpg,0,0,,0,0,0,0,0,0,0,0,0,0
746417f50.jpg,1,1,3,3,16587,0,0,16587,0,0,0,1,0
7464a0d95.jpg,0,0,,0,0,0,0,0,0,0,0,0,0
7464f522b.jpg,0,0,,0,0,0,0,0,0,0,0,0,0
74661f8d7.jpg,1,1,3,3,22808,0,0,22808,0,0,0,1,0
746863c8f.jpg,1,1,3,3,12247,0,0,12247,0,0,0,1,0
746b3a357.jpg,0,0,,0,0,0,0,0,0,0,0,0,0
7471614be.jpg,0,0,,0,0,0,0,0,0,0,0,0,0
747a360b4.jpg,0,0,,0,0,0,0,0,0,0,0,0,0
747fa96b0.jpg,0,0,,0,0,0,0,0,0,0,0,0,0
748167e1a.jpg,0,0,,0,0,0,0,0,0,0,0,0,0
7486d3e78.jpg,1,1,1,1,2905,2905,0,0,0,1,0,0,0
748dffce7.jpg,1,1,3,3,5304,0,0,5304,0,0,0,1,0
749182da2.jpg,0,0,,0,0,0,0,0,0,0,0,0,0
749407e33.jpg,1,1,3,3,8024,0,0,8024,0,0,0,1,0
7497d8113.jpg,0,0,,0,0,0,0,0,0,0,0,0,0
74a2fb18c.jpg,0,0,,0,0,0,0,0,0,0,0,0,0
74abdf1ef.jpg,1,1,3,3,10553,0,0,10553,0,0,0,1,0
74ac88f43.jpg,1,1,3,3,6577,0,0,6577,0,0,0,1,0
74ae351dd.jpg,1,1,3,3,5271,0,0,5271,0,0,0,1,0
74aedfa3c.jpg,1,1,2,2,4448,0,4448,0,0,0,1,0,0
74b25b3a2.jpg,1,1,3,3,10488,0,0,10488,0,0,0,1,0
74b9e429d.jpg,0,0,,0,0,0,0,0,0,0,0,0,0
74bb2c5ff.jpg,1,1,1,1,5661,5661,0,0,0,1,0,0,0
74bbe241c.jpg,0,0,,0,0,0,0,0,0,0,0,0,0
74bd73f6d.jpg,1,2,3|4,3,82584,0,0,57595,24989,0,0,1,1
74c8a2d5a.jpg,0,0,,0,0,0,0,0,0,0,0,0,0
74cd21b41.jpg,1,1,1,1,1613,1613,0,0,0,1,0,0,0
74d1cd5e3.jpg,1,1,2,2,7552,0,7552,0,0,0,1,0,0
74dff85d2.jpg,0,0,,0,0,0,0,0,0,0,0,0,0
74e586515.jpg,0,0,,0,0,0,0,0,0,0,0,0,0
74e593376.jpg,1,1,3,3,13763,0,0,13763,0,0,0,1,0
74ec8e2a1.jpg,0,0,,0,0,0,0,0,0,0,0,0,0
74f33b596.jpg,0,0,,0,0,0,0,0,0,0,0,0,0
74f3e3145.jpg,0,0,,0,0,0,0,0,0,0,0,0,0
74fd247fc.jpg,1,1,4,4,3153,0,0,0,3153,0,0,0,1
750235a63.jpg,0,0,,0,0,0,0,0,0,0,0,0,0
75070e973.jpg,1,1,4,4,29384,0,0,0,29384,0,0,0,1
7507ea0cb.jpg,0,0,,0,0,0,0,0,0,0,0,0,0
75173c73a.jpg,0,0,,0,0,0,0,0,0,0,0,0,0
751db247d.jpg,1,1,2,2,2075,0,2075,0,0,0,1,0,0
7527e260f.jpg,0,0,,0,0,0,0,0,0,0,0,0,0
75361926d.jpg,1,1,4,4,1962,0,0,0,1962,0,0,0,1
75393d265.jpg,0,0,,0,0,0,0,0,0,0,0,0,0
7549c90b1.jpg,1,1,3,3,10095,0,0,10095,0,0,0,1,0
754c97c4e.jpg,1,1,3,3,21606,0,0,21606,0,0,0,1,0
7550adc12.jpg,0,0,,0,0,0,0,0,0,0,0,0,0
756390c3a.jpg,1,1,3,3,2943,0,0,2943,0,0,0,1,0
756aa78a1.jpg,0,0,,0,0,0,0,0,0,0,0,0,0
756e03bd3.jpg,1,1,1,1,5404,5404,0,0,0,1,0,0,0
75731cda9.jpg,0,0,,0,0,0,0,0,0,0,0,0,0
757577d91.jpg,1,1,1,1,6744,6744,0,0,0,1,0,0,0
7576e7f81.jpg,0,0,,0,0,0,0,0,0,0,0,0,0
75778a6a1.jpg,1,1,3,3,13502,0,0,13502,0,0,0,1,0
75785b3eb.jpg,1,1,3,3,40832,0,0,40832,0,0,0,1,0
7579146ed.jpg,1,1,2,2,1518,0,1518,0,0,0,1,0,0
757aa3828.jpg,1,1,3,3,2969,0,0,2969,0,0,0,1,0
757ccc27b.jpg,0,0,,0,0,0,0,0,0,0,0,0,0
7581cba15.jpg,1,1,4,4,11749,0,0,0,11749,0,0,0,1
75878cb48.jpg,1,1,3,3,9812,0,0,9812,0,0,0,1,0
758e655a8.jpg,1,1,3,3,8182,0,0,8182,0,0,0,1,0
759075283.jpg,1,1,3,3,86071,0,0,86071,0,0,0,1,0
75970889c.jpg,1,1,3,3,35335,0,0,35335,0,0,0,1,0
759b68ebd.jpg,1,1,3,3,5120,0,0,5120,0,0,0,1,0
759bf5b4b.jpg,0,0,,0,0,0,0,0,0,0,0,0,0
75a2d7690.jpg,1,1,3,3,21353,0,0,21353,0,0,0,1,0
75ab0593e.jpg,1,1,3,3,7628,0,0,7628,0,0,0,1,0
75b2a7dfa.jpg,0,0,,0,0,0,0,0,0,0,0,0,0
75b8311da.jpg,0,0,,0,0,0,0,0,0,0,0,0,0
75c290dc0.jpg,0,0,,0,0,0,0,0,0,0,0,0,0
75c421bbd.jpg,0,0,,0,0,0,0,0,0,0,0,0,0
75c6af69c.jpg,1,1,3,3,11731,0,0,11731,0,0,0,1,0
75c92cceb.jpg,0,0,,0,0,0,0,0,0,0,0,0,0
75cef038b.jpg,0,0,,0,0,0,0,0,0,0,0,0,0
75e1310cc.jpg,1,1,3,3,73280,0,0,73280,0,0,0,1,0
75e1f59ab.jpg,0,0,,0,0,0,0,0,0,0,0,0,0
75e205261.jpg,0,0,,0,0,0,0,0,0,0,0,0,0
75e84fb14.jpg,1,1,3,3,6197,0,0,6197,0,0,0,1,0
75ea4c672.jpg,1,1,3,3,152619,0,0,152619,0,0,0,1,0
75f910862.jpg,0,0,,0,0,0,0,0,0,0,0,0,0
75f92b24f.jpg,1,1,3,3,3121,0,0,3121,0,0,0,1,0
75fe9024a.jpg,1,1,3,3,74482,0,0,74482,0,0,0,1,0
7604be5f3.jpg,1,1,3,3,4974,0,0,4974,0,0,0,1,0
76094e200.jpg,1,1,3,3,4105,0,0,4105,0,0,0,1,0
76096b17b.jpg,1,1,1,1,4199,4199,0,0,0,1,0,0,0
760bc3180.jpg,1,1,3,3,7645,0,0,7645,0,0,0,1,0
7610946c0.jpg,0,0,,0,0,0,0,0,0,0,0,0,0
7611175e3.jpg,0,0,,0,0,0,0,0,0,0,0,0,0
7612f0d6c.jpg,1,1,3,3,2415,0,0,2415,0,0,0,1,0
76165cccc.jpg,1,1,3,3,21209,0,0,21209,0,0,0,1,0
761bdd88d.jpg,0,0,,0,0,0,0,0,0,0,0,0,0
7620c36fb.jpg,1,1,3,3,17519,0,0,17519,0,0,0,1,0
7626234a2.jpg,1,1,3,3,14631,0,0,14631,0,0,0,1,0
762c16cc9.jpg,1,1,3,3,20736,0,0,20736,0,0,0,1,0
763402396.jpg,1,1,3,3,83374,0,0,83374,0,0,0,1,0
76355b7ed.jpg,0,0,,0,0,0,0,0,0,0,0,0,0
7637fe781.jpg,0,0,,0,0,0,0,0,0,0,0,0,0
763871334.jpg,1,1,3,3,12032,0,0,12032,0,0,0,1,0
7638de35f.jpg,1,1,3,3,5760,0,0,5760,0,0,0,1,0
764275950.jpg,1,1,4,4,10003,0,0,0,10003,0,0,0,1
7645a9fdf.jpg,0,0,,0,0,0,0,0,0,0,0,0,0
764b4998b.jpg,0,0,,0,0,0,0,0,0,0,0,0,0
764fa24b0.jpg,1,2,3|4,4,30706,0,0,7307,23399,0,0,1,1
76504fdc1.jpg,0,0,,0,0,0,0,0,0,0,0,0,0
76532309b.jpg,1,1,1,1,2598,2598,0,0,0,1,0,0,0
765876b94.jpg,1,1,3,3,31711,0,0,31711,0,0,0,1,0
76601163a.jpg,0,0,,0,0,0,0,0,0,0,0,0,0
76606ed44.jpg,0,0,,0,0,0,0,0,0,0,0,0,0
766303a03.jpg,0,0,,0,0,0,0,0,0,0,0,0,0
766438a3b.jpg,1,1,3,3,46696,0,0,46696,0,0,0,1,0
7668b7312.jpg,1,1,3,3,101506,0,0,101506,0,0,0,1,0
766c8d67c.jpg,0,0,,0,0,0,0,0,0,0,0,0,0
7675aa321.jpg,0,0,,0,0,0,0,0,0,0,0,0,0
767755f3e.jpg,0,0,,0,0,0,0,0,0,0,0,0,0
767b96d1a.jpg,1,1,3,3,21446,0,0,21446,0,0,0,1,0
7689b3227.jpg,0,0,,0,0,0,0,0,0,0,0,0,0
768eff9be.jpg,1,1,1,1,556,556,0,0,0,1,0,0,0
7690902ee.jpg,1,1,3,3,2888,0,0,2888,0,0,0,1,0
769307dd5.jpg,0,0,,0,0,0,0,0,0,0,0,0,0
769fe56c3.jpg,1,1,3,3,4643,0,0,4643,0,0,0,1,0
76a3506de.jpg,0,0,,0,0,0,0,0,0,0,0,0,0
76a390db7.jpg,1,1,3,3,2968,0,0,2968,0,0,0,1,0
76a698e45.jpg,0,0,,0,0,0,0,0,0,0,0,0,0
76a7e1815.jpg,1,1,3,3,24750,0,0,24750,0,0,0,1,0
76aba363e.jpg,1,1,3,3,40215,0,0,40215,0,0,0,1,0
76adc6361.jpg,1,1,1,1,4751,4751,0,0,0,1,0,0,0
76b0945b4.jpg,0,0,,0,0,0,0,0,0,0,0,0,0
76b119e36.jpg,1,1,3,3,10054,0,0,10054,0,0,0,1,0
76bbd78b2.jpg,1,1,1,1,3032,3032,0,0,0,1,0,0,0
76c02a2aa.jpg,0,0,,0,0,0,0,0,0,0,0,0,0
76c08f031.jpg,0,0,,0,0,0,0,0,0,0,0,0,0
76c165a4f.jpg,1,1,4,4,31575,0,0,0,31575,0,0,0,1
76c20b5af.jpg,1,1,3,3,18943,0,0,18943,0,0,0,1,0
76ccb6d58.jpg,0,0,,0,0,0,0,0,0,0,0,0,0
76d19dd8b.jpg,0,0,,0,0,0,0,0,0,0,0,0,0
76d347bb7.jpg,0,0,,0,0,0,0,0,0,0,0,0,0
76f6fd3df.jpg,0,0,,0,0,0,0,0,0,0,0,0,0
76ff61cb4.jpg,1,1,3,3,73493,0,0,73493,0,0,0,1,0
770431e9a.jpg,0,0,,0,0,0,0,0,0,0,0,0,0
77051d4a4.jpg,0,0,,0,0,0,0,0,0,0,0,0,0
77064b126.jpg,1,1,3,3,59504,0,0,59504,0,0,0,1,0
77128fb28.jpg,0,0,,0,0,0,0,0,0,0,0,0,0
771ca6885.jpg,0,0,,0,0,0,0,0,0,0,0,0,0
772f0460a.jpg,1,1,3,3,18870,0,0,18870,0,0,0,1,0
773262af1.jpg,0,0,,0,0,0,0,0,0,0,0,0,0
77343ffda.jpg,1,1,3,3,160085,0,0,160085,0,0,0,1,0
7734ac61d.jpg,0,0,,0,0,0,0,0,0,0,0,0,0
773948ca6.jpg,1,1,3,3,3502,0,0,3502,0,0,0,1,0
773d61c10.jpg,0,0,,0,0,0,0,0,0,0,0,0,0
774011016.jpg,0,0,,0,0,0,0,0,0,0,0,0,0
7740cc61d.jpg,1,1,4,4,43211,0,0,0,43211,0,0,0,1
7741fa73b.jpg,0,0,,0,0,0,0,0,0,0,0,0,0
774400958.jpg,1,1,3,3,63104,0,0,63104,0,0,0,1,0
7749df027.jpg,1,1,1,1,15492,15492,0,0,0,1,0,0,0
774a5df0a.jpg,0,0,,0,0,0,0,0,0,0,0,0,0
774f60117.jpg,0,0,,0,0,0,0,0,0,0,0,0,0
775115c67.jpg,0,0,,0,0,0,0,0,0,0,0,0,0
775bddbe7.jpg,0,0,,0,0,0,0,0,0,0,0,0,0
775c92649.jpg,0,0,,0,0,0,0,0,0,0,0,0,0
775f39550.jpg,0,0,,0,0,0,0,0,0,0,0,0,0
77670e4c6.jpg,0,0,,0,0,0,0,0,0,0,0,0,0
776b6ae61.jpg,0,0,,0,0,0,0,0,0,0,0,0,0
776ed4605.jpg,1,1,2,2,1865,0,1865,0,0,0,1,0,0
7773445b7.jpg,1,1,3,3,69395,0,0,69395,0,0,0,1,0
777d02fde.jpg,0,0,,0,0,0,0,0,0,0,0,0,0
7789ddb5b.jpg,0,0,,0,0,0,0,0,0,0,0,0,0
778bde2b8.jpg,1,1,3,3,234219,0,0,234219,0,0,0,1,0
778e817a9.jpg,1,1,3,3,2449,0,0,2449,0,0,0,1,0
778f81d4a.jpg,0,0,,0,0,0,0,0,0,0,0,0,0
77a034db9.jpg,0,0,,0,0,0,0,0,0,0,0,0,0
77a4fe06f.jpg,1,1,3,3,27520,0,0,27520,0,0,0,1,0
77a545147.jpg,1,1,3,3,923,0,0,923,0,0,0,1,0
77ae4bcd6.jpg,0,0,,0,0,0,0,0,0,0,0,0,0
77b7a2d62.jpg,0,0,,0,0,0,0,0,0,0,0,0,0
77c387f3b.jpg,1,1,3,3,9152,0,0,9152,0,0,0,1,0
77c7c7966.jpg,1,1,3,3,76519,0,0,76519,0,0,0,1,0
77cde08c0.jpg,0,0,,0,0,0,0,0,0,0,0,0,0
77d12abf0.jpg,0,0,,0,0,0,0,0,0,0,0,0,0
77dc1cea6.jpg,1,1,3,3,3940,0,0,3940,0,0,0,1,0
77dcba76f.jpg,0,0,,0,0,0,0,0,0,0,0,0,0
77df0ea49.jpg,1,1,3,3,15854,0,0,15854,0,0,0,1,0
77e1644b2.jpg,1,1,3,3,73207,0,0,73207,0,0,0,1,0
77e5c398e.jpg,1,2,3|4,3,128067,0,0,80323,47744,0,0,1,1
77e68176f.jpg,1,1,1,1,1209,1209,0,0,0,1,0,0,0
77ed43ae9.jpg,1,1,3,3,116587,0,0,116587,0,0,0,1,0
77f3dccab.jpg,0,0,,0,0,0,0,0,0,0,0,0,0
77f89ceee.jpg,1,1,3,3,5771,0,0,5771,0,0,0,1,0
77fa6c315.jpg,0,0,,0,0,0,0,0,0,0,0,0,0
78045cb2f.jpg,1,1,3,3,35928,0,0,35928,0,0,0,1,0
7806aa75f.jpg,1,1,3,3,24139,0,0,24139,0,0,0,1,0
78119c465.jpg,0,0,,0,0,0,0,0,0,0,0,0,0
781542bfc.jpg,1,1,1,1,1064,1064,0,0,0,1,0,0,0
781cc0d15.jpg,0,0,,0,0,0,0,0,0,0,0,0,0
7827a1157.jpg,1,1,3,3,8026,0,0,8026,0,0,0,1,0
782cfb1c5.jpg,1,1,3,3,6578,0,0,6578,0,0,0,1,0
78416c3d0.jpg,1,1,3,3,899,0,0,899,0,0,0,1,0
784310e8c.jpg,0,0,,0,0,0,0,0,0,0,0,0,0
7843767e9.jpg,1,1,3,3,20590,0,0,20590,0,0,0,1,0
7847cda9c.jpg,0,0,,0,0,0,0,0,0,0,0,0,0
784b81af8.jpg,1,1,3,3,37346,0,0,37346,0,0,0,1,0
78556368f.jpg,1,1,3,3,3175,0,0,3175,0,0,0,1,0
785c2aeb5.jpg,1,1,3,3,16515,0,0,16515,0,0,0,1,0
7868009d5.jpg,0,0,,0,0,0,0,0,0,0,0,0,0
786980ab9.jpg,1,1,3,3,12608,0,0,12608,0,0,0,1,0
786faedc1.jpg,1,1,3,3,15971,0,0,15971,0,0,0,1,0
787270b82.jpg,0,0,,0,0,0,0,0,0,0,0,0,0
787aa40d8.jpg,0,0,,0,0,0,0,0,0,0,0,0,0
7880bcef5.jpg,1,1,3,3,5307,0,0,5307,0,0,0,1,0
78832879c.jpg,1,1,3,3,6390,0,0,6390,0,0,0,1,0
788a675e7.jpg,1,1,3,3,12148,0,0,12148,0,0,0,1,0
788d11d35.jpg,0,0,,0,0,0,0,0,0,0,0,0,0
7895bdd52.jpg,0,0,,0,0,0,0,0,0,0,0,0,0
789847732.jpg,0,0,,0,0,0,0,0,0,0,0,0,0
78a084ce4.jpg,1,1,3,3,2452,0,0,2452,0,0,0,1,0
78a194558.jpg,0,0,,0,0,0,0,0,0,0,0,0,0
78a81eb21.jpg,1,1,3,3,12822,0,0,12822,0,0,0,1,0
78ac37759.jpg,1,1,3,3,4224,0,0,4224,0,0,0,1,0
78adb31b9.jpg,1,1,3,3,13411,0,0,13411,0,0,0,1,0
78b5bc846.jpg,1,1,2,2,4224,0,4224,0,0,0,1,0,0
78b8acca7.jpg,1,1,3,3,17594,0,0,17594,0,0,0,1,0
78be7465f.jpg,1,1,4,4,19844,0,0,0,19844,0,0,0,1
78c1353e7.jpg,1,1,3,3,3116,0,0,3116,0,0,0,1,0
78c25510b.jpg,1,1,2,2,799,0,799,0,0,0,1,0,0
78c34b020.jpg,1,1,3,3,4270,0,0,4270,0,0,0,1,0
78c3a77c2.jpg,0,0,,0,0,0,0,0,0,0,0,0,0
78c413eb4.jpg,0,0,,0,0,0,0,0,0,0,0,0,0
78c446574.jpg,0,0,,0,0,0,0,0,0,0,0,0,0
78d2258f2.jpg,1,1,3,3,5047,0,0,5047,0,0,0,1,0
7907c3a1d.jpg,0,0,,0,0,0,0,0,0,0,0,0,0
7911a4a27.jpg,0,0,,0,0,0,0,0,0,0,0,0,0
792266a85.jpg,1,1,3,3,85654,0,0,85654,0,0,0,1,0
79307aa18.jpg,1,1,3,3,18896,0,0,18896,0,0,0,1,0
7933cbe21.jpg,0,0,,0,0,0,0,0,0,0,0,0,0
7936da6f8.jpg,0,0,,0,0,0,0,0,0,0,0,0,0
793b08f01.jpg,0,0,,0,0,0,0,0,0,0,0,0,0
7941b2b9e.jpg,0,0,,0,0,0,0,0,0,0,0,0,0
794307d65.jpg,1,1,3,3,48476,0,0,48476,0,0,0,1,0
794a1f622.jpg,0,0,,0,0,0,0,0,0,0,0,0,0
794ab5277.jpg,1,1,3,3,59798,0,0,59798,0,0,0,1,0
794ccb4fa.jpg,0,0,,0,0,0,0,0,0,0,0,0,0
7954f8d17.jpg,0,0,,0,0,0,0,0,0,0,0,0,0
79550304c.jpg,1,1,3,3,34586,0,0,34586,0,0,0,1,0
795907727.jpg,1,1,3,3,5889,0,0,5889,0,0,0,1,0
79631c4e2.jpg,0,0,,0,0,0,0,0,0,0,0,0,0
79679dd6a.jpg,1,1,4,4,6926,0,0,0,6926,0,0,0,1
7970f0008.jpg,1,2,1|2,2,8695,1888,6807,0,0,1,1,0,0
7971e089f.jpg,1,1,3,3,11115,0,0,11115,0,0,0,1,0
79730ecdc.jpg,1,1,4,4,9432,0,0,0,9432,0,0,0,1
7977fcf7c.jpg,0,0,,0,0,0,0,0,0,0,0,0,0
7981f7773.jpg,1,1,3,3,118994,0,0,118994,0,0,0,1,0
7982045ad.jpg,1,2,3|4,3,21161,0,0,18693,2468,0,0,1,1
7987236e4.jpg,0,0,,0,0,0,0,0,0,0,0,0,0
79882f5d2.jpg,0,0,,0,0,0,0,0,0,0,0,0,0
7998298c2.jpg,1,1,1,1,2363,2363,0,0,0,1,0,0,0
799a31455.jpg,0,0,,0,0,0,0,0,0,0,0,0,0
799c386a9.jpg,1,1,3,3,48121,0,0,48121,0,0,0,1,0
799e73fb7.jpg,0,0,,0,0,0,0,0,0,0,0,0,0
79a1e26f6.jpg,0,0,,0,0,0,0,0,0,0,0,0,0
79adc3616.jpg,1,1,3,3,15393,0,0,15393,0,0,0,1,0
79af8b197.jpg,1,1,3,3,168696,0,0,168696,0,0,0,1,0
79b0f1510.jpg,1,1,1,1,1660,1660,0,0,0,1,0,0,0
79b39c931.jpg,1,1,3,3,1829,0,0,1829,0,0,0,1,0
79b4672b2.jpg,0,0,,0,0,0,0,0,0,0,0,0,0
79b696401.jpg,0,0,,0,0,0,0,0,0,0,0,0,0
79b6c9b21.jpg,0,0,,0,0,0,0,0,0,0,0,0,0
79bac6aca.jpg,1,1,3,3,2624,0,0,2624,0,0,0,1,0
79bf82641.jpg,1,1,3,3,80208,0,0,80208,0,0,0,1,0
79c106c42.jpg,1,1,4,4,13078,0,0,0,13078,0,0,0,1
79c456a92.jpg,1,1,3,3,34432,0,0,34432,0,0,0,1,0
79c7b230b.jpg,1,1,3,3,15196,0,0,15196,0,0,0,1,0
79ccb5e88.jpg,1,1,3,3,5340,0,0,5340,0,0,0,1,0
79d28bbe8.jpg,1,1,3,3,10327,0,0,10327,0,0,0,1,0
79dc6e410.jpg,1,1,3,3,22977,0,0,22977,0,0,0,1,0
79f669380.jpg,1,1,3,3,4395,0,0,4395,0,0,0,1,0
79f893f41.jpg,0,0,,0,0,0,0,0,0,0,0,0,0
7a07c8a49.jpg,0,0,,0,0,0,0,0,0,0,0,0,0
7a0d758f8.jpg,1,1,4,4,28357,0,0,0,28357,0,0,0,1
7a0da1fc9.jpg,0,0,,0,0,0,0,0,0,0,0,0,0
7a1251b77.jpg,1,1,3,3,88795,0,0,88795,0,0,0,1,0
7a14789e6.jpg,1,1,3,3,9695,0,0,9695,0,0,0,1,0
7a16f3a50.jpg,1,1,2,2,5439,0,5439,0,0,0,1,0,0
7a2096ee2.jpg,1,1,3,3,39307,0,0,39307,0,0,0,1,0
7a249b737.jpg,1,1,1,1,7120,7120,0,0,0,1,0,0,0
7a2908c51.jpg,1,1,3,3,1738,0,0,1738,0,0,0,1,0
7a31a3b5e.jpg,1,1,2,2,990,0,990,0,0,0,1,0,0
7a32eba62.jpg,1,1,3,3,29952,0,0,29952,0,0,0,1,0
7a379d900.jpg,0,0,,0,0,0,0,0,0,0,0,0,0
7a497f486.jpg,0,0,,0,0,0,0,0,0,0,0,0,0
7a4ea2dca.jpg,0,0,,0,0,0,0,0,0,0,0,0,0
7a5fae002.jpg,1,1,3,3,14464,0,0,14464,0,0,0,1,0
7a6004580.jpg,0,0,,0,0,0,0,0,0,0,0,0,0
7a62457fc.jpg,0,0,,0,0,0,0,0,0,0,0,0,0
7a7282702.jpg,1,1,1,1,6595,6595,0,0,0,1,0,0,0
7a7aea2c1.jpg,1,1,3,3,2654,0,0,2654,0,0,0,1,0
7a7d2b822.jpg,0,0,,0,0,0,0,0,0,0,0,0,0
7a807824c.jpg,1,1,3,3,24770,0,0,24770,0,0,0,1,0
7a835f759.jpg,0,0,,0,0,0,0,0,0,0,0,0,0
7a8a7403c.jpg,1,2,3|4,4,46946,0,0,9162,37784,0,0,1,1
7a8ef119e.jpg,0,0,,0,0,0,0,0,0,0,0,0,0
7a8fcc7df.jpg,1,1,3,3,220072,0,0,220072,0,0,0,1,0
7a92ccc07.jpg,0,0,,0,0,0,0,0,0,0,0,0,0
7a92f8486.jpg,1,1,3,3,3032,0,0,3032,0,0,0,1,0
7a961ae18.jpg,1,1,3,3,24964,0,0,24964,0,0,0,1,0
7a9ab0a7b.jpg,0,0,,0,0,0,0,0,0,0,0,0,0
7aa11e186.jpg,1,1,3,3,13988,0,0,13988,0,0,0,1,0
7abb5b1b7.jpg,1,1,3,3,12193,0,0,12193,0,0,0,1,0
7abd14b6a.jpg,1,1,1,1,5981,5981,0,0,0,1,0,0,0
7ac177df0.jpg,1,1,3,3,23190,0,0,23190,0,0,0,1,0
7ac20d5a6.jpg,1,1,4,4,48639,0,0,0,48639,0,0,0,1
7ac8253f5.jpg,0,0,,0,0,0,0,0,0,0,0,0,0
7acead167.jpg,0,0,,0,0,0,0,0,0,0,0,0,0
7ad42c7a8.jpg,0,0,,0,0,0,0,0,0,0,0,0,0
7ae224d96.jpg,0,0,,0,0,0,0,0,0,0,0,0,0
7ae7ede82.jpg,0,0,,0,0,0,0,0,0,0,0,0,0
7af339322.jpg,1,1,3,3,9036,0,0,9036,0,0,0,1,0
7af34faaf.jpg,1,1,4,4,29189,0,0,0,29189,0,0,0,1
7af37ebf9.jpg,0,0,,0,0,0,0,0,0,0,0,0,0
7af586734.jpg,0,0,,0,0,0,0,0,0,0,0,0,0
7afabbb19.jpg,0,0,,0,0,0,0,0,0,0,0,0,0
7b08e8584.jpg,1,2,3|4,3,46682,0,0,37844,8838,0,0,1,1
7b0a87344.jpg,1,1,3,3,4526,0,0,4526,0,0,0,1,0
7b0b85b1d.jpg,0,0,,0,0,0,0,0,0,0,0,0,0
7b2257638.jpg,1,1,3,3,26274,0,0,26274,0,0,0,1,0
7b2a06c77.jpg,1,1,3,3,25259,0,0,25259,0,0,0,1,0
7b31f4a6e.jpg,0,0,,0,0,0,0,0,0,0,0,0,0
7b3566fb9.jpg,1,1,1,1,1653,1653,0,0,0,1,0,0,0
7b3666172.jpg,1,1,3,3,7800,0,0,7800,0,0,0,1,0
7b449e3eb.jpg,0,0,,0,0,0,0,0,0,0,0,0,0
7b4bcde18.jpg,1,1,3,3,4687,0,0,4687,0,0,0,1,0
7b4bd28b5.jpg,1,1,3,3,15488,0,0,15488,0,0,0,1,0
7b4be079e.jpg,0,0,,0,0,0,0,0,0,0,0,0,0
7b4e8c0d9.jpg,1,1,3,3,4650,0,0,4650,0,0,0,1,0
7b5037360.jpg,1,1,3,3,3793,0,0,3793,0,0,0,1,0
7b50d24bd.jpg,0,0,,0,0,0,0,0,0,0,0,0,0
7b52c0c6c.jpg,0,0,,0,0,0,0,0,0,0,0,0,0
7b545550c.jpg,1,1,3,3,6985,0,0,6985,0,0,0,1,0
7b547b234.jpg,1,1,3,3,10141,0,0,10141,0,0,0,1,0
7b5dbe34d.jpg,1,1,3,3,8560,0,0,8560,0,0,0,1,0
7b64b1b57.jpg,0,0,,0,0,0,0,0,0,0,0,0,0
7b700a1c8.jpg,0,0,,0,0,0,0,0,0,0,0,0,0
7b75f7008.jpg,0,0,,0,0,0,0,0,0,0,0,0,0
7b766d258.jpg,0,0,,0,0,0,0,0,0,0,0,0,0
7b78f7ca9.jpg,0,0,,0,0,0,0,0,0,0,0,0,0
7b79706b6.jpg,1,1,1,1,4373,4373,0,0,0,1,0,0,0
7b7a5e30e.jpg,0,0,,0,0,0,0,0,0,0,0,0,0
7b7c99fd5.jpg,0,0,,0,0,0,0,0,0,0,0,0,0
7b80a9151.jpg,0,0,,0,0,0,0,0,0,0,0,0,0
7b80d479b.jpg,1,1,3,3,35476,0,0,35476,0,0,0,1,0
7b857d874.jpg,1,1,4,4,34342,0,0,0,34342,0,0,0,1
7b8d4b6d4.jpg,1,1,3,3,8064,0,0,8064,0,0,0,1,0
7b8deab35.jpg,0,0,,0,0,0,0,0,0,0,0,0,0
7b90bf5c9.jpg,0,0,,0,0,0,0,0,0,0,0,0,0
7b9105470.jpg,0,0,,0,0,0,0,0,0,0,0,0,0
7ba0bbe30.jpg,1,1,3,3,15445,0,0,15445,0,0,0,1,0
7ba14848e.jpg,1,1,3,3,14462,0,0,14462,0,0,0,1,0
7ba45f594.jpg,0,0,,0,0,0,0,0,0,0,0,0,0
7bb0e9495.jpg,0,0,,0,0,0,0,0,0,0,0,0,0
7bb17c5f2.jpg,0,0,,0,0,0,0,0,0,0,0,0,0
7bb25cc94.jpg,1,1,1,1,2091,2091,0,0,0,1,0,0,0
7bb3640ce.jpg,1,1,1,1,8964,8964,0,0,0,1,0,0,0
7bb3e2218.jpg,0,0,,0,0,0,0,0,0,0,0,0,0
7bc5a99d5.jpg,0,0,,0,0,0,0,0,0,0,0,0,0
7bc7f1f6e.jpg,0,0,,0,0,0,0,0,0,0,0,0,0
7bca7b205.jpg,0,0,,0,0,0,0,0,0,0,0,0,0
7bcd7a3c4.jpg,0,0,,0,0,0,0,0,0,0,0,0,0
7bd4bcccf.jpg,0,0,,0,0,0,0,0,0,0,0,0,0
7bda138f2.jpg,0,0,,0,0,0,0,0,0,0,0,0,0
7bde96c82.jpg,1,1,3,3,5088,0,0,5088,0,0,0,1,0
7be0872fa.jpg,0,0,,0,0,0,0,0,0,0,0,0,0
7be162a87.jpg,0,0,,0,0,0,0,0,0,0,0,0,0
7be8a27c8.jpg,1,1,1,1,4570,4570,0,0,0,1,0,0,0
7bec3eeb7.jpg,1,1,3,3,37822,0,0,37822,0,0,0,1,0
7bf93c787.jpg,1,1,3,3,12002,0,0,12002,0,0,0,1,0
7c00478a3.jpg,1,1,3,3,35201,0,0,35201,0,0,0,1,0
7c016d59f.jpg,0,0,,0,0,0,0,0,0,0,0,0,0
7c02570e9.jpg,1,1,3,3,2744,0,0,2744,0,0,0,1,0
7c0745f39.jpg,1,1,1,1,8342,8342,0,0,0,1,0,0,0
7c159d683.jpg,1,1,3,3,18048,0,0,18048,0,0,0,1,0
7c1bcd3f1.jpg,1,1,3,3,915,0,0,915,0,0,0,1,0
7c27585fd.jpg,1,1,3,3,34346,0,0,34346,0,0,0,1,0
7c27b239d.jpg,1,1,3,3,6656,0,0,6656,0,0,0,1,0
7c3930f4d.jpg,1,1,1,1,1518,1518,0,0,0,1,0,0,0
7c3a553d0.jpg,1,1,3,3,4939,0,0,4939,0,0,0,1,0
7c42bd8b8.jpg,0,0,,0,0,0,0,0,0,0,0,0,0
7c570d51c.jpg,1,1,3,3,7370,0,0,7370,0,0,0,1,0
7c5918274.jpg,1,2,3|4,3,22716,0,0,14519,8197,0,0,1,1
7c5b3e03a.jpg,0,0,,0,0,0,0,0,0,0,0,0,0
7c5b834b7.jpg,0,0,,0,0,0,0,0,0,0,0,0,0
7c67a4611.jpg,0,0,,0,0,0,0,0,0,0,0,0,0
7c6880fc1.jpg,0,0,,0,0,0,0,0,0,0,0,0,0
7c6e58a02.jpg,1,1,3,3,1946,0,0,1946,0,0,0,1,0
7c6fa5adf.jpg,0,0,,0,0,0,0,0,0,0,0,0,0
7c75958df.jpg,0,0,,0,0,0,0,0,0,0,0,0,0
7c764812d.jpg,1,2,1|3,1,5958,4107,0,1851,0,1,0,1,0
7c77632e8.jpg,1,1,3,3,7671,0,0,7671,0,0,0,1,0
7c781ce34.jpg,0,0,,0,0,0,0,0,0,0,0,0,0
7c7883593.jpg,0,0,,0,0,0,0,0,0,0,0,0,0
7c7f040ca.jpg,1,1,3,3,22131,0,0,22131,0,0,0,1,0
7c83d2da1.jpg,1,2,3|4,4,20340,0,0,7260,13080,0,0,1,1
7c847f7b3.jpg,1,1,1,1,1187,1187,0,0,0,1,0,0,0
7c8a469a4.jpg,1,1,3,3,13541,0,0,13541,0,0,0,1,0
7c90b4eab.jpg,0,0,,0,0,0,0,0,0,0,0,0,0
7c90f66d5.jpg,1,1,4,4,34483,0,0,0,34483,0,0,0,1
7c9351453.jpg,1,1,3,3,56193,0,0,56193,0,0,0,1,0
7c955538b.jpg,0,0,,0,0,0,0,0,0,0,0,0,0
7c95cddba.jpg,1,1,3,3,13210,0,0,13210,0,0,0,1,0
7c95f2d2d.jpg,1,1,3,3,10866,0,0,10866,0,0,0,1,0
7c98d8010.jpg,1,1,3,3,28958,0,0,28958,0,0,0,1,0
7ca2551c2.jpg,1,1,2,2,1419,0,1419,0,0,0,1,0,0
7ca4409c2.jpg,0,0,,0,0,0,0,0,0,0,0,0,0
7ca4a7520.jpg,0,0,,0,0,0,0,0,0,0,0,0,0
7ca829ecd.jpg,0,0,,0,0,0,0,0,0,0,0,0,0
7caecb871.jpg,0,0,,0,0,0,0,0,0,0,0,0,0
7cb0d415a.jpg,0,0,,0,0,0,0,0,0,0,0,0,0
7cb25cd7e.jpg,0,0,,0,0,0,0,0,0,0,0,0,0
7cb5bd6f1.jpg,1,2,3|4,4,23135,0,0,1727,21408,0,0,1,1
7cd098a67.jpg,0,0,,0,0,0,0,0,0,0,0,0,0
7cf4f552c.jpg,1,1,3,3,4883,0,0,4883,0,0,0,1,0
7cf7e0fa6.jpg,1,1,3,3,5632,0,0,5632,0,0,0,1,0
7cf827fc8.jpg,0,0,,0,0,0,0,0,0,0,0,0,0
7cfcbdc4a.jpg,1,1,3,3,44084,0,0,44084,0,0,0,1,0
7d075d3e8.jpg,0,0,,0,0,0,0,0,0,0,0,0,0
7d0ee3cd7.jpg,1,1,3,3,11601,0,0,11601,0,0,0,1,0
7d1c4482e.jpg,1,1,3,3,16194,0,0,16194,0,0,0,1,0
7d3f9dfa1.jpg,0,0,,0,0,0,0,0,0,0,0,0,0
7d4269eeb.jpg,0,0,,0,0,0,0,0,0,0,0,0,0
7d4f862bf.jpg,0,0,,0,0,0,0,0,0,0,0,0,0
7d58142ba.jpg,1,1,3,3,33792,0,0,33792,0,0,0,1,0
7d582e90d.jpg,1,1,3,3,7668,0,0,7668,0,0,0,1,0
7d5e8edf0.jpg,0,0,,0,0,0,0,0,0,0,0,0,0
7d84f4365.jpg,1,1,3,3,11178,0,0,11178,0,0,0,1,0
7d88005db.jpg,0,0,,0,0,0,0,0,0,0,0,0,0
7d8cb6714.jpg,0,0,,0,0,0,0,0,0,0,0,0,0
7d8dde8af.jpg,0,0,,0,0,0,0,0,0,0,0,0,0
7d9d29d28.jpg,1,1,1,1,4458,4458,0,0,0,1,0,0,0
7d9d768e0.jpg,1,1,3,3,4985,0,0,4985,0,0,0,1,0
7da0c4484.jpg,0,0,,0,0,0,0,0,0,0,0,0,0
7da7fdfca.jpg,1,1,3,3,27520,0,0,27520,0,0,0,1,0
7da8aaf72.jpg,0,0,,0,0,0,0,0,0,0,0,0,0
7da901e89.jpg,1,1,3,3,1660,0,0,1660,0,0,0,1,0
7da9335fd.jpg,0,0,,0,0,0,0,0,0,0,0,0,0
7db22f39a.jpg,1,1,3,3,35426,0,0,35426,0,0,0,1,0
7db3010d1.jpg,0,0,,0,0,0,0,0,0,0,0,0,0
7db619168.jpg,0,0,,0,0,0,0,0,0,0,0,0,0
7dc5466c1.jpg,0,0,,0,0,0,0,0,0,0,0,0,0
7dc860e41.jpg,0,0,,0,0,0,0,0,0,0,0,0,0
7dc8d94dc.jpg,1,1,3,3,2817,0,0,2817,0,0,0,1,0
7dcd46899.jpg,1,1,2,2,2852,0,2852,0,0,0,1,0,0
7dcd9d8e2.jpg,1,1,3,3,155395,0,0,155395,0,0,0,1,0
7dd4d0f90.jpg,1,1,3,3,36698,0,0,36698,0,0,0,1,0
7dd604aa8.jpg,1,1,3,3,4736,0,0,4736,0,0,0,1,0
7de00739f.jpg,1,1,3,3,715,0,0,715,0,0,0,1,0
7de37a671.jpg,1,1,3,3,44795,0,0,44795,0,0,0,1,0
7df6cbcc7.jpg,0,0,,0,0,0,0,0,0,0,0,0,0
7dfa03913.jpg,0,0,,0,0,0,0,0,0,0,0,0,0
7dfb9d916.jpg,1,1,3,3,4340,0,0,4340,0,0,0,1,0
7dfc8b64d.jpg,0,0,,0,0,0,0,0,0,0,0,0,0
7e080fe8d.jpg,0,0,,0,0,0,0,0,0,0,0,0,0
7e0a4584c.jpg,1,1,3,3,13512,0,0,13512,0,0,0,1,0
7e0e39e4c.jpg,1,1,3,3,18735,0,0,18735,0,0,0,1,0
7e12848ac.jpg,0,0,,0,0,0,0,0,0,0,0,0,0
7e18303fd.jpg,1,1,4,4,15709,0,0,0,15709,0,0,0,1
7e25a3973.jpg,1,1,4,4,44083,0,0,0,44083,0,0,0,1
7e2607582.jpg,0,0,,0,0,0,0,0,0,0,0,0,0
7e2c9bc22.jpg,0,0,,0,0,0,0,0,0,0,0,0,0
7e2e92987.jpg,0,0,,0,0,0,0,0,0,0,0,0,0
7e427f34b.jpg,0,0,,0,0,0,0,0,0,0,0,0,0
7e49d3022.jpg,1,1,3,3,8595,0,0,8595,0,0,0,1,0
7e56364ce.jpg,0,0,,0,0,0,0,0,0,0,0,0,0
7e57b31f7.jpg,1,1,3,3,1758,0,0,1758,0,0,0,1,0
7e5c4b68d.jpg,0,0,,0,0,0,0,0,0,0,0,0,0
7e6015fc5.jpg,1,1,3,3,19984,0,0,19984,0,0,0,1,0
7e62bc462.jpg,1,1,3,3,3460,0,0,3460,0,0,0,1,0
7e63e3baf.jpg,1,1,3,3,11284,0,0,11284,0,0,0,1,0
7e65bb413.jpg,1,1,3,3,12750,0,0,12750,0,0,0,1,0
7e6994853.jpg,0,0,,0,0,0,0,0,0,0,0,0,0
7e6f6ba62.jpg,0,0,,0,0,0,0,0,0,0,0,0,0
7e6fe6786.jpg,1,1,4,4,7090,0,0,0,7090,0,0,0,1
7e7204700.jpg,0,0,,0,0,0,0,0,0,0,0,0,0
7e743dab7.jpg,0,0,,0,0,0,0,0,0,0,0,0,0
7e7647e70.jpg,1,1,1,1,1102,1102,0,0,0,1,0,0,0
7e76fd8b1.jpg,1,1,3,3,2021,0,0,2021,0,0,0,1,0
7e79e75ca.jpg,0,0,,0,0,0,0,0,0,0,0,0,0
7e8dfabba.jpg,1,1,3,3,9952,0,0,9952,0,0,0,1,0
7e955e810.jpg,0,0,,0,0,0,0,0,0,0,0,0,0
7e9778a9f.jpg,1,1,3,3,8569,0,0,8569,0,0,0,1,0
7e9c06c77.jpg,0,0,,0,0,0,0,0,0,0,0,0,0
7e9c7f52d.jpg,1,1,3,3,13515,0,0,13515,0,0,0,1,0
7ea03b257.jpg,1,1,4,4,51490,0,0,0,51490,0,0,0,1
7ea0bcec7.jpg,0,0,,0,0,0,0,0,0,0,0,0,0
7eacbdb66.jpg,1,1,3,3,92111,0,0,92111,0,0,0,1,0
7eb32e8b8.jpg,1,1,3,3,2900,0,0,2900,0,0,0,1,0
7eb958c89.jpg,1,1,2,2,2256,0,2256,0,0,0,1,0,0
7ec438623.jpg,0,0,,0,0,0,0,0,0,0,0,0,0
7ec4cd778.jpg,1,1,3,3,24687,0,0,24687,0,0,0,1,0
7ec5c8641.jpg,0,0,,0,0,0,0,0,0,0,0,0,0
7ec79c490.jpg,1,1,3,3,4496,0,0,4496,0,0,0,1,0
7ecb2f19b.jpg,0,0,,0,0,0,0,0,0,0,0,0,0
7ecd825b7.jpg,0,0,,0,0,0,0,0,0,0,0,0,0
7ed009073.jpg,0,0,,0,0,0,0,0,0,0,0,0,0
7ed538f87.jpg,0,0,,0,0,0,0,0,0,0,0,0,0
7ed64642e.jpg,1,1,3,3,11100,0,0,11100,0,0,0,1,0
7ee479373.jpg,1,1,3,3,10770,0,0,10770,0,0,0,1,0
7ee4ba925.jpg,1,1,3,3,5304,0,0,5304,0,0,0,1,0
7ee5a339e.jpg,0,0,,0,0,0,0,0,0,0,0,0,0
7eebb0313.jpg,0,0,,0,0,0,0,0,0,0,0,0,0
7efadd1c6.jpg,1,1,3,3,12324,0,0,12324,0,0,0,1,0
7f08f1369.jpg,0,0,,0,0,0,0,0,0,0,0,0,0
7f08f6d42.jpg,1,1,3,3,11608,0,0,11608,0,0,0,1,0
7f0f0ff7c.jpg,0,0,,0,0,0,0,0,0,0,0,0,0
7f10fcbfe.jpg,0,0,,0,0,0,0,0,0,0,0,0,0
7f196e938.jpg,0,0,,0,0,0,0,0,0,0,0,0,0
7f1b37606.jpg,1,2,3|4,4,51787,0,0,6827,44960,0,0,1,1
7f1c326d4.jpg,0,0,,0,0,0,0,0,0,0,0,0,0
7f25edc7a.jpg,1,1,3,3,8567,0,0,8567,0,0,0,1,0
7f281a162.jpg,1,1,3,3,3953,0,0,3953,0,0,0,1,0
7f30a2a1e.jpg,1,1,3,3,6475,0,0,6475,0,0,0,1,0
7f30b9c64.jpg,1,2,3|4,3,29710,0,0,15345,14365,0,0,1,1
7f3181e44.jpg,1,1,2,2,2816,0,2816,0,0,0,1,0,0
7f3204217.jpg,1,1,3,3,16801,0,0,16801,0,0,0,1,0
7f32d3e75.jpg,0,0,,0,0,0,0,0,0,0,0,0,0
7f4554482.jpg,0,0,,0,0,0,0,0,0,0,0,0,0
7f4bbb940.jpg,1,1,1,1,3797,3797,0,0,0,1,0,0,0
7f506ca06.jpg,0,0,,0,0,0,0,0,0,0,0,0,0
7f52709ea.jpg,1,1,1,1,3389,3389,0,0,0,1,0,0,0
7f577c471.jpg,1,1,1,1,1905,1905,0,0,0,1,0,0,0
7f5bd2550.jpg,0,0,,0,0,0,0,0,0,0,0,0,0
7f5d1da76.jpg,1,1,3,3,18063,0,0,18063,0,0,0,1,0
7f63c4624.jpg,0,0,,0,0,0,0,0,0,0,0,0,0
7f67ad59d.jpg,1,1,3,3,86842,0,0,86842,0,0,0,1,0
7f6b93274.jpg,0,0,,0,0,0,0,0,0,0,0,0,0
7f777ba81.jpg,1,1,3,3,859,0,0,859,0,0,0,1,0
7f7beccda.jpg,0,0,,0,0,0,0,0,0,0,0,0,0
7f8594d4b.jpg,1,1,3,3,38591,0,0,38591,0,0,0,1,0
7f8d10098.jpg,1,1,4,4,3789,0,0,0,3789,0,0,0,1
7f98c3635.jpg,0,0,,0,0,0,0,0,0,0,0,0,0
7f98f8f6c.jpg,0,0,,0,0,0,0,0,0,0,0,0,0
7f9d758d7.jpg,1,1,1,1,1178,1178,0,0,0,1,0,0,0
7f9df7221.jpg,0,0,,0,0,0,0,0,0,0,0,0,0
7fa8baf41.jpg,0,0,,0,0,0,0,0,0,0,0,0,0
7faa839e3.jpg,0,0,,0,0,0,0,0,0,0,0,0,0
7fb0c3636.jpg,1,1,3,3,49484,0,0,49484,0,0,0,1,0
7fc69d9fd.jpg,1,1,3,3,10991,0,0,10991,0,0,0,1,0
7fc7bab6b.jpg,1,1,3,3,16243,0,0,16243,0,0,0,1,0
7fc8b1ce5.jpg,1,1,3,3,42831,0,0,42831,0,0,0,1,0
7fc9cb824.jpg,1,1,3,3,53939,0,0,53939,0,0,0,1,0
7fceeb19e.jpg,0,0,,0,0,0,0,0,0,0,0,0,0
7fd3d58a5.jpg,1,1,3,3,22197,0,0,22197,0,0,0,1,0
7fd489535.jpg,0,0,,0,0,0,0,0,0,0,0,0,0
7fe4674f9.jpg,1,1,3,3,14256,0,0,14256,0,0,0,1,0
7fe5d431f.jpg,1,2,3|4,3,11681,0,0,5888,5793,0,0,1,1
7ff50bb90.jpg,1,1,3,3,27149,0,0,27149,0,0,0,1,0
7ff662abf.jpg,0,0,,0,0,0,0,0,0,0,0,0,0
7ff9e795d.jpg,1,1,4,4,11689,0,0,0,11689,0,0,0,1
7ffa84870.jpg,0,0,,0,0,0,0,0,0,0,0,0,0
8000b4ad8.jpg,0,0,,0,0,0,0,0,0,0,0,0,0
8003ed19d.jpg,0,0,,0,0,0,0,0,0,0,0,0,0
800b8c9d1.jpg,1,1,3,3,22192,0,0,22192,0,0,0,1,0
8016e642c.jpg,1,1,3,3,62679,0,0,62679,0,0,0,1,0
801887861.jpg,1,1,3,3,84087,0,0,84087,0,0,0,1,0
801d299ac.jpg,1,1,3,3,8495,0,0,8495,0,0,0,1,0
802bbd246.jpg,0,0,,0,0,0,0,0,0,0,0,0,0
802de5801.jpg,1,1,1,1,4662,4662,0,0,0,1,0,0,0
802e8e4af.jpg,0,0,,0,0,0,0,0,0,0,0,0,0
803789913.jpg,0,0,,0,0,0,0,0,0,0,0,0,0
80385ffeb.jpg,0,0,,0,0,0,0,0,0,0,0,0,0
8040474f4.jpg,0,0,,0,0,0,0,0,0,0,0,0,0
804caac5a.jpg,0,0,,0,0,0,0,0,0,0,0,0,0
8059001d1.jpg,0,0,,0,0,0,0,0,0,0,0,0,0
805ea1870.jpg,1,1,3,3,72691,0,0,72691,0,0,0,1,0
8066b7589.jpg,1,2,3|4,3,32202,0,0,23347,8855,0,0,1,1
80691d1ae.jpg,0,0,,0,0,0,0,0,0,0,0,0,0
806b28ae8.jpg,0,0,,0,0,0,0,0,0,0,0,0,0
8071db7b3.jpg,1,1,3,3,35718,0,0,35718,0,0,0,1,0
807c5bb21.jpg,0,0,,0,0,0,0,0,0,0,0,0,0
807ef1574.jpg,1,1,3,3,3603,0,0,3603,0,0,0,1,0
80841e418.jpg,1,1,3,3,2173,0,0,2173,0,0,0,1,0
80842d229.jpg,1,1,4,4,51535,0,0,0,51535,0,0,0,1
8088f6b20.jpg,0,0,,0,0,0,0,0,0,0,0,0,0
808c30930.jpg,1,1,3,3,26021,0,0,26021,0,0,0,1,0
808e3f8b8.jpg,1,1,3,3,12341,0,0,12341,0,0,0,1,0
809282641.jpg,0,0,,0,0,0,0,0,0,0,0,0,0
80932154b.jpg,1,1,3,3,30533,0,0,30533,0,0,0,1,0
809b70c5d.jpg,0,0,,0,0,0,0,0,0,0,0,0,0
809cf7d52.jpg,0,0,,0,0,0,0,0,0,0,0,0,0
809f27321.jpg,0,0,,0,0,0,0,0,0,0,0,0,0
80a177eac.jpg,0,0,,0,0,0,0,0,0,0,0,0,0
80adf1a29.jpg,0,0,,0,0,0,0,0,0,0,0,0,0
80be3bfdc.jpg,0,0,,0,0,0,0,0,0,0,0,0,0
80cb85650.jpg,1,1,3,3,70018,0,0,70018,0,0,0,1,0
80d241bc5.jpg,1,1,1,1,2804,2804,0,0,0,1,0,0,0
80d40cc9c.jpg,1,1,3,3,27987,0,0,27987,0,0,0,1,0
80d43cd25.jpg,0,0,,0,0,0,0,0,0,0,0,0,0
80d60d687.jpg,1,1,3,3,18919,0,0,18919,0,0,0,1,0
80db59ec2.jpg,1,2,3|4,4,45717,0,0,1641,44076,0,0,1,1
80de9f3e1.jpg,1,1,3,3,5888,0,0,5888,0,0,0,1,0
80e2353c4.jpg,1,1,3,3,69233,0,0,69233,0,0,0,1,0
80ec6ed97.jpg,0,0,,0,0,0,0,0,0,0,0,0,0
80ed788e8.jpg,0,0,,0,0,0,0,0,0,0,0,0,0
80f2eef6e.jpg,1,1,3,3,11653,0,0,11653,0,0,0,1,0
80f7d7679.jpg,1,1,3,3,3544,0,0,3544,0,0,0,1,0
81032f953.jpg,0,0,,0,0,0,0,0,0,0,0,0,0
810f7826a.jpg,1,1,3,3,5551,0,0,5551,0,0,0,1,0
810f96801.jpg,1,1,3,3,42061,0,0,42061,0,0,0,1,0
81137ae8b.jpg,1,1,3,3,15098,0,0,15098,0,0,0,1,0
811ed7a89.jpg,0,0,,0,0,0,0,0,0,0,0,0,0
81294c746.jpg,0,0,,0,0,0,0,0,0,0,0,0,0
812ddd1e4.jpg,1,1,3,3,4538,0,0,4538,0,0,0,1,0
81314abfb.jpg,0,0,,0,0,0,0,0,0,0,0,0,0
8135559f7.jpg,0,0,,0,0,0,0,0,0,0,0,0,0
81398fac4.jpg,0,0,,0,0,0,0,0,0,0,0,0,0
813be2643.jpg,0,0,,0,0,0,0,0,0,0,0,0,0
8145c3c51.jpg,0,0,,0,0,0,0,0,0,0,0,0,0
81557b8cd.jpg,0,0,,0,0,0,0,0,0,0,0,0,0
816a3d605.jpg,1,2,3|4,3,23220,0,0,12149,11071,0,0,1,1
816b49863.jpg,0,0,,0,0,0,0,0,0,0,0,0,0
817588518.jpg,0,0,,0,0,0,0,0,0,0,0,0,0
81770ddda.jpg,1,1,3,3,21959,0,0,21959,0,0,0,1,0
8177945a9.jpg,1,1,1,1,8620,8620,0,0,0,1,0,0,0
817a545aa.jpg,1,1,3,3,33664,0,0,33664,0,0,0,1,0
817c6c7a8.jpg,1,1,3,3,20848,0,0,20848,0,0,0,1,0
81816646e.jpg,0,0,,0,0,0,0,0,0,0,0,0,0
81847fd11.jpg,1,1,4,4,50149,0,0,0,50149,0,0,0,1
818614bea.jpg,0,0,,0,0,0,0,0,0,0,0,0,0
81891e821.jpg,1,1,3,3,5309,0,0,5309,0,0,0,1,0
818a68773.jpg,1,1,3,3,11848,0,0,11848,0,0,0,1,0
819e9bce9.jpg,0,0,,0,0,0,0,0,0,0,0,0,0
81a0575ff.jpg,0,0,,0,0,0,0,0,0,0,0,0,0
81a82d37f.jpg,0,0,,0,0,0,0,0,0,0,0,0,0
81ab8f502.jpg,1,1,3,3,130311,0,0,130311,0,0,0,1,0
81aed13bf.jpg,1,2,1|3,1,23945,12470,0,11475,0,1,0,1,0
81b40126d.jpg,0,0,,0,0,0,0,0,0,0,0,0,0
81b4bf91a.jpg,1,1,3,3,12716,0,0,12716,0,0,0,1,0
81b699f38.jpg,1,1,3,3,8431,0,0,8431,0,0,0,1,0
81b6f3cca.jpg,1,2,2|3,2,6394,0,4191,2203,0,0,1,1,0
81bd64447.jpg,0,0,,0,0,0,0,0,0,0,0,0,0
81c37d5f1.jpg,1,1,1,1,6155,6155,0,0,0,1,0,0,0
81caf7932.jpg,0,0,,0,0,0,0,0,0,0,0,0,0
81cec825e.jpg,0,0,,0,0,0,0,0,0,0,0,0,0
81e7fcead.jpg,0,0,,0,0,0,0,0,0,0,0,0,0
81e8d9fd9.jpg,1,1,4,4,103378,0,0,0,103378,0,0,0,1
81ed57b21.jpg,0,0,,0,0,0,0,0,0,0,0,0,0
81effb9b8.jpg,0,0,,0,0,0,0,0,0,0,0,0,0
81f75d1b5.jpg,1,1,3,3,21669,0,0,21669,0,0,0,1,0
81fa665da.jpg,1,1,3,3,42924,0,0,42924,0,0,0,1,0
81ff630e3.jpg,1,2,1|3,1,7852,6885,0,967,0,1,0,1,0
820a86bdd.jpg,1,1,4,4,33983,0,0,0,33983,0,0,0,1
820c4f78c.jpg,1,1,3,3,628,0,0,628,0,0,0,1,0
82168bba3.jpg,1,1,3,3,4270,0,0,4270,0,0,0,1,0
82171ab4a.jpg,0,0,,0,0,0,0,0,0,0,0,0,0
82173d483.jpg,0,0,,0,0,0,0,0,0,0,0,0,0
822aa8de8.jpg,0,0,,0,0,0,0,0,0,0,0,0,0
822c360e8.jpg,0,0,,0,0,0,0,0,0,0,0,0,0
822ccb565.jpg,1,1,3,3,31221,0,0,31221,0,0,0,1,0
823575291.jpg,0,0,,0,0,0,0,0,0,0,0,0,0
823994b16.jpg,1,1,3,3,39651,0,0,39651,0,0,0,1,0
823c53d37.jpg,0,0,,0,0,0,0,0,0,0,0,0,0
82436f649.jpg,0,0,,0,0,0,0,0,0,0,0,0,0
8248c9b1d.jpg,1,2,3|4,4,108322,0,0,7523,100799,0,0,1,1
824ad197d.jpg,0,0,,0,0,0,0,0,0,0,0,0,0
82532a288.jpg,1,1,3,3,21294,0,0,21294,0,0,0,1,0
82583cd1d.jpg,0,0,,0,0,0,0,0,0,0,0,0,0
825a8ea8f.jpg,1,2,1|3,3,10353,3832,0,6521,0,1,0,1,0
825d06c01.jpg,1,1,3,3,16079,0,0,16079,0,0,0,1,0
82602cb06.jpg,1,1,4,4,21003,0,0,0,21003,0,0,0,1
8266cca81.jpg,1,1,3,3,34110,0,0,34110,0,0,0,1,0
827f4a6b1.jpg,0,0,,0,0,0,0,0,0,0,0,0,0
827f94cb9.jpg,0,0,,0,0,0,0,0,0,0,0,0,0
8299f5460.jpg,1,2,3|4,4,75679,0,0,5292,70387,0,0,1,1
82a4afeca.jpg,0,0,,0,0,0,0,0,0,0,0,0,0
82aafd015.jpg,1,1,3,3,1472,0,0,1472,0,0,0,1,0
82ab1eb7f.jpg,1,1,1,1,1760,1760,0,0,0,1,0,0,0
82ac8152a.jpg,0,0,,0,0,0,0,0,0,0,0,0,0
82add8f46.jpg,0,0,,0,0,0,0,0,0,0,0,0,0
82b23f53c.jpg,1,1,3,3,17459,0,0,17459,0,0,0,1,0
82b258bf4.jpg,1,1,3,3,1997,0,0,1997,0,0,0,1,0
82bd1670a.jpg,0,0,,0,0,0,0,0,0,0,0,0,0
82be365ea.jpg,1,1,3,3,25823,0,0,25823,0,0,0,1,0
82bee96b8.jpg,1,1,4,4,6062,0,0,0,6062,0,0,0,1
82bffd9d3.jpg,0,0,,0,0,0,0,0,0,0,0,0,0
82c24f149.jpg,0,0,,0,0,0,0,0,0,0,0,0,0
82c806ebb.jpg,1,1,3,3,34612,0,0,34612,0,0,0,1,0
82c9c2afc.jpg,0,0,,0,0,0,0,0,0,0,0,0,0
82cf55ab9.jpg,1,1,3,3,14014,0,0,14014,0,0,0,1,0
82cf996ff.jpg,0,0,,0,0,0,0,0,0,0,0,0,0
82d40a4e3.jpg,0,0,,0,0,0,0,0,0,0,0,0,0
82d728afa.jpg,1,1,3,3,4141,0,0,4141,0,0,0,1,0
82e11b4e4.jpg,1,1,3,3,637,0,0,637,0,0,0,1,0
82e2cffe0.jpg,1,1,3,3,14925,0,0,14925,0,0,0,1,0
82e32c810.jpg,1,1,3,3,1695,0,0,1695,0,0,0,1,0
82e82b713.jpg,1,1,3,3,2255,0,0,2255,0,0,0,1,0
82ee8158b.jpg,0,0,,0,0,0,0,0,0,0,0,0,0
82f31d10e.jpg,1,1,3,3,5206,0,0,5206,0,0,0,1,0
82f3be402.jpg,1,1,3,3,8320,0,0,8320,0,0,0,1,0
82f4c0b69.jpg,1,1,3,3,8471,0,0,8471,0,0,0,1,0
82f6ab6aa.jpg,1,1,1,1,1475,1475,0,0,0,1,0,0,0
82fc300b4.jpg,1,1,3,3,82294,0,0,82294,0,0,0,1,0
82fef8150.jpg,0,0,,0,0,0,0,0,0,0,0,0,0
830ab6c11.jpg,1,1,3,3,17407,0,0,17407,0,0,0,1,0
830d3ac76.jpg,0,0,,0,0,0,0,0,0,0,0,0,0
8313b4e90.jpg,1,1,3,3,59696,0,0,59696,0,0,0,1,0
83182f270.jpg,0,0,,0,0,0,0,0,0,0,0,0,0
831de6ce2.jpg,0,0,,0,0,0,0,0,0,0,0,0,0
831fd3914.jpg,0,0,,0,0,0,0,0,0,0,0,0,0
83298d267.jpg,1,1,4,4,13451,0,0,0,13451,0,0,0,1
832c4b74c.jpg,1,1,3,3,45983,0,0,45983,0,0,0,1,0
832cb20cc.jpg,0,0,,0,0,0,0,0,0,0,0,0,0
832f21ec5.jpg,0,0,,0,0,0,0,0,0,0,0,0,0
833433e81.jpg,1,1,4,4,4368,0,0,0,4368,0,0,0,1
8344ef24d.jpg,1,1,3,3,2616,0,0,2616,0,0,0,1,0
8345249a8.jpg,1,1,3,3,37035,0,0,37035,0,0,0,1,0
83476e834.jpg,1,1,1,1,5973,5973,0,0,0,1,0,0,0
834a537f4.jpg,0,0,,0,0,0,0,0,0,0,0,0,0
8355a5249.jpg,1,1,3,3,1682,0,0,1682,0,0,0,1,0
8364a4654.jpg,1,1,3,3,47727,0,0,47727,0,0,0,1,0
8364cd311.jpg,1,1,4,4,23415,0,0,0,23415,0,0,0,1
8366824fe.jpg,1,1,4,4,52479,0,0,0,52479,0,0,0,1
8366a9a39.jpg,0,0,,0,0,0,0,0,0,0,0,0,0
83674f503.jpg,0,0,,0,0,0,0,0,0,0,0,0,0
8369f54aa.jpg,0,0,,0,0,0,0,0,0,0,0,0,0
836ccf3b0.jpg,1,1,3,3,36301,0,0,36301,0,0,0,1,0
837645cf1.jpg,1,1,1,1,7346,7346,0,0,0,1,0,0,0
837d38c91.jpg,1,1,3,3,2510,0,0,2510,0,0,0,1,0
838135ec4.jpg,1,2,3|4,4,38921,0,0,18400,20521,0,0,1,1
83886dd5d.jpg,0,0,,0,0,0,0,0,0,0,0,0,0
8399a4300.jpg,1,1,3,3,69878,0,0,69878,0,0,0,1,0
839cb8f32.jpg,0,0,,0,0,0,0,0,0,0,0,0,0
839f0c541.jpg,0,0,,0,0,0,0,0,0,0,0,0,0
839fedbb2.jpg,1,1,3,3,50808,0,0,50808,0,0,0,1,0
83a4b8a34.jpg,0,0,,0,0,0,0,0,0,0,0,0,0
83ba89ac3.jpg,1,2,3|4,4,5220,0,0,1056,4164,0,0,1,1
83bd40de8.jpg,0,0,,0,0,0,0,0,0,0,0,0,0
83c2e79d1.jpg,1,1,3,3,51072,0,0,51072,0,0,0,1,0
83c431c22.jpg,1,1,3,3,3878,0,0,3878,0,0,0,1,0
83d2f1e38.jpg,0,0,,0,0,0,0,0,0,0,0,0,0
83d2fffd3.jpg,1,2,1|3,3,41878,6178,0,35700,0,1,0,1,0
83d9b39c8.jpg,1,1,3,3,10887,0,0,10887,0,0,0,1,0
83e2d9e33.jpg,0,0,,0,0,0,0,0,0,0,0,0,0
83e554974.jpg,0,0,,0,0,0,0,0,0,0,0,0,0
83e63937d.jpg,1,1,3,3,51420,0,0,51420,0,0,0,1,0
83e65d90e.jpg,1,1,3,3,61914,0,0,61914,0,0,0,1,0
83e918113.jpg,0,0,,0,0,0,0,0,0,0,0,0,0
83eb3fd63.jpg,1,1,3,3,46106,0,0,46106,0,0,0,1,0
83eb528df.jpg,0,0,,0,0,0,0,0,0,0,0,0,0
83ec1bbca.jpg,0,0,,0,0,0,0,0,0,0,0,0,0
83f82db15.jpg,1,1,3,3,23519,0,0,23519,0,0,0,1,0
83f88d92e.jpg,1,2,3|4,4,21432,0,0,10007,11425,0,0,1,1
8417eb22d.jpg,1,1,3,3,12723,0,0,12723,0,0,0,1,0
841984e0c.jpg,0,0,,0,0,0,0,0,0,0,0,0,0
841c1f67e.jpg,1,1,3,3,18787,0,0,18787,0,0,0,1,0
841c364ec.jpg,1,1,3,3,43059,0,0,43059,0,0,0,1,0
84232105a.jpg,1,1,4,4,56417,0,0,0,56417,0,0,0,1
8425b5187.jpg,0,0,,0,0,0,0,0,0,0,0,0,0
843b29efa.jpg,1,2,3|4,4,52876,0,0,19371,33505,0,0,1,1
843f0ae15.jpg,1,2,3|4,3,76239,0,0,50051,26188,0,0,1,1
8445de2d9.jpg,1,1,3,3,3827,0,0,3827,0,0,0,1,0
844a48ae2.jpg,1,1,3,3,9052,0,0,9052,0,0,0,1,0
845935465.jpg,1,1,3,3,6383,0,0,6383,0,0,0,1,0
846788254.jpg,1,1,1,1,7941,7941,0,0,0,1,0,0,0
84694fac9.jpg,0,0,,0,0,0,0,0,0,0,0,0,0
846a8ccab.jpg,1,1,3,3,5128,0,0,5128,0,0,0,1,0
8478415cf.jpg,1,1,3,3,31150,0,0,31150,0,0,0,1,0
847a45986.jpg,0,0,,0,0,0,0,0,0,0,0,0,0
847b7640a.jpg,1,1,3,3,11219,0,0,11219,0,0,0,1,0
847c643da.jpg,0,0,,0,0,0,0,0,0,0,0,0,0
8480792ef.jpg,0,0,,0,0,0,0,0,0,0,0,0,0
8484468e0.jpg,1,1,3,3,13847,0,0,13847,0,0,0,1,0
84865746c.jpg,1,2,3|4,4,16389,0,0,5932,10457,0,0,1,1
848713301.jpg,1,1,1,1,2339,2339,0,0,0,1,0,0,0
848a1b795.jpg,1,1,3,3,12347,0,0,12347,0,0,0,1,0
848b66095.jpg,1,1,3,3,80924,0,0,80924,0,0,0,1,0
848fefb19.jpg,0,0,,0,0,0,0,0,0,0,0,0,0
8496706ed.jpg,0,0,,0,0,0,0,0,0,0,0,0,0
849d70baf.jpg,1,1,3,3,41785,0,0,41785,0,0,0,1,0
84a30b719.jpg,0,0,,0,0,0,0,0,0,0,0,0,0
84a3347e4.jpg,1,1,3,3,14004,0,0,14004,0,0,0,1,0
84a9ab164.jpg,1,1,3,3,28462,0,0,28462,0,0,0,1,0
84b1b2c23.jpg,0,0,,0,0,0,0,0,0,0,0,0,0
84b6bfc9a.jpg,0,0,,0,0,0,0,0,0,0,0,0,0
84ba31d0a.jpg,1,1,1,1,1029,1029,0,0,0,1,0,0,0
84beeb839.jpg,1,1,3,3,7458,0,0,7458,0,0,0,1,0
84c34d791.jpg,1,2,3|4,4,61221,0,0,30103,31118,0,0,1,1
84cb84903.jpg,0,0,,0,0,0,0,0,0,0,0,0,0
84d0c1ee2.jpg,0,0,,0,0,0,0,0,0,0,0,0,0
84d1278e3.jpg,1,1,3,3,15909,0,0,15909,0,0,0,1,0
84d30fb77.jpg,1,1,3,3,6447,0,0,6447,0,0,0,1,0
84dc30d02.jpg,0,0,,0,0,0,0,0,0,0,0,0,0
84df99a15.jpg,1,1,3,3,5258,0,0,5258,0,0,0,1,0
84e51db1c.jpg,1,2,3|4,4,39117,0,0,10691,28426,0,0,1,1
84eac92fc.jpg,1,1,3,3,10579,0,0,10579,0,0,0,1,0
84edf7afb.jpg,1,1,3,3,18067,0,0,18067,0,0,0,1,0
850058ea8.jpg,1,1,3,3,26184,0,0,26184,0,0,0,1,0
8507771d9.jpg,0,0,,0,0,0,0,0,0,0,0,0,0
85094416b.jpg,0,0,,0,0,0,0,0,0,0,0,0,0
850ce4bc1.jpg,0,0,,0,0,0,0,0,0,0,0,0,0
85107deb3.jpg,1,1,3,3,3836,0,0,3836,0,0,0,1,0
8516fcc92.jpg,1,1,3,3,1267,0,0,1267,0,0,0,1,0
8527d0b55.jpg,1,2,3|4,3,83528,0,0,46742,36786,0,0,1,1
85294cff9.jpg,1,2,1|2,2,1622,633,989,0,0,1,1,0,0
8529860ac.jpg,0,0,,0,0,0,0,0,0,0,0,0,0
85368b144.jpg,0,0,,0,0,0,0,0,0,0,0,0,0
853ad65f0.jpg,1,1,3,3,4764,0,0,4764,0,0,0,1,0
8540353ea.jpg,1,1,3,3,41137,0,0,41137,0,0,0,1,0
8546c7a76.jpg,0,0,,0,0,0,0,0,0,0,0,0,0
854baa70c.jpg,1,1,1,1,2085,2085,0,0,0,1,0,0,0
8561d4265.jpg,0,0,,0,0,0,0,0,0,0,0,0,0
8562a95b4.jpg,1,1,3,3,211299,0,0,211299,0,0,0,1,0
8568c875c.jpg,0,0,,0,0,0,0,0,0,0,0,0,0
856b4f598.jpg,0,0,,0,0,0,0,0,0,0,0,0,0
856f0b6bd.jpg,1,1,3,3,22971,0,0,22971,0,0,0,1,0
857400707.jpg,1,1,3,3,769,0,0,769,0,0,0,1,0
8578375b5.jpg,0,0,,0,0,0,0,0,0,0,0,0,0
857e31e99.jpg,0,0,,0,0,0,0,0,0,0,0,0,0
857f907cc.jpg,1,1,3,3,19474,0,0,19474,0,0,0,1,0
858213368.jpg,1,1,4,4,34845,0,0,0,34845,0,0,0,1
8582309f2.jpg,0,0,,0,0,0,0,0,0,0,0,0,0
858307610.jpg,0,0,,0,0,0,0,0,0,0,0,0,0
8587f29b5.jpg,0,0,,0,0,0,0,0,0,0,0,0,0
85881e82e.jpg,0,0,,0,0,0,0,0,0,0,0,0,0
85a8cf079.jpg,0,0,,0,0,0,0,0,0,0,0,0,0
85adaa491.jpg,1,1,1,1,883,883,0,0,0,1,0,0,0
85b72c878.jpg,1,1,3,3,3967,0,0,3967,0,0,0,1,0
85b8f9d06.jpg,1,1,3,3,10084,0,0,10084,0,0,0,1,0
85be23fbf.jpg,0,0,,0,0,0,0,0,0,0,0,0,0
85c5631bd.jpg,1,1,3,3,6376,0,0,6376,0,0,0,1,0
85c70f4b4.jpg,0,0,,0,0,0,0,0,0,0,0,0,0
85d2a92f3.jpg,0,0,,0,0,0,0,0,0,0,0,0,0
85d958a51.jpg,0,0,,0,0,0,0,0,0,0,0,0,0
85e251638.jpg,0,0,,0,0,0,0,0,0,0,0,0,0
85e44e158.jpg,1,1,3,3,74961,0,0,74961,0,0,0,1,0
85f49a396.jpg,0,0,,0,0,0,0,0,0,0,0,0,0
85f750ca7.jpg,0,0,,0,0,0,0,0,0,0,0,0,0
8600decb6.jpg,1,1,3,3,26391,0,0,26391,0,0,0,1,0
86063fcba.jpg,1,1,1,1,6783,6783,0,0,0,1,0,0,0
860cee6a3.jpg,0,0,,0,0,0,0,0,0,0,0,0,0
8611deb61.jpg,1,1,3,3,15854,0,0,15854,0,0,0,1,0
8612b1c18.jpg,0,0,,0,0,0,0,0,0,0,0,0,0
8616dadc9.jpg,0,0,,0,0,0,0,0,0,0,0,0,0
861a262c8.jpg,1,1,3,3,5305,0,0,5305,0,0,0,1,0
86217c4ba.jpg,1,1,4,4,6991,0,0,0,6991,0,0,0,1
86226216f.jpg,1,1,3,3,3621,0,0,3621,0,0,0,1,0
862bcc9c0.jpg,1,1,1,1,11650,11650,0,0,0,1,0,0,0
863868ed4.jpg,1,1,3,3,3471,0,0,3471,0,0,0,1,0
863b300cb.jpg,1,1,3,3,4933,0,0,4933,0,0,0,1,0
8640d3367.jpg,0,0,,0,0,0,0,0,0,0,0,0,0
8645f73f1.jpg,1,1,3,3,5973,0,0,5973,0,0,0,1,0
8648b2010.jpg,1,1,4,4,11241,0,0,0,11241,0,0,0,1
864e176f3.jpg,0,0,,0,0,0,0,0,0,0,0,0,0
8651a4a06.jpg,1,1,3,3,8270,0,0,8270,0,0,0,1,0
865286d6d.jpg,0,0,,0,0,0,0,0,0,0,0,0,0
865574894.jpg,1,1,3,3,15841,0,0,15841,0,0,0,1,0
865b35014.jpg,1,1,3,3,15483,0,0,15483,0,0,0,1,0
865b83c3f.jpg,1,1,4,4,8418,0,0,0,8418,0,0,0,1
86654180d.jpg,1,1,3,3,13530,0,0,13530,0,0,0,1,0
86752d23a.jpg,1,1,3,3,2125,0,0,2125,0,0,0,1,0
86756300d.jpg,1,1,4,4,93452,0,0,0,93452,0,0,0,1
867572f1e.jpg,1,1,3,3,5682,0,0,5682,0,0,0,1,0
8675dae90.jpg,0,0,,0,0,0,0,0,0,0,0,0,0
8677c19e6.jpg,1,1,3,3,11535,0,0,11535,0,0,0,1,0
867f080f0.jpg,1,1,3,3,11666,0,0,11666,0,0,0,1,0
867f51798.jpg,0,0,,0,0,0,0,0,0,0,0,0,0
8686e77d9.jpg,0,0,,0,0,0,0,0,0,0,0,0,0
868759698.jpg,1,1,3,3,87562,0,0,87562,0,0,0,1,0
868a5c8a7.jpg,0,0,,0,0,0,0,0,0,0,0,0,0
868ec37d5.jpg,0,0,,0,0,0,0,0,0,0,0,0,0
868f38392.jpg,0,0,,0,0,0,0,0,0,0,0,0,0
869055892.jpg,1,1,4,4,7486,0,0,0,7486,0,0,0,1
8690fe018.jpg,0,0,,0,0,0,0,0,0,0,0,0,0
86947490c.jpg,0,0,,0,0,0,0,0,0,0,0,0,0
869a36ad5.jpg,0,0,,0,0,0,0,0,0,0,0,0,0
86a54a0e9.jpg,1,1,3,3,48952,0,0,48952,0,0,0,1,0
86a9a4ab0.jpg,1,1,3,3,8411,0,0,8411,0,0,0,1,0
86aae8998.jpg,1,1,1,1,2868,2868,0,0,0,1,0,0,0
86abf2aef.jpg,1,1,3,3,4612,0,0,4612,0,0,0,1,0
86b32c0d5.jpg,0,0,,0,0,0,0,0,0,0,0,0,0
86b7dbfe8.jpg,1,1,3,3,2726,0,0,2726,0,0,0,1,0
86c678c32.jpg,1,1,3,3,16522,0,0,16522,0,0,0,1,0
86cbb2d1f.jpg,1,1,1,1,9892,9892,0,0,0,1,0,0,0
86d2497e3.jpg,0,0,,0,0,0,0,0,0,0,0,0,0
86d953299.jpg,1,1,3,3,15154,0,0,15154,0,0,0,1,0
86da37a47.jpg,0,0,,0,0,0,0,0,0,0,0,0,0
86ded721f.jpg,1,2,3|4,4,85249,0,0,32372,52877,0,0,1,1
86e195ec0.jpg,0,0,,0,0,0,0,0,0,0,0,0,0
86e80375f.jpg,1,1,1,1,3666,3666,0,0,0,1,0,0,0
86e81413a.jpg,1,1,3,3,16343,0,0,16343,0,0,0,1,0
86eddd938.jpg,1,1,3,3,32031,0,0,32031,0,0,0,1,0
86f4141ce.jpg,1,1,3,3,50442,0,0,50442,0,0,0,1,0
86f6cc389.jpg,0,0,,0,0,0,0,0,0,0,0,0,0
86f7029ee.jpg,0,0,,0,0,0,0,0,0,0,0,0,0
86f7a8b1d.jpg,0,0,,0,0,0,0,0,0,0,0,0,0
86ffabc49.jpg,1,1,4,4,1942,0,0,0,1942,0,0,0,1
8709ea899.jpg,1,1,3,3,19731,0,0,19731,0,0,0,1,0
870a78d8b.jpg,0,0,,0,0,0,0,0,0,0,0,0,0
870de47b5.jpg,0,0,,0,0,0,0,0,0,0,0,0,0
87106dfdb.jpg,1,1,3,3,1712,0,0,1712,0,0,0,1,0
8718d384c.jpg,0,0,,0,0,0,0,0,0,0,0,0,0
871f864ef.jpg,0,0,,0,0,0,0,0,0,0,0,0,0
8726206f5.jpg,1,1,3,3,7611,0,0,7611,0,0,0,1,0
8726568e0.jpg,0,0,,0,0,0,0,0,0,0,0,0,0
872b09085.jpg,1,1,3,3,2932,0,0,2932,0,0,0,1,0
873e04ca8.jpg,1,1,3,3,10104,0,0,10104,0,0,0,1,0
873fbc272.jpg,1,1,1,1,7165,7165,0,0,0,1,0,0,0
875612422.jpg,1,1,3,3,29253,0,0,29253,0,0,0,1,0
8756de2ce.jpg,0,0,,0,0,0,0,0,0,0,0,0,0
875bf7f2e.jpg,0,0,,0,0,0,0,0,0,0,0,0,0
875d01c22.jpg,1,1,3,3,32404,0,0,32404,0,0,0,1,0
875dd2561.jpg,1,1,3,3,157397,0,0,157397,0,0,0,1,0
8766919e9.jpg,0,0,,0,0,0,0,0,0,0,0,0,0
876e74fd6.jpg,0,0,,0,0,0,0,0,0,0,0,0,0
87754d760.jpg,1,2,3|4,4,22521,0,0,10535,11986,0,0,1,1
87789797a.jpg,0,0,,0,0,0,0,0,0,0,0,0,0
877d319fd.jpg,0,0,,0,0,0,0,0,0,0,0,0,0
878154db9.jpg,0,0,,0,0,0,0,0,0,0,0,0,0
878824b35.jpg,1,1,3,3,4307,0,0,4307,0,0,0,1,0
8791b66e3.jpg,0,0,,0,0,0,0,0,0,0,0,0,0
879427020.jpg,0,0,,0,0,0,0,0,0,0,0,0,0
879ac99d0.jpg,0,0,,0,0,0,0,0,0,0,0,0,0
879faadd1.jpg,0,0,,0,0,0,0,0,0,0,0,0,0
87a14e62f.jpg,0,0,,0,0,0,0,0,0,0,0,0,0
87a285597.jpg,0,0,,0,0,0,0,0,0,0,0,0,0
87a5ac2f8.jpg,1,1,1,1,4258,4258,0,0,0,1,0,0,0
87a76ce56.jpg,0,0,,0,0,0,0,0,0,0,0,0,0
87ae117e9.jpg,1,1,3,3,3051,0,0,3051,0,0,0,1,0
87aef6fe4.jpg,0,0,,0,0,0,0,0,0,0,0,0,0
87b5d669b.jpg,0,0,,0,0,0,0,0,0,0,0,0,0
87b82c9cb.jpg,0,0,,0,0,0,0,0,0,0,0,0,0
87b9b1d3d.jpg,0,0,,0,0,0,0,0,0,0,0,0,0
87bf31f93.jpg,0,0,,0,0,0,0,0,0,0,0,0,0
87c733c21.jpg,1,1,1,1,4721,4721,0,0,0,1,0,0,0
87db744d8.jpg,0,0,,0,0,0,0,0,0,0,0,0,0
87dc00bd0.jpg,0,0,,0,0,0,0,0,0,0,0,0,0
87e057954.jpg,1,1,3,3,43677,0,0,43677,0,0,0,1,0
87e27ae0a.jpg,1,1,3,3,3148,0,0,3148,0,0,0,1,0
87e6e09c4.jpg,0,0,,0,0,0,0,0,0,0,0,0,0
87e990d66.jpg,1,1,3,3,4458,0,0,4458,0,0,0,1,0
87ebb9d4f.jpg,1,1,3,3,32851,0,0,32851,0,0,0,1,0
87edd91dc.jpg,1,1,3,3,7666,0,0,7666,0,0,0,1,0
87f0ecf9f.jpg,0,0,,0,0,0,0,0,0,0,0,0,0
87f167395.jpg,0,0,,0,0,0,0,0,0,0,0,0,0
87f2a67af.jpg,1,1,3,3,21107,0,0,21107,0,0,0,1,0
87f6e3eeb.jpg,1,1,1,1,8694,8694,0,0,0,1,0,0,0
87f74731f.jpg,1,1,3,3,30783,0,0,30783,0,0,0,1,0
87ffa6b72.jpg,0,0,,0,0,0,0,0,0,0,0,0,0
880f0b8cc.jpg,1,1,3,3,68753,0,0,68753,0,0,0,1,0
88178518d.jpg,0,0,,0,0,0,0,0,0,0,0,0,0
881fb9f64.jpg,0,0,,0,0,0,0,0,0,0,0,0,0
8821b2e2c.jpg,1,1,3,3,8127,0,0,8127,0,0,0,1,0
88254037e.jpg,0,0,,0,0,0,0,0,0,0,0,0,0
8827d2bd3.jpg,1,1,3,3,256073,0,0,256073,0,0,0,1,0
882e71082.jpg,0,0,,0,0,0,0,0,0,0,0,0,0
88365b4b0.jpg,1,1,3,3,23483,0,0,23483,0,0,0,1,0
8838f2e8d.jpg,0,0,,0,0,0,0,0,0,0,0,0,0
883ce8f4f.jpg,0,0,,0,0,0,0,0,0,0,0,0,0
8840bb118.jpg,0,0,,0,0,0,0,0,0,0,0,0,0
8847458a0.jpg,1,1,3,3,23686,0,0,23686,0,0,0,1,0
8848794d4.jpg,0,0,,0,0,0,0,0,0,0,0,0,0
884bf0558.jpg,0,0,,0,0,0,0,0,0,0,0,0,0
8856f6411.jpg,0,0,,0,0,0,0,0,0,0,0,0,0
885ca98f3.jpg,0,0,,0,0,0,0,0,0,0,0,0,0
885e9371e.jpg,0,0,,0,0,0,0,0,0,0,0,0,0
88646d398.jpg,1,1,3,3,1561,0,0,1561,0,0,0,1,0
8866a93f6.jpg,1,1,4,4,97375,0,0,0,97375,0,0,0,1
88683b031.jpg,0,0,,0,0,0,0,0,0,0,0,0,0
886eebf8c.jpg,1,1,3,3,9348,0,0,9348,0,0,0,1,0
8872fe6db.jpg,1,1,3,3,59144,0,0,59144,0,0,0,1,0
887e72cb4.jpg,1,1,3,3,3987,0,0,3987,0,0,0,1,0
888263bf8.jpg,0,0,,0,0,0,0,0,0,0,0,0,0
8886a8a54.jpg,1,1,3,3,19884,0,0,19884,0,0,0,1,0
888e8c4b4.jpg,0,0,,0,0,0,0,0,0,0,0,0,0
889454305.jpg,1,1,3,3,22704,0,0,22704,0,0,0,1,0
88957ccdd.jpg,0,0,,0,0,0,0,0,0,0,0,0,0
8898932bd.jpg,1,2,3|4,4,15190,0,0,2070,13120,0,0,1,1
889c66e18.jpg,1,1,4,4,65198,0,0,0,65198,0,0,0,1
88ab9068d.jpg,0,0,,0,0,0,0,0,0,0,0,0,0
88af2f89b.jpg,0,0,,0,0,0,0,0,0,0,0,0,0
88b4105df.jpg,0,0,,0,0,0,0,0,0,0,0,0,0
88b8b20dd.jpg,0,0,,0,0,0,0,0,0,0,0,0,0
88d3a711a.jpg,0,0,,0,0,0,0,0,0,0,0,0,0
88d46c359.jpg,0,0,,0,0,0,0,0,0,0,0,0,0
88d4948ed.jpg,0,0,,0,0,0,0,0,0,0,0,0,0
88df5f0d8.jpg,1,1,3,3,6451,0,0,6451,0,0,0,1,0
88dfc4f14.jpg,0,0,,0,0,0,0,0,0,0,0,0,0
88e1122cb.jpg,1,1,1,1,6693,6693,0,0,0,1,0,0,0
88e6e44c1.jpg,0,0,,0,0,0,0,0,0,0,0,0,0
88f00028d.jpg,1,1,3,3,3938,0,0,3938,0,0,0,1,0
890787f71.jpg,0,0,,0,0,0,0,0,0,0,0,0,0
89087f994.jpg,1,1,1,1,725,725,0,0,0,1,0,0,0
89158744a.jpg,1,2,3|4,4,64053,0,0,20877,43176,0,0,1,1
891837278.jpg,1,1,3,3,42530,0,0,42530,0,0,0,1,0
892321605.jpg,1,1,3,3,2152,0,0,2152,0,0,0,1,0
892582cf9.jpg,1,1,1,1,8092,8092,0,0,0,1,0,0,0
89332ba01.jpg,1,1,3,3,50493,0,0,50493,0,0,0,1,0
8934fde20.jpg,0,0,,0,0,0,0,0,0,0,0,0,0
8938b12eb.jpg,0,0,,0,0,0,0,0,0,0,0,0,0
89472ccc3.jpg,0,0,,0,0,0,0,0,0,0,0,0,0
8954af5c0.jpg,0,0,,0,0,0,0,0,0,0,0,0,0
8957f8d0e.jpg,1,1,3,3,1415,0,0,1415,0,0,0,1,0
895c92dd5.jpg,1,1,3,3,15330,0,0,15330,0,0,0,1,0
89680e0f4.jpg,0,0,,0,0,0,0,0,0,0,0,0,0
896d1ac05.jpg,1,1,1,1,1590,1590,0,0,0,1,0,0,0
896f524b3.jpg,1,1,3,3,14548,0,0,14548,0,0,0,1,0
896f852dd.jpg,1,1,3,3,73230,0,0,73230,0,0,0,1,0
89737dc96.jpg,1,1,3,3,47835,0,0,47835,0,0,0,1,0
8976f1c8b.jpg,0,0,,0,0,0,0,0,0,0,0,0,0
8981bc1ff.jpg,0,0,,0,0,0,0,0,0,0,0,0,0
8981c24c8.jpg,1,1,3,3,1272,0,0,1272,0,0,0,1,0
8984056a5.jpg,0,0,,0,0,0,0,0,0,0,0,0,0
8991e4a44.jpg,1,1,3,3,4992,0,0,4992,0,0,0,1,0
89a27ad96.jpg,0,0,,0,0,0,0,0,0,0,0,0,0
89a7db911.jpg,0,0,,0,0,0,0,0,0,0,0,0,0
89b4f62f1.jpg,1,1,3,3,5884,0,0,5884,0,0,0,1,0
89c18c6b6.jpg,0,0,,0,0,0,0,0,0,0,0,0,0
89c28225d.jpg,0,0,,0,0,0,0,0,0,0,0,0,0
89c7d289e.jpg,0,0,,0,0,0,0,0,0,0,0,0,0
89cc0aae0.jpg,0,0,,0,0,0,0,0,0,0,0,0,0
89cc999f4.jpg,0,0,,0,0,0,0,0,0,0,0,0,0
89ce91437.jpg,0,0,,0,0,0,0,0,0,0,0,0,0
89d73890d.jpg,1,1,3,3,2145,0,0,2145,0,0,0,1,0
89dcbb574.jpg,1,1,3,3,7748,0,0,7748,0,0,0,1,0
89eec1aae.jpg,1,1,3,3,69735,0,0,69735,0,0,0,1,0
89ef83ab7.jpg,1,2,3|4,4,27329,0,0,9141,18188,0,0,1,1
89f119c0a.jpg,1,1,1,1,4885,4885,0,0,0,1,0,0,0
89f3cc3f1.jpg,1,1,3,3,170834,0,0,170834,0,0,0,1,0
8a06952d6.jpg,0,0,,0,0,0,0,0,0,0,0,0,0
8a09333c4.jpg,1,1,3,3,2103,0,0,2103,0,0,0,1,0
8a09e8354.jpg,0,0,,0,0,0,0,0,0,0,0,0,0
8a17572d8.jpg,1,1,3,3,87887,0,0,87887,0,0,0,1,0
8a28acf4e.jpg,0,0,,0,0,0,0,0,0,0,0,0,0
8a2a8a476.jpg,1,1,3,3,3246,0,0,3246,0,0,0,1,0
8a35c59f9.jpg,1,1,1,1,12787,12787,0,0,0,1,0,0,0
8a375b486.jpg,1,1,3,3,247303,0,0,247303,0,0,0,1,0
8a3adca3c.jpg,0,0,,0,0,0,0,0,0,0,0,0,0
8a3c1e50c.jpg,1,1,4,4,21938,0,0,0,21938,0,0,0,1
8a3cb76e2.jpg,0,0,,0,0,0,0,0,0,0,0,0,0
8a3ce8312.jpg,1,1,1,1,7382,7382,0,0,0,1,0,0,0
8a3de2473.jpg,1,1,3,3,32045,0,0,32045,0,0,0,1,0
8a485f766.jpg,1,1,3,3,8460,0,0,8460,0,0,0,1,0
8a49034a3.jpg,0,0,,0,0,0,0,0,0,0,0,0,0
8a58a494a.jpg,0,0,,0,0,0,0,0,0,0,0,0,0
8a642f9d3.jpg,1,2,1|3,3,21276,9000,0,12276,0,1,0,1,0
8a66a89ef.jpg,0,0,,0,0,0,0,0,0,0,0,0,0
8a68175fc.jpg,0,0,,0,0,0,0,0,0,0,0,0,0
8a7121b61.jpg,1,1,3,3,20115,0,0,20115,0,0,0,1,0
8a75d73d9.jpg,1,1,3,3,11741,0,0,11741,0,0,0,1,0
8a7eddd78.jpg,1,1,3,3,3526,0,0,3526,0,0,0,1,0
8a7f75f86.jpg,1,1,3,3,19475,0,0,19475,0,0,0,1,0
8a87b9578.jpg,1,1,1,1,8735,8735,0,0,0,1,0,0,0
8a87c8067.jpg,1,1,3,3,8076,0,0,8076,0,0,0,1,0
8a886614f.jpg,0,0,,0,0,0,0,0,0,0,0,0,0
8a88f573c.jpg,1,1,3,3,17995,0,0,17995,0,0,0,1,0
8a90952b4.jpg,1,1,3,3,40430,0,0,40430,0,0,0,1,0
8a993359d.jpg,1,1,3,3,2636,0,0,2636,0,0,0,1,0
8aa3af3da.jpg,1,1,3,3,51040,0,0,51040,0,0,0,1,0
8aa4712df.jpg,0,0,,0,0,0,0,0,0,0,0,0,0
8aaaf636b.jpg,0,0,,0,0,0,0,0,0,0,0,0,0
8aacab1a1.jpg,1,1,3,3,44611,0,0,44611,0,0,0,1,0
8aaebf6ec.jpg,1,1,3,3,1202,0,0,1202,0,0,0,1,0
8aaf23412.jpg,1,1,3,3,16717,0,0,16717,0,0,0,1,0
8aaf235ef.jpg,1,1,4,4,17836,0,0,0,17836,0,0,0,1
8ab0bf58c.jpg,0,0,,0,0,0,0,0,0,0,0,0,0
8ab72fe26.jpg,1,1,3,3,31616,0,0,31616,0,0,0,1,0
8ab80ae38.jpg,0,0,,0,0,0,0,0,0,0,0,0,0
8ab887d08.jpg,0,0,,0,0,0,0,0,0,0,0,0,0
8abd1fbf5.jpg,1,1,3,3,2017,0,0,2017,0,0,0,1,0
8abee6870.jpg,0,0,,0,0,0,0,0,0,0,0,0,0
8ac4ba80d.jpg,1,1,4,4,59247,0,0,0,59247,0,0,0,1
8ac717af9.jpg,1,1,3,3,1142,0,0,1142,0,0,0,1,0
8acb40548.jpg,0,0,,0,0,0,0,0,0,0,0,0,0
8acdec0d2.jpg,0,0,,0,0,0,0,0,0,0,0,0,0
8ad6069fe.jpg,1,1,3,3,5002,0,0,5002,0,0,0,1,0
8ad6b411a.jpg,0,0,,0,0,0,0,0,0,0,0,0,0
8ade0ca6d.jpg,0,0,,0,0,0,0,0,0,0,0,0,0
8adfbc19f.jpg,0,0,,0,0,0,0,0,0,0,0,0,0
8ae110bc5.jpg,1,1,3,3,9063,0,0,9063,0,0,0,1,0
8ae3d3ad2.jpg,1,2,3|4,4,22015,0,0,1054,20961,0,0,1,1
8ae5a614a.jpg,0,0,,0,0,0,0,0,0,0,0,0,0
8aefde0ce.jpg,0,0,,0,0,0,0,0,0,0,0,0,0
8af6db1f9.jpg,0,0,,0,0,0,0,0,0,0,0,0,0
8afa2aa27.jpg,1,1,3,3,19263,0,0,19263,0,0,0,1,0
8afa9dfaf.jpg,0,0,,0,0,0,0,0,0,0,0,0,0
8afe5eb8e.jpg,0,0,,0,0,0,0,0,0,0,0,0,0
8b0496df3.jpg,0,0,,0,0,0,0,0,0,0,0,0,0
8b0831055.jpg,0,0,,0,0,0,0,0,0,0,0,0,0
8b0964301.jpg,1,1,3,3,3259,0,0,3259,0,0,0,1,0
8b0b1eb8e.jpg,0,0,,0,0,0,0,0,0,0,0,0,0
8b119716b.jpg,0,0,,0,0,0,0,0,0,0,0,0,0
8b1fd00ed.jpg,0,0,,0,0,0,0,0,0,0,0,0,0
8b299d9aa.jpg,0,0,,0,0,0,0,0,0,0,0,0,0
8b31c67c8.jpg,1,1,3,3,27100,0,0,27100,0,0,0,1,0
8b4657500.jpg,1,1,3,3,2732,0,0,2732,0,0,0,1,0
8b4863f6a.jpg,0,0,,0,0,0,0,0,0,0,0,0,0
8b495e389.jpg,1,1,3,3,21042,0,0,21042,0,0,0,1,0
8b4a58055.jpg,0,0,,0,0,0,0,0,0,0,0,0,0
8b4af5900.jpg,1,1,3,3,12329,0,0,12329,0,0,0,1,0
8b4b4d618.jpg,1,1,3,3,5076,0,0,5076,0,0,0,1,0
8b4bb1228.jpg,1,1,4,4,112043,0,0,0,112043,0,0,0,1
8b4c9a3d0.jpg,0,0,,0,0,0,0,0,0,0,0,0,0
8b4e90080.jpg,1,1,3,3,60395,0,0,60395,0,0,0,1,0
8b502495c.jpg,0,0,,0,0,0,0,0,0,0,0,0,0
8b591e353.jpg,0,0,,0,0,0,0,0,0,0,0,0,0
8b6372c98.jpg,0,0,,0,0,0,0,0,0,0,0,0,0
8b6c404ac.jpg,1,1,2,2,5673,0,5673,0,0,0,1,0,0
8b6cfcf35.jpg,1,1,3,3,13947,0,0,13947,0,0,0,1,0
8b87f24ec.jpg,0,0,,0,0,0,0,0,0,0,0,0,0
8b9050902.jpg,0,0,,0,0,0,0,0,0,0,0,0,0
8b9649f99.jpg,0,0,,0,0,0,0,0,0,0,0,0,0
8b9681587.jpg,1,1,3,3,7772,0,0,7772,0,0,0,1,0
8b9c035ec.jpg,1,1,2,2,2816,0,2816,0,0,0,1,0,0
8b9fdd8b6.jpg,0,0,,0,0,0,0,0,0,0,0,0,0
8ba67e197.jpg,0,0,,0,0,0,0,0,0,0,0,0,0
8bab4626b.jpg,1,1,3,3,20561,0,0,20561,0,0,0,1,0
8baffdc70.jpg,1,1,3,3,5027,0,0,5027,0,0,0,1,0
8bb1de14e.jpg,0,0,,0,0,0,0,0,0,0,0,0,0
8bb208f36.jpg,1,1,1,1,8543,8543,0,0,0,1,0,0,0
8bb5ada5c.jpg,1,1,1,1,2566,2566,0,0,0,1,0,0,0
8bb64b5b3.jpg,1,1,3,3,13893,0,0,13893,0,0,0,1,0
8bb714882.jpg,0,0,,0,0,0,0,0,0,0,0,0,0
8bba1760b.jpg,0,0,,0,0,0,0,0,0,0,0,0,0
8bc5aeca3.jpg,1,2,3|4,4,15163,0,0,3893,11270,0,0,1,1
8bcb8ebc4.jpg,0,0,,0,0,0,0,0,0,0,0,0,0
8bcf692a1.jpg,0,0,,0,0,0,0,0,0,0,0,0,0
8bd35f020.jpg,1,1,3,3,1909,0,0,1909,0,0,0,1,0
8bdd32ed8.jpg,0,0,,0,0,0,0,0,0,0,0,0,0
8bdf6cee5.jpg,1,1,3,3,3181,0,0,3181,0,0,0,1,0
8be1d2178.jpg,1,1,3,3,21291,0,0,21291,0,0,0,1,0
8be674249.jpg,0,0,,0,0,0,0,0,0,0,0,0,0
8becd4279.jpg,0,0,,0,0,0,0,0,0,0,0,0,0
8beef62a7.jpg,1,1,3,3,8048,0,0,8048,0,0,0,1,0
8bf2250f0.jpg,0,0,,0,0,0,0,0,0,0,0,0,0
8bf6656ef.jpg,0,0,,0,0,0,0,0,0,0,0,0,0
8bf89777a.jpg,0,0,,0,0,0,0,0,0,0,0,0,0
8bf8b9c33.jpg,0,0,,0,0,0,0,0,0,0,0,0,0
8bf955276.jpg,0,0,,0,0,0,0,0,0,0,0,0,0
8bfc35309.jpg,0,0,,0,0,0,0,0,0,0,0,0,0
8c0e1c58d.jpg,0,0,,0,0,0,0,0,0,0,0,0,0
8c1825273.jpg,0,0,,0,0,0,0,0,0,0,0,0,0
8c1fe4329.jpg,1,1,1,1,2574,2574,0,0,0,1,0,0,0
8c26ebe1f.jpg,0,0,,0,0,0,0,0,0,0,0,0,0
8c2a5c8f7.jpg,1,1,3,3,5370,0,0,5370,0,0,0,1,0
8c2be5c87.jpg,1,1,3,3,17013,0,0,17013,0,0,0,1,0
8c312c656.jpg,0,0,,0,0,0,0,0,0,0,0,0,0
8c3539cdd.jpg,1,1,1,1,12772,12772,0,0,0,1,0,0,0
8c45db9c2.jpg,0,0,,0,0,0,0,0,0,0,0,0,0
8c504c51c.jpg,1,1,3,3,8353,0,0,8353,0,0,0,1,0
8c6138a1d.jpg,0,0,,0,0,0,0,0,0,0,0,0,0
8c64a3681.jpg,1,1,3,3,31324,0,0,31324,0,0,0,1,0
8c65e7d1a.jpg,0,0,,0,0,0,0,0,0,0,0,0,0
8c6c0ef90.jpg,0,0,,0,0,0,0,0,0,0,0,0,0
8c732ade1.jpg,1,1,3,3,23828,0,0,23828,0,0,0,1,0
8c75dcd4a.jpg,1,1,1,1,1154,1154,0,0,0,1,0,0,0
8c7e2be20.jpg,0,0,,0,0,0,0,0,0,0,0,0,0
8c7f9bc51.jpg,0,0,,0,0,0,0,0,0,0,0,0,0
8c80c8059.jpg,0,0,,0,0,0,0,0,0,0,0,0,0
8c81bbce4.jpg,1,1,3,3,5410,0,0,5410,0,0,0,1,0
8c85e9faa.jpg,1,1,3,3,21244,0,0,21244,0,0,0,1,0
8c8914931.jpg,1,1,3,3,32312,0,0,32312,0,0,0,1,0
8c8e79fa0.jpg,1,1,1,1,2897,2897,0,0,0,1,0,0,0
8c9286f4e.jpg,1,2,3|4,4,51787,0,0,8220,43567,0,0,1,1
8ca764a09.jpg,0,0,,0,0,0,0,0,0,0,0,0,0
8cb91efdd.jpg,1,1,3,3,12967,0,0,12967,0,0,0,1,0
8cb9d43f0.jpg,1,1,4,4,7551,0,0,0,7551,0,0,0,1
8cc1c837b.jpg,1,1,3,3,17383,0,0,17383,0,0,0,1,0
8cc65d1f7.jpg,1,1,2,2,2045,0,2045,0,0,0,1,0,0
8ccb9bbc9.jpg,1,1,1,1,4128,4128,0,0,0,1,0,0,0
8ccbb95e1.jpg,0,0,,0,0,0,0,0,0,0,0,0,0
8ccc33783.jpg,0,0,,0,0,0,0,0,0,0,0,0,0
8cceaf17c.jpg,0,0,,0,0,0,0,0,0,0,0,0,0
8cd4a4a89.jpg,0,0,,0,0,0,0,0,0,0,0,0,0
8cd6472c3.jpg,1,1,3,3,5946,0,0,5946,0,0,0,1,0
8cd9ca854.jpg,1,1,1,1,3255,3255,0,0,0,1,0,0,0
8ce8ed455.jpg,1,1,3,3,1822,0,0,1822,0,0,0,1,0
8ce96e6e8.jpg,0,0,,0,0,0,0,0,0,0,0,0,0
8ceba5ea5.jpg,1,1,3,3,26110,0,0,26110,0,0,0,1,0
8cec737ef.jpg,0,0,,0,0,0,0,0,0,0,0,0,0
8cf99bbea.jpg,0,0,,0,0,0,0,0,0,0,0,0,0
8cfdc1069.jpg,1,1,3,3,4304,0,0,4304,0,0,0,1,0
8d02760e9.jpg,0,0,,0,0,0,0,0,0,0,0,0,0
8d0addbbc.jpg,1,1,3,3,13903,0,0,13903,0,0,0,1,0
8d0ec9630.jpg,1,1,4,4,40337,0,0,0,40337,0,0,0,1
8d1cd3b88.jpg,1,1,1,1,21319,21319,0,0,0,1,0,0,0
8d23e30d7.jpg,1,1,3,3,189259,0,0,189259,0,0,0,1,0
8d25eb2c7.jpg,1,1,3,3,4626,0,0,4626,0,0,0,1,0
8d26ca58c.jpg,1,1,3,3,13173,0,0,13173,0,0,0,1,0
8d2e8b456.jpg,1,2,3|4,4,21708,0,0,3249,18459,0,0,1,1
8d36899b1.jpg,1,1,3,3,25747,0,0,25747,0,0,0,1,0
8d3f582fb.jpg,0,0,,0,0,0,0,0,0,0,0,0,0
8d4206f2a.jpg,1,1,3,3,1564,0,0,1564,0,0,0,1,0
8d4d94e38.jpg,0,0,,0,0,0,0,0,0,0,0,0,0
8d4e680c6.jpg,1,1,3,3,2596,0,0,2596,0,0,0,1,0
8d52d3c30.jpg,1,1,3,3,26406,0,0,26406,0,0,0,1,0
8d5ca7f3a.jpg,0,0,,0,0,0,0,0,0,0,0,0,0
8d5dde91c.jpg,1,1,1,1,2056,2056,0,0,0,1,0,0,0
8d5f90317.jpg,1,1,3,3,15283,0,0,15283,0,0,0,1,0
8d5fd264c.jpg,1,1,3,3,4609,0,0,4609,0,0,0,1,0
8d67593de.jpg,1,1,3,3,4807,0,0,4807,0,0,0,1,0
8d6802553.jpg,0,0,,0,0,0,0,0,0,0,0,0,0
8d74ea350.jpg,1,1,3,3,43284,0,0,43284,0,0,0,1,0
8d7f2d82b.jpg,0,0,,0,0,0,0,0,0,0,0,0,0
8d800b61c.jpg,0,0,,0,0,0,0,0,0,0,0,0,0
8d83b39c0.jpg,1,1,3,3,5789,0,0,5789,0,0,0,1,0
8d84eea51.jpg,1,1,3,3,3042,0,0,3042,0,0,0,1,0
8d86c3edb.jpg,0,0,,0,0,0,0,0,0,0,0,0,0
8d8785ce2.jpg,0,0,,0,0,0,0,0,0,0,0,0,0
8d909a69d.jpg,1,1,3,3,40186,0,0,40186,0,0,0,1,0
8d938b3e7.jpg,1,1,3,3,20602,0,0,20602,0,0,0,1,0
8d96c4c5c.jpg,0,0,,0,0,0,0,0,0,0,0,0,0
8d9727c50.jpg,0,0,,0,0,0,0,0,0,0,0,0,0
8d9b43515.jpg,1,1,4,4,9927,0,0,0,9927,0,0,0,1
8d9b704ff.jpg,1,1,3,3,135599,0,0,135599,0,0,0,1,0
8d9ec6e09.jpg,0,0,,0,0,0,0,0,0,0,0,0,0
8da886dcf.jpg,1,1,1,1,4516,4516,0,0,0,1,0,0,0
8dbca8b82.jpg,1,1,3,3,36223,0,0,36223,0,0,0,1,0
8dbe6a9d8.jpg,1,1,3,3,5306,0,0,5306,0,0,0,1,0
8dc0f0966.jpg,1,1,3,3,47615,0,0,47615,0,0,0,1,0
8dca0f3f7.jpg,0,0,,0,0,0,0,0,0,0,0,0,0
8dce4f71f.jpg,1,1,3,3,10911,0,0,10911,0,0,0,1,0
8dd5b0f4d.jpg,0,0,,0,0,0,0,0,0,0,0,0,0
8ddf889d8.jpg,1,1,3,3,694,0,0,694,0,0,0,1,0
8de366fb3.jpg,1,1,3,3,8708,0,0,8708,0,0,0,1,0
8de7a3873.jpg,1,1,4,4,12477,0,0,0,12477,0,0,0,1
8dead438d.jpg,0,0,,0,0,0,0,0,0,0,0,0,0
8df12e874.jpg,1,1,3,3,5166,0,0,5166,0,0,0,1,0
8df207326.jpg,1,1,3,3,2221,0,0,2221,0,0,0,1,0
8dfcc174b.jpg,1,1,3,3,2095,0,0,2095,0,0,0,1,0
8dfe396ef.jpg,1,1,3,3,4162,0,0,4162,0,0,0,1,0
8e01fb963.jpg,1,1,3,3,92819,0,0,92819,0,0,0,1,0
8e0334d54.jpg,0,0,,0,0,0,0,0,0,0,0,0,0
8e08d9cd6.jpg,1,1,1,1,5778,5778,0,0,0,1,0,0,0
8e11e6dff.jpg,1,1,3,3,118529,0,0,118529,0,0,0,1,0
8e1fb6f5a.jpg,1,1,3,3,49038,0,0,49038,0,0,0,1,0
8e25d0757.jpg,1,1,3,3,15788,0,0,15788,0,0,0,1,0
8e2d247c4.jpg,1,1,3,3,13301,0,0,13301,0,0,0,1,0
8e30601c8.jpg,0,0,,0,0,0,0,0,0,0,0,0,0
8e340f137.jpg,1,1,1,1,832,832,0,0,0,1,0,0,0
8e36f751c.jpg,0,0,,0,0,0,0,0,0,0,0,0,0
8e431ebe0.jpg,1,1,3,3,7222,0,0,7222,0,0,0,1,0
8e49af649.jpg,1,1,3,3,19090,0,0,19090,0,0,0,1,0
8e50a63bb.jpg,0,0,,0,0,0,0,0,0,0,0,0,0
8e53eee1d.jpg,1,1,1,1,2616,2616,0,0,0,1,0,0,0
8e56a6400.jpg,0,0,,0,0,0,0,0,0,0,0,0,0
8e5a5ca0f.jpg,1,1,3,3,13182,0,0,13182,0,0,0,1,0
8e5f4851e.jpg,1,1,3,3,23425,0,0,23425,0,0,0,1,0
8e6d94a54.jpg,0,0,,0,0,0,0,0,0,0,0,0,0
8e6f1eb4f.jpg,1,1,3,3,7329,0,0,7329,0,0,0,1,0
8e7477968.jpg,1,1,3,3,35266,0,0,35266,0,0,0,1,0
8e75db0a0.jpg,0,0,,0,0,0,0,0,0,0,0,0,0
8e761fd28.jpg,0,0,,0,0,0,0,0,0,0,0,0,0
8e7672872.jpg,0,0,,0,0,0,0,0,0,0,0,0,0
8e8404fe0.jpg,1,1,3,3,132281,0,0,132281,0,0,0,1,0
8e85eb81f.jpg,1,1,4,4,1514,0,0,0,1514,0,0,0,1
8e8a018f0.jpg,0,0,,0,0,0,0,0,0,0,0,0,0
8e9103c91.jpg,1,1,3,3,9751,0,0,9751,0,0,0,1,0
8e91750fb.jpg,0,0,,0,0,0,0,0,0,0,0,0,0
8e933231b.jpg,1,1,1,1,1985,1985,0,0,0,1,0,0,0
8ea10e67e.jpg,1,2,3|4,4,76842,0,0,19158,57684,0,0,1,1
8eb1062a2.jpg,0,0,,0,0,0,0,0,0,0,0,0,0
8eb422b05.jpg,1,1,1,1,2828,2828,0,0,0,1,0,0,0
8eb427a2d.jpg,1,1,3,3,49056,0,0,49056,0,0,0,1,0
8eb8f9b28.jpg,0,0,,0,0,0,0,0,0,0,0,0,0
8ebc9cadc.jpg,1,1,3,3,14975,0,0,14975,0,0,0,1,0
8ebd4074a.jpg,1,1,3,3,1948,0,0,1948,0,0,0,1,0
8ec0d428d.jpg,1,1,3,3,4744,0,0,4744,0,0,0,1,0
8ec1b9582.jpg,0,0,,0,0,0,0,0,0,0,0,0,0
8ec6ccc3c.jpg,1,1,3,3,2891,0,0,2891,0,0,0,1,0
8ece18d8a.jpg,0,0,,0,0,0,0,0,0,0,0,0,0
8ed26ee46.jpg,0,0,,0,0,0,0,0,0,0,0,0,0
8ed31effd.jpg,1,1,1,1,5502,5502,0,0,0,1,0,0,0
8ed3c433b.jpg,1,1,3,3,17780,0,0,17780,0,0,0,1,0
8ed6b8054.jpg,1,1,2,2,2471,0,2471,0,0,0,1,0,0
8ed87432c.jpg,1,1,3,3,23230,0,0,23230,0,0,0,1,0
8edd818de.jpg,1,1,3,3,15946,0,0,15946,0,0,0,1,0
8eddcadff.jpg,1,2,3|4,4,71159,0,0,24087,47072,0,0,1,1
8edf2ed7d.jpg,0,0,,0,0,0,0,0,0,0,0,0,0
8ee3a6508.jpg,0,0,,0,0,0,0,0,0,0,0,0,0
8ee659e65.jpg,1,1,4,4,80834,0,0,0,80834,0,0,0,1
8ee7a7a6a.jpg,1,1,3,3,9216,0,0,9216,0,0,0,1,0
8eec15551.jpg,0,0,,0,0,0,0,0,0,0,0,0,0
8ef5515f7.jpg,0,0,,0,0,0,0,0,0,0,0,0,0
8ef6dc341.jpg,1,1,3,3,26826,0,0,26826,0,0,0,1,0
8f050a70e.jpg,0,0,,0,0,0,0,0,0,0,0,0,0
8f0795458.jpg,1,1,3,3,89991,0,0,89991,0,0,0,1,0
8f080792b.jpg,0,0,,0,0,0,0,0,0,0,0,0,0
8f0a7e8af.jpg,1,2,1|3,1,9803,5469,0,4334,0,1,0,1,0
8f0dcad21.jpg,1,1,3,3,3748,0,0,3748,0,0,0,1,0
8f0e1809d.jpg,1,1,1,1,2881,2881,0,0,0,1,0,0,0
8f295e1a6.jpg,0,0,,0,0,0,0,0,0,0,0,0,0
8f2f64ae9.jpg,0,0,,0,0,0,0,0,0,0,0,0,0
8f3044c4f.jpg,1,1,3,3,10297,0,0,10297,0,0,0,1,0
8f31ce4d8.jpg,1,1,3,3,13935,0,0,13935,0,0,0,1,0
8f38c1314.jpg,1,1,4,4,21386,0,0,0,21386,0,0,0,1
8f42319aa.jpg,1,1,3,3,6272,0,0,6272,0,0,0,1,0
8f499b94d.jpg,0,0,,0,0,0,0,0,0,0,0,0,0
8f4a566fb.jpg,1,1,1,1,793,793,0,0,0,1,0,0,0
8f567296c.jpg,1,1,3,3,6046,0,0,6046,0,0,0,1,0
8f5e37d0a.jpg,1,1,3,3,56832,0,0,56832,0,0,0,1,0
8f61a514d.jpg,0,0,,0,0,0,0,0,0,0,0,0,0
8f64891a6.jpg,1,1,4,4,12160,0,0,0,12160,0,0,0,1
8f6b07e84.jpg,1,1,3,3,11648,0,0,11648,0,0,0,1,0
8f6f43755.jpg,0,0,,0,0,0,0,0,0,0,0,0,0
8f7032bd2.jpg,1,1,3,3,36523,0,0,36523,0,0,0,1,0
8f7426e6d.jpg,1,1,3,3,34666,0,0,34666,0,0,0,1,0
8f76dd4ec.jpg,1,1,3,3,15200,0,0,15200,0,0,0,1,0
8f7a6532b.jpg,1,1,1,1,839,839,0,0,0,1,0,0,0
8f8104c9c.jpg,1,1,4,4,14726,0,0,0,14726,0,0,0,1
8f81e6d35.jpg,1,2,2|3,2,5244,0,3004,2240,0,0,1,1,0
8f82d86db.jpg,1,2,1|3,1,16477,13327,0,3150,0,1,0,1,0
8f85d6fd4.jpg,1,1,1,1,1515,1515,0,0,0,1,0,0,0
8f8a23f39.jpg,1,1,1,1,5022,5022,0,0,0,1,0,0,0
8f9b92f31.jpg,1,1,3,3,186283,0,0,186283,0,0,0,1,0
8f9ba20e2.jpg,0,0,,0,0,0,0,0,0,0,0,0,0
8f9ef2cb7.jpg,1,1,3,3,6494,0,0,6494,0,0,0,1,0
8fa16431c.jpg,0,0,,0,0,0,0,0,0,0,0,0,0
8faba402b.jpg,1,1,3,3,4348,0,0,4348,0,0,0,1,0
8fb078599.jpg,0,0,,0,0,0,0,0,0,0,0,0,0
8fb33a3d1.jpg,0,0,,0,0,0,0,0,0,0,0,0,0
8fb4575f3.jpg,1,1,3,3,6630,0,0,6630,0,0,0,1,0
8fbc61bda.jpg,1,1,1,1,7171,7171,0,0,0,1,0,0,0
8fbd70ddf.jpg,1,1,3,3,2466,0,0,2466,0,0,0,1,0
8fc48f131.jpg,1,1,3,3,3362,0,0,3362,0,0,0,1,0
8fc4cc556.jpg,1,1,3,3,12086,0,0,12086,0,0,0,1,0
8fd5f880e.jpg,0,0,,0,0,0,0,0,0,0,0,0,0
8fd88a0c1.jpg,1,1,1,1,4062,4062,0,0,0,1,0,0,0
8fddb859f.jpg,1,1,3,3,121719,0,0,121719,0,0,0,1,0
8fe172794.jpg,1,1,4,4,27616,0,0,0,27616,0,0,0,1
8fecff476.jpg,0,0,,0,0,0,0,0,0,0,0,0,0
8fef72c9f.jpg,1,1,3,3,44686,0,0,44686,0,0,0,1,0
8ff213785.jpg,0,0,,0,0,0,0,0,0,0,0,0,0
8ff35e571.jpg,1,1,3,3,12509,0,0,12509,0,0,0,1,0
90004577c.jpg,0,0,,0,0,0,0,0,0,0,0,0,0
90010b3b7.jpg,0,0,,0,0,0,0,0,0,0,0,0,0
90047b73a.jpg,0,0,,0,0,0,0,0,0,0,0,0,0
90054535f.jpg,0,0,,0,0,0,0,0,0,0,0,0,0
9017797fd.jpg,0,0,,0,0,0,0,0,0,0,0,0,0
9019c0e1e.jpg,1,1,3,3,89873,0,0,89873,0,0,0,1,0
901b85944.jpg,0,0,,0,0,0,0,0,0,0,0,0,0
901e8ea73.jpg,0,0,,0,0,0,0,0,0,0,0,0,0
90246e919.jpg,1,1,4,4,38257,0,0,0,38257,0,0,0,1
9027291e8.jpg,1,1,3,3,6169,0,0,6169,0,0,0,1,0
9028ff68e.jpg,1,1,3,3,26846,0,0,26846,0,0,0,1,0
902ba9941.jpg,1,1,3,3,73167,0,0,73167,0,0,0,1,0
903123a44.jpg,0,0,,0,0,0,0,0,0,0,0,0,0
90360df70.jpg,0,0,,0,0,0,0,0,0,0,0,0,0
903a4f9e6.jpg,0,0,,0,0,0,0,0,0,0,0,0,0
903ba6c8b.jpg,0,0,,0,0,0,0,0,0,0,0,0,0
903d4e8ce.jpg,0,0,,0,0,0,0,0,0,0,0,0,0
904584541.jpg,1,1,4,4,59732,0,0,0,59732,0,0,0,1
904677cea.jpg,1,2,3|4,4,90539,0,0,25673,64866,0,0,1,1
9046fb20f.jpg,0,0,,0,0,0,0,0,0,0,0,0,0
90524c39b.jpg,0,0,,0,0,0,0,0,0,0,0,0,0
905328741.jpg,1,1,3,3,17116,0,0,17116,0,0,0,1,0
905404a9e.jpg,1,1,3,3,23991,0,0,23991,0,0,0,1,0
905964016.jpg,1,1,3,3,97011,0,0,97011,0,0,0,1,0
9078fb095.jpg,1,1,3,3,136588,0,0,136588,0,0,0,1,0
9082e5906.jpg,0,0,,0,0,0,0,0,0,0,0,0,0
9082ff635.jpg,0,0,,0,0,0,0,0,0,0,0,0,0
9085aef37.jpg,1,1,2,2,8163,0,8163,0,0,0,1,0,0
9087518f1.jpg,1,1,4,4,26878,0,0,0,26878,0,0,0,1
908bebc17.jpg,0,0,,0,0,0,0,0,0,0,0,0,0
909116a55.jpg,0,0,,0,0,0,0,0,0,0,0,0,0
909f679d2.jpg,0,0,,0,0,0,0,0,0,0,0,0,0
90a774e11.jpg,0,0,,0,0,0,0,0,0,0,0,0,0
90ad47559.jpg,0,0,,0,0,0,0,0,0,0,0,0,0
90b0043d9.jpg,0,0,,0,0,0,0,0,0,0,0,0,0
90b268acf.jpg,0,0,,0,0,0,0,0,0,0,0,0,0
90b45e095.jpg,0,0,,0,0,0,0,0,0,0,0,0,0
90b461f2a.jpg,1,1,3,3,5321,0,0,5321,0,0,0,1,0
90b51d4f7.jpg,1,1,3,3,191524,0,0,191524,0,0,0,1,0
90b5b429a.jpg,1,1,1,1,7570,7570,0,0,0,1,0,0,0
90b8b3e82.jpg,0,0,,0,0,0,0,0,0,0,0,0,0
90cd42d5b.jpg,1,1,3,3,9980,0,0,9980,0,0,0,1,0
90cea0761.jpg,0,0,,0,0,0,0,0,0,0,0,0,0
90daee822.jpg,1,1,3,3,10203,0,0,10203,0,0,0,1,0
90dbb625a.jpg,0,0,,0,0,0,0,0,0,0,0,0,0
90ed657c6.jpg,0,0,,0,0,0,0,0,0,0,0,0,0
90efd69df.jpg,0,0,,0,0,0,0,0,0,0,0,0,0
90f4dd6e5.jpg,1,1,2,2,3751,0,3751,0,0,0,1,0,0
90fbefd8c.jpg,1,1,3,3,323,0,0,323,0,0,0,1,0
910127691.jpg,1,1,3,3,17067,0,0,17067,0,0,0,1,0
910540b7d.jpg,1,1,3,3,9550,0,0,9550,0,0,0,1,0
910ad3edf.jpg,1,1,4,4,69066,0,0,0,69066,0,0,0,1
911b6d7d7.jpg,0,0,,0,0,0,0,0,0,0,0,0,0
911d78b0a.jpg,1,1,3,3,4025,0,0,4025,0,0,0,1,0
911deff94.jpg,0,0,,0,0,0,0,0,0,0,0,0,0
9121da7fe.jpg,1,1,3,3,3227,0,0,3227,0,0,0,1,0
91222b4c9.jpg,1,1,3,3,134679,0,0,134679,0,0,0,1,0
912f9cca9.jpg,0,0,,0,0,0,0,0,0,0,0,0,0
913120490.jpg,0,0,,0,0,0,0,0,0,0,0,0,0
913e2221d.jpg,1,1,1,1,2229,2229,0,0,0,1,0,0,0
91420d21b.jpg,0,0,,0,0,0,0,0,0,0,0,0,0
9147356db.jpg,1,1,1,1,4183,4183,0,0,0,1,0,0,0
91478a2fb.jpg,1,1,3,3,32587,0,0,32587,0,0,0,1,0
914b6941d.jpg,1,1,3,3,6517,0,0,6517,0,0,0,1,0
914cd79a8.jpg,0,0,,0,0,0,0,0,0,0,0,0,0
914cf1f65.jpg,0,0,,0,0,0,0,0,0,0,0,0,0
9150a0950.jpg,1,1,3,3,17150,0,0,17150,0,0,0,1,0
91583d282.jpg,1,1,3,3,32643,0,0,32643,0,0,0,1,0
915b0078c.jpg,1,1,3,3,12436,0,0,12436,0,0,0,1,0
91622e727.jpg,0,0,,0,0,0,0,0,0,0,0,0,0
9163ec76b.jpg,1,1,3,3,11608,0,0,11608,0,0,0,1,0
91649dea7.jpg,1,1,3,3,5127,0,0,5127,0,0,0,1,0
9165be267.jpg,0,0,,0,0,0,0,0,0,0,0,0,0
91696aaca.jpg,1,2,1|3,3,24837,5003,0,19834,0,1,0,1,0
9169b4f3a.jpg,1,1,3,3,473,0,0,473,0,0,0,1,0
916d55994.jpg,0,0,,0,0,0,0,0,0,0,0,0,0
9170e3614.jpg,1,1,3,3,56061,0,0,56061,0,0,0,1,0
9172281a1.jpg,0,0,,0,0,0,0,0,0,0,0,0,0
917607322.jpg,1,1,3,3,5849,0,0,5849,0,0,0,1,0
917cdbff6.jpg,1,1,4,4,40096,0,0,0,40096,0,0,0,1
918217c7c.jpg,0,0,,0,0,0,0,0,0,0,0,0,0
918a753e9.jpg,0,0,,0,0,0,0,0,0,0,0,0,0
918c32419.jpg,1,1,3,3,7838,0,0,7838,0,0,0,1,0
918ed7e9f.jpg,0,0,,0,0,0,0,0,0,0,0,0,0
91a713a73.jpg,1,1,3,3,129144,0,0,129144,0,0,0,1,0
91a819cc5.jpg,0,0,,0,0,0,0,0,0,0,0,0,0
91acd9d7a.jpg,0,0,,0,0,0,0,0,0,0,0,0,0
91b250f41.jpg,1,1,1,1,5682,5682,0,0,0,1,0,0,0
91b490cf4.jpg,0,0,,0,0,0,0,0,0,0,0,0,0
91b768bcb.jpg,1,1,3,3,23032,0,0,23032,0,0,0,1,0
91c27607f.jpg,0,0,,0,0,0,0,0,0,0,0,0,0
91c93baf0.jpg,0,0,,0,0,0,0,0,0,0,0,0,0
91d6bb625.jpg,0,0,,0,0,0,0,0,0,0,0,0,0
91d9d473a.jpg,0,0,,0,0,0,0,0,0,0,0,0,0
91dcc7d1c.jpg,0,0,,0,0,0,0,0,0,0,0,0,0
91e4352d4.jpg,1,1,3,3,104055,0,0,104055,0,0,0,1,0
91e9eaf93.jpg,1,1,1,1,1732,1732,0,0,0,1,0,0,0
91f059953.jpg,1,1,3,3,7123,0,0,7123,0,0,0,1,0
91f2a3209.jpg,0,0,,0,0,0,0,0,0,0,0,0,0
91fc61e33.jpg,1,1,3,3,9198,0,0,9198,0,0,0,1,0
9202ebeb6.jpg,1,1,1,1,1831,1831,0,0,0,1,0,0,0
92057aa8a.jpg,1,1,3,3,8731,0,0,8731,0,0,0,1,0
9205c7f19.jpg,0,0,,0,0,0,0,0,0,0,0,0,0
92079664c.jpg,0,0,,0,0,0,0,0,0,0,0,0,0
9207ba274.jpg,0,0,,0,0,0,0,0,0,0,0,0,0
921096816.jpg,0,0,,0,0,0,0,0,0,0,0,0,0
9211ac1a1.jpg,0,0,,0,0,0,0,0,0,0,0,0,0
921340245.jpg,0,0,,0,0,0,0,0,0,0,0,0,0
921dc8805.jpg,0,0,,0,0,0,0,0,0,0,0,0,0
921de27f7.jpg,0,0,,0,0,0,0,0,0,0,0,0,0
9225b7290.jpg,0,0,,0,0,0,0,0,0,0,0,0,0
922939d64.jpg,1,1,3,3,12216,0,0,12216,0,0,0,1,0
9236b3124.jpg,1,1,4,4,13248,0,0,0,13248,0,0,0,1
9236f984c.jpg,1,1,1,1,4766,4766,0,0,0,1,0,0,0
924b2f84a.jpg,0,0,,0,0,0,0,0,0,0,0,0,0
924bccdc1.jpg,0,0,,0,0,0,0,0,0,0,0,0,0
924edab1b.jpg,0,0,,0,0,0,0,0,0,0,0,0,0
9252073f0.jpg,1,1,3,3,12644,0,0,12644,0,0,0,1,0
9253b216e.jpg,1,1,3,3,33013,0,0,33013,0,0,0,1,0
925645342.jpg,0,0,,0,0,0,0,0,0,0,0,0,0
92565d0e6.jpg,0,0,,0,0,0,0,0,0,0,0,0,0
925f6be0d.jpg,1,1,3,3,11994,0,0,11994,0,0,0,1,0
9270f72ac.jpg,1,1,3,3,12943,0,0,12943,0,0,0,1,0
927100ebb.jpg,1,1,3,3,52908,0,0,52908,0,0,0,1,0
9271c7e3d.jpg,1,1,2,2,2778,0,2778,0,0,0,1,0,0
9278ab6ba.jpg,1,1,3,3,9275,0,0,9275,0,0,0,1,0
927ba7fc4.jpg,0,0,,0,0,0,0,0,0,0,0,0,0
927be944d.jpg,1,1,1,1,14529,14529,0,0,0,1,0,0,0
927c96c9c.jpg,0,0,,0,0,0,0,0,0,0,0,0,0
92932546c.jpg,1,2,3|4,4,39687,0,0,15418,24269,0,0,1,1
9296c86e5.jpg,1,1,3,3,11629,0,0,11629,0,0,0,1,0
92a84eb98.jpg,0,0,,0,0,0,0,0,0,0,0,0,0
92ca72504.jpg,1,1,3,3,128980,0,0,128980,0,0,0,1,0
92dce921f.jpg,0,0,,0,0,0,0,0,0,0,0,0,0
92ded43da.jpg,1,1,3,3,36882,0,0,36882,0,0,0,1,0
92e4102b4.jpg,1,1,3,3,65919,0,0,65919,0,0,0,1,0
92e699da4.jpg,1,2,3|4,4,17190,0,0,1184,16006,0,0,1,1
92ebbbaea.jpg,1,1,3,3,90963,0,0,90963,0,0,0,1,0
92f49dcb1.jpg,1,1,3,3,3683,0,0,3683,0,0,0,1,0
92fb94f69.jpg,1,1,3,3,3825,0,0,3825,0,0,0,1,0
930391b64.jpg,1,1,3,3,26331,0,0,26331,0,0,0,1,0
9307b3de8.jpg,1,1,3,3,35850,0,0,35850,0,0,0,1,0
930a3dc72.jpg,0,0,,0,0,0,0,0,0,0,0,0,0
930fe8fc7.jpg,1,1,3,3,8914,0,0,8914,0,0,0,1,0
93126606c.jpg,1,1,4,4,6729,0,0,0,6729,0,0,0,1
9316fb21d.jpg,0,0,,0,0,0,0,0,0,0,0,0,0
931c4b9aa.jpg,1,1,3,3,8907,0,0,8907,0,0,0,1,0
9323bd21d.jpg,1,1,3,3,8509,0,0,8509,0,0,0,1,0
932f3c03c.jpg,0,0,,0,0,0,0,0,0,0,0,0,0
933533867.jpg,1,1,3,3,3412,0,0,3412,0,0,0,1,0
933675d91.jpg,1,1,2,2,3377,0,3377,0,0,0,1,0,0
933a9dc8b.jpg,1,1,1,1,2234,2234,0,0,0,1,0,0,0
933e1967c.jpg,1,1,3,3,30519,0,0,30519,0,0,0,1,0
933f29b10.jpg,0,0,,0,0,0,0,0,0,0,0,0,0
9341d848d.jpg,1,1,3,3,13180,0,0,13180,0,0,0,1,0
934508437.jpg,0,0,,0,0,0,0,0,0,0,0,0,0
9345f1250.jpg,1,1,3,3,4122,0,0,4122,0,0,0,1,0
9347e65bb.jpg,1,1,3,3,9837,0,0,9837,0,0,0,1,0
935654dc9.jpg,1,1,1,1,3752,3752,0,0,0,1,0,0,0
935e893bb.jpg,0,0,,0,0,0,0,0,0,0,0,0,0
9364ef68b.jpg,0,0,,0,0,0,0,0,0,0,0,0,0
936e1759a.jpg,1,1,3,3,4692,0,0,4692,0,0,0,1,0
93775b19c.jpg,1,1,3,3,21541,0,0,21541,0,0,0,1,0
9378a6f12.jpg,1,1,3,3,24069,0,0,24069,0,0,0,1,0
9384459df.jpg,1,1,1,1,2303,2303,0,0,0,1,0,0,0
93851869f.jpg,1,1,3,3,27796,0,0,27796,0,0,0,1,0
9385c4719.jpg,0,0,,0,0,0,0,0,0,0,0,0,0
938963fe8.jpg,0,0,,0,0,0,0,0,0,0,0,0,0
938a15be6.jpg,1,2,1|3,3,7980,1823,0,6157,0,1,0,1,0
93a72a8b6.jpg,0,0,,0,0,0,0,0,0,0,0,0,0
93a9c65bf.jpg,1,1,3,3,22895,0,0,22895,0,0,0,1,0
93ad48645.jpg,0,0,,0,0,0,0,0,0,0,0,0,0
93b0d8e2f.jpg,1,1,1,1,4249,4249,0,0,0,1,0,0,0
93b2882fd.jpg,1,1,3,3,13158,0,0,13158,0,0,0,1,0
93b7b01f1.jpg,1,1,3,3,3017,0,0,3017,0,0,0,1,0
93c5acf9d.jpg,0,0,,0,0,0,0,0,0,0,0,0,0
93c71782d.jpg,0,0,,0,0,0,0,0,0,0,0,0,0
93de60f43.jpg,0,0,,0,0,0,0,0,0,0,0,0,0
93e01b862.jpg,0,0,,0,0,0,0,0,0,0,0,0,0
93e2b398b.jpg,1,1,1,1,5488,5488,0,0,0,1,0,0,0
93f27e439.jpg,1,1,3,3,95953,0,0,95953,0,0,0,1,0
93f37037d.jpg,1,1,3,3,4947,0,0,4947,0,0,0,1,0
93fb48b72.jpg,0,0,,0,0,0,0,0,0,0,0,0,0
93febc91d.jpg,1,1,3,3,3753,0,0,3753,0,0,0,1,0
94006aec5.jpg,0,0,,0,0,0,0,0,0,0,0,0,0
94050efd8.jpg,1,1,3,3,4010,0,0,4010,0,0,0,1,0
9406cb49a.jpg,1,1,3,3,10949,0,0,10949,0,0,0,1,0
9408e6bdb.jpg,0,0,,0,0,0,0,0,0,0,0,0,0
940dd7878.jpg,0,0,,0,0,0,0,0,0,0,0,0,0
940e8cd2f.jpg,1,2,3|4,4,52003,0,0,3506,48497,0,0,1,1
9412c0cf6.jpg,1,1,3,3,15260,0,0,15260,0,0,0,1,0
9414a2469.jpg,0,0,,0,0,0,0,0,0,0,0,0,0
9417bd5b3.jpg,0,0,,0,0,0,0,0,0,0,0,0,0
941d45a28.jpg,0,0,,0,0,0,0,0,0,0,0,0,0
941e9a9d6.jpg,1,1,1,1,8792,8792,0,0,0,1,0,0,0
9424f9664.jpg,1,1,3,3,69151,0,0,69151,0,0,0,1,0
9426ce32a.jpg,1,1,3,3,8652,0,0,8652,0,0,0,1,0
94305429d.jpg,1,1,3,3,16938,0,0,16938,0,0,0,1,0
94353a55a.jpg,0,0,,0,0,0,0,0,0,0,0,0,0
943747042.jpg,0,0,,0,0,0,0,0,0,0,0,0,0
9438d5eef.jpg,1,1,3,3,328743,0,0,328743,0,0,0,1,0
943c5abcd.jpg,1,1,3,3,48856,0,0,48856,0,0,0,1,0
9444656a8.jpg,0,0,,0,0,0,0,0,0,0,0,0,0
944ef524a.jpg,1,1,3,3,25709,0,0,25709,0,0,0,1,0
945200e71.jpg,0,0,,0,0,0,0,0,0,0,0,0,0
94548f7b7.jpg,0,0,,0,0,0,0,0,0,0,0,0,0
94566c41f.jpg,0,0,,0,0,0,0,0,0,0,0,0,0
945fbed15.jpg,0,0,,0,0,0,0,0,0,0,0,0,0
946227d6c.jpg,1,1,3,3,110140,0,0,110140,0,0,0,1,0
94625a99c.jpg,1,1,1,1,2651,2651,0,0,0,1,0,0,0
946525536.jpg,1,1,2,2,3366,0,3366,0,0,0,1,0,0
94753d945.jpg,1,1,3,3,11512,0,0,11512,0,0,0,1,0
947e8cfc8.jpg,0,0,,0,0,0,0,0,0,0,0,0,0
94836a116.jpg,0,0,,0,0,0,0,0,0,0,0,0,0
9483f74ad.jpg,0,0,,0,0,0,0,0,0,0,0,0,0
94882163b.jpg,1,1,3,3,15470,0,0,15470,0,0,0,1,0
948a17fdf.jpg,0,0,,0,0,0,0,0,0,0,0,0,0
948f9558f.jpg,1,1,3,3,16848,0,0,16848,0,0,0,1,0
94947e1f9.jpg,1,1,4,4,23601,0,0,0,23601,0,0,0,1
9496c7b73.jpg,1,1,3,3,24593,0,0,24593,0,0,0,1,0
949a23e72.jpg,1,2,3|4,4,46459,0,0,10903,35556,0,0,1,1
949f38147.jpg,0,0,,0,0,0,0,0,0,0,0,0,0
94a109703.jpg,0,0,,0,0,0,0,0,0,0,0,0,0
94a3786cb.jpg,0,0,,0,0,0,0,0,0,0,0,0,0
94a5728a6.jpg,0,0,,0,0,0,0,0,0,0,0,0,0
94a97adc8.jpg,1,1,3,3,11247,0,0,11247,0,0,0,1,0
94aad1346.jpg,1,1,3,3,72723,0,0,72723,0,0,0,1,0
94b398cb1.jpg,1,1,3,3,11919,0,0,11919,0,0,0,1,0
94b8f7a17.jpg,0,0,,0,0,0,0,0,0,0,0,0,0
94bf15000.jpg,1,1,4,4,52459,0,0,0,52459,0,0,0,1
94c30075e.jpg,0,0,,0,0,0,0,0,0,0,0,0,0
94c4ca4c1.jpg,1,1,3,3,5503,0,0,5503,0,0,0,1,0
94c746443.jpg,1,1,3,3,3980,0,0,3980,0,0,0,1,0
94c910b08.jpg,1,1,3,3,51121,0,0,51121,0,0,0,1,0
94caf2212.jpg,1,1,3,3,42035,0,0,42035,0,0,0,1,0
94d76b2cc.jpg,0,0,,0,0,0,0,0,0,0,0,0,0
94da85f76.jpg,1,1,1,1,8732,8732,0,0,0,1,0,0,0
94dac8944.jpg,0,0,,0,0,0,0,0,0,0,0,0,0
94dd36776.jpg,0,0,,0,0,0,0,0,0,0,0,0,0
94e442ad4.jpg,0,0,,0,0,0,0,0,0,0,0,0,0
94e721678.jpg,1,1,1,1,9790,9790,0,0,0,1,0,0,0
94f2c7910.jpg,1,1,3,3,14484,0,0,14484,0,0,0,1,0
94f5237ab.jpg,0,0,,0,0,0,0,0,0,0,0,0,0
94f95f5ec.jpg,0,0,,0,0,0,0,0,0,0,0,0,0
9515afade.jpg,1,1,4,4,18900,0,0,0,18900,0,0,0,1
9519a2ec8.jpg,0,0,,0,0,0,0,0,0,0,0,0,0
951af566d.jpg,0,0,,0,0,0,0,0,0,0,0,0,0
9528617c0.jpg,0,0,,0,0,0,0,0,0,0,0,0,0
952ae1377.jpg,0,0,,0,0,0,0,0,0,0,0,0,0
953052b34.jpg,0,0,,0,0,0,0,0,0,0,0,0,0
9531c4b99.jpg,1,1,3,3,5415,0,0,5415,0,0,0,1,0
953b008d8.jpg,0,0,,0,0,0,0,0,0,0,0,0,0
9546b5abe.jpg,1,1,3,3,7509,0,0,7509,0,0,0,1,0
954d4296b.jpg,1,1,1,1,2692,2692,0,0,0,1,0,0,0
954fe7dcf.jpg,0,0,,0,0,0,0,0,0,0,0,0,0
9553974f4.jpg,1,1,3,3,121915,0,0,121915,0,0,0,1,0
9557969ee.jpg,1,1,3,3,14499,0,0,14499,0,0,0,1,0
955965785.jpg,0,0,,0,0,0,0,0,0,0,0,0,0
955b5bbf3.jpg,1,1,3,3,3081,0,0,3081,0,0,0,1,0
955feead2.jpg,1,1,3,3,90024,0,0,90024,0,0,0,1,0
956750621.jpg,0,0,,0,0,0,0,0,0,0,0,0,0
9570a27f4.jpg,1,1,3,3,4224,0,0,4224,0,0,0,1,0
9574104d6.jpg,1,1,3,3,37005,0,0,37005,0,0,0,1,0
9576b930b.jpg,0,0,,0,0,0,0,0,0,0,0,0,0
957bc34be.jpg,0,0,,0,0,0,0,0,0,0,0,0,0
9586cb6e3.jpg,1,1,1,1,11022,11022,0,0,0,1,0,0,0
9589d49ee.jpg,1,1,3,3,10018,0,0,10018,0,0,0,1,0
958de1e12.jpg,0,0,,0,0,0,0,0,0,0,0,0,0
959218299.jpg,1,1,1,1,2276,2276,0,0,0,1,0,0,0
9599f1ea1.jpg,0,0,,0,0,0,0,0,0,0,0,0,0
959c91306.jpg,0,0,,0,0,0,0,0,0,0,0,0,0
95a319375.jpg,0,0,,0,0,0,0,0,0,0,0,0,0
95a8e91c4.jpg,1,1,3,3,2548,0,0,2548,0,0,0,1,0
95aff808c.jpg,1,1,3,3,2394,0,0,2394,0,0,0,1,0
95b95a425.jpg,1,1,3,3,75997,0,0,75997,0,0,0,1,0
95c66fec8.jpg,0,0,,0,0,0,0,0,0,0,0,0,0
95d7ea988.jpg,0,0,,0,0,0,0,0,0,0,0,0,0
95d88196d.jpg,1,1,1,1,2753,2753,0,0,0,1,0,0,0
95df642ba.jpg,1,1,3,3,37185,0,0,37185,0,0,0,1,0
95e38ad8e.jpg,0,0,,0,0,0,0,0,0,0,0,0,0
95eaae02e.jpg,1,1,3,3,9984,0,0,9984,0,0,0,1,0
95f725037.jpg,0,0,,0,0,0,0,0,0,0,0,0,0
96102cead.jpg,0,0,,0,0,0,0,0,0,0,0,0,0
9612cf3ee.jpg,1,1,3,3,3817,0,0,3817,0,0,0,1,0
9612e2ee3.jpg,1,1,3,3,13620,0,0,13620,0,0,0,1,0
961333d4e.jpg,1,1,3,3,5422,0,0,5422,0,0,0,1,0
961c00401.jpg,0,0,,0,0,0,0,0,0,0,0,0,0
961c828de.jpg,1,1,3,3,45583,0,0,45583,0,0,0,1,0
961e93bde.jpg,1,1,3,3,15531,0,0,15531,0,0,0,1,0
9622959c1.jpg,1,1,3,3,5550,0,0,5550,0,0,0,1,0
96279bbc2.jpg,1,1,3,3,12030,0,0,12030,0,0,0,1,0
96299c17c.jpg,1,1,3,3,21459,0,0,21459,0,0,0,1,0
963b7a441.jpg,1,2,1|3,3,9383,3457,0,5926,0,1,0,1,0
963e616e0.jpg,1,1,3,3,19100,0,0,19100,0,0,0,1,0
963f946a9.jpg,1,1,3,3,21340,0,0,21340,0,0,0,1,0
9644c103b.jpg,0,0,,0,0,0,0,0,0,0,0,0,0
964a6b415.jpg,0,0,,0,0,0,0,0,0,0,0,0,0
96588d8eb.jpg,0,0,,0,0,0,0,0,0,0,0,0,0
9661e7677.jpg,1,1,3,3,13019,0,0,13019,0,0,0,1,0
9663d6a79.jpg,1,1,3,3,6835,0,0,6835,0,0,0,1,0
9664c1477.jpg,0,0,,0,0,0,0,0,0,0,0,0,0
967802d76.jpg,1,1,3,3,1957,0,0,1957,0,0,0,1,0
968701cce.jpg,1,1,3,3,2922,0,0,2922,0,0,0,1,0
9699f82fe.jpg,1,1,4,4,28776,0,0,0,28776,0,0,0,1
96a0c2754.jpg,0,0,,0,0,0,0,0,0,0,0,0,0
96a82938c.jpg,0,0,,0,0,0,0,0,0,0,0,0,0
96ad2b246.jpg,1,1,3,3,48598,0,0,48598,0,0,0,1,0
96be45db1.jpg,0,0,,0,0,0,0,0,0,0,0,0,0
96be77390.jpg,1,1,3,3,27949,0,0,27949,0,0,0,1,0
96c46e1c9.jpg,0,0,,0,0,0,0,0,0,0,0,0,0
96c8dd5a2.jpg,1,1,3,3,27353,0,0,27353,0,0,0,1,0
96d2d702d.jpg,0,0,,0,0,0,0,0,0,0,0,0,0
96d357cc4.jpg,0,0,,0,0,0,0,0,0,0,0,0,0
96e0e97b8.jpg,0,0,,0,0,0,0,0,0,0,0,0,0
96ef8f053.jpg,1,1,4,4,10202,0,0,0,10202,0,0,0,1
96f47ecaf.jpg,0,0,,0,0,0,0,0,0,0,0,0,0
97047587f.jpg,1,1,4,4,11518,0,0,0,11518,0,0,0,1
9707626fa.jpg,0,0,,0,0,0,0,0,0,0,0,0,0
970a0d447.jpg,0,0,,0,0,0,0,0,0,0,0,0,0
970a14c31.jpg,0,0,,0,0,0,0,0,0,0,0,0,0
970da5bb9.jpg,0,0,,0,0,0,0,0,0,0,0,0,0
97192a78b.jpg,1,1,3,3,11187,0,0,11187,0,0,0,1,0
9719f1eba.jpg,0,0,,0,0,0,0,0,0,0,0,0,0
9721122f9.jpg,0,0,,0,0,0,0,0,0,0,0,0,0
9723d431a.jpg,0,0,,0,0,0,0,0,0,0,0,0,0
9725a81d1.jpg,1,1,3,3,8854,0,0,8854,0,0,0,1,0
9728351cd.jpg,0,0,,0,0,0,0,0,0,0,0,0,0
972837f87.jpg,0,0,,0,0,0,0,0,0,0,0,0,0
972e36fa8.jpg,0,0,,0,0,0,0,0,0,0,0,0,0
9730f8b7e.jpg,0,0,,0,0,0,0,0,0,0,0,0,0
9737361a7.jpg,1,1,4,4,10111,0,0,0,10111,0,0,0,1
97412f06b.jpg,0,0,,0,0,0,0,0,0,0,0,0,0
974171041.jpg,0,0,,0,0,0,0,0,0,0,0,0,0
97419c683.jpg,1,1,3,3,13906,0,0,13906,0,0,0,1,0
9741c9475.jpg,1,1,4,4,27334,0,0,0,27334,0,0,0,1
974750ad1.jpg,1,1,3,3,18051,0,0,18051,0,0,0,1,0
974b07e79.jpg,1,1,3,3,12980,0,0,12980,0,0,0,1,0
974bd9df0.jpg,0,0,,0,0,0,0,0,0,0,0,0,0
974f00b13.jpg,1,1,3,3,72418,0,0,72418,0,0,0,1,0
9753787e9.jpg,1,2,3|4,4,8113,0,0,2472,5641,0,0,1,1
975b2e5fa.jpg,1,1,3,3,7540,0,0,7540,0,0,0,1,0
975e50a09.jpg,1,1,3,3,41680,0,0,41680,0,0,0,1,0
975f12b62.jpg,1,1,3,3,3698,0,0,3698,0,0,0,1,0
9766ccf1b.jpg,0,0,,0,0,0,0,0,0,0,0,0,0
976a099e9.jpg,0,0,,0,0,0,0,0,0,0,0,0,0
976a6c529.jpg,1,1,3,3,1912,0,0,1912,0,0,0,1,0
976b8a242.jpg,1,1,3,3,11076,0,0,11076,0,0,0,1,0
976eea5bf.jpg,0,0,,0,0,0,0,0,0,0,0,0,0
9772f9a2c.jpg,1,1,3,3,2232,0,0,2232,0,0,0,1,0
977eee415.jpg,1,1,3,3,20682,0,0,20682,0,0,0,1,0
978198cd9.jpg,0,0,,0,0,0,0,0,0,0,0,0,0
9781a26de.jpg,0,0,,0,0,0,0,0,0,0,0,0,0
97892278c.jpg,1,1,3,3,25810,0,0,25810,0,0,0,1,0
9789423c2.jpg,1,1,3,3,1574,0,0,1574,0,0,0,1,0
978a4f978.jpg,0,0,,0,0,0,0,0,0,0,0,0,0
978f530a9.jpg,0,0,,0,0,0,0,0,0,0,0,0,0
97963658b.jpg,0,0,,0,0,0,0,0,0,0,0,0,0
979af8d89.jpg,0,0,,0,0,0,0,0,0,0,0,0,0
97a67b410.jpg,1,2,3|4,4,25887,0,0,1029,24858,0,0,1,1
97a6a8f0b.jpg,1,1,3,3,4414,0,0,4414,0,0,0,1,0
97a933eaa.jpg,1,1,3,3,28361,0,0,28361,0,0,0,1,0
97afbb897.jpg,0,0,,0,0,0,0,0,0,0,0,0,0
97b77f9e6.jpg,1,1,3,3,50462,0,0,50462,0,0,0,1,0
97bbf0668.jpg,1,1,3,3,35127,0,0,35127,0,0,0,1,0
97bf2a97c.jpg,1,1,1,1,4116,4116,0,0,0,1,0,0,0
97ca3e697.jpg,1,1,3,3,9713,0,0,9713,0,0,0,1,0
97d7de56a.jpg,0,0,,0,0,0,0,0,0,0,0,0,0
97dbd1162.jpg,1,1,3,3,3033,0,0,3033,0,0,0,1,0
97df3409b.jpg,0,0,,0,0,0,0,0,0,0,0,0,0
97e10407d.jpg,1,1,3,3,3486,0,0,3486,0,0,0,1,0
97e7fd732.jpg,1,1,3,3,57388,0,0,57388,0,0,0,1,0
97eb88e35.jpg,1,1,3,3,15943,0,0,15943,0,0,0,1,0
97eef7fca.jpg,0,0,,0,0,0,0,0,0,0,0,0,0
97fe33051.jpg,0,0,,0,0,0,0,0,0,0,0,0,0
98017b765.jpg,1,1,3,3,11603,0,0,11603,0,0,0,1,0
9804396ef.jpg,1,1,3,3,27406,0,0,27406,0,0,0,1,0
9805e5d5d.jpg,1,1,3,3,55680,0,0,55680,0,0,0,1,0
98111e480.jpg,0,0,,0,0,0,0,0,0,0,0,0,0
9811d8099.jpg,0,0,,0,0,0,0,0,0,0,0,0,0
981943659.jpg,0,0,,0,0,0,0,0,0,0,0,0,0
981a45fda.jpg,0,0,,0,0,0,0,0,0,0,0,0,0
981f9c663.jpg,1,1,3,3,15588,0,0,15588,0,0,0,1,0
982193e49.jpg,1,2,3|4,4,23326,0,0,9537,13789,0,0,1,1
9822aabfc.jpg,1,1,3,3,13577,0,0,13577,0,0,0,1,0
9825b8905.jpg,0,0,,0,0,0,0,0,0,0,0,0,0
982c2e937.jpg,1,1,3,3,3172,0,0,3172,0,0,0,1,0
982fa40b5.jpg,0,0,,0,0,0,0,0,0,0,0,0,0
9830b6cd8.jpg,0,0,,0,0,0,0,0,0,0,0,0,0
983a7f683.jpg,0,0,,0,0,0,0,0,0,0,0,0,0
983b33406.jpg,0,0,,0,0,0,0,0,0,0,0,0,0
9844183a4.jpg,1,1,1,1,1677,1677,0,0,0,1,0,0,0
9846785ee.jpg,1,1,3,3,8010,0,0,8010,0,0,0,1,0
9848d62a6.jpg,0,0,,0,0,0,0,0,0,0,0,0,0
984c6e129.jpg,1,1,3,3,28554,0,0,28554,0,0,0,1,0
9853a668c.jpg,0,0,,0,0,0,0,0,0,0,0,0,0
9856bebc1.jpg,0,0,,0,0,0,0,0,0,0,0,0,0
9856e7969.jpg,0,0,,0,0,0,0,0,0,0,0,0,0
985c8ac4f.jpg,0,0,,0,0,0,0,0,0,0,0,0,0
985d33724.jpg,0,0,,0,0,0,0,0,0,0,0,0,0
98605cc93.jpg,0,0,,0,0,0,0,0,0,0,0,0,0
986d8cdc6.jpg,0,0,,0,0,0,0,0,0,0,0,0,0
987b603f7.jpg,0,0,,0,0,0,0,0,0,0,0,0,0
9883f9819.jpg,1,1,3,3,13639,0,0,13639,0,0,0,1,0
9884127c9.jpg,0,0,,0,0,0,0,0,0,0,0,0,0
98876c103.jpg,0,0,,0,0,0,0,0,0,0,0,0,0
988afc273.jpg,1,1,3,3,1522,0,0,1522,0,0,0,1,0
988cf521f.jpg,1,1,1,1,4665,4665,0,0,0,1,0,0,0
988f05868.jpg,0,0,,0,0,0,0,0,0,0,0,0,0
98914c1c2.jpg,0,0,,0,0,0,0,0,0,0,0,0,0
98937deb7.jpg,1,2,2|3,2,4780,0,3241,1539,0,0,1,1,0
9899c9114.jpg,1,1,3,3,22575,0,0,22575,0,0,0,1,0
989eff877.jpg,0,0,,0,0,0,0,0,0,0,0,0,0
98a013baf.jpg,1,2,3|4,4,131804,0,0,2010,129794,0,0,1,1
98ac8a784.jpg,0,0,,0,0,0,0,0,0,0,0,0,0
98b373b67.jpg,0,0,,0,0,0,0,0,0,0,0,0,0
98bb49ca7.jpg,1,1,3,3,22325,0,0,22325,0,0,0,1,0
98bb73faf.jpg,1,1,1,1,9172,9172,0,0,0,1,0,0,0
98c0127d3.jpg,1,1,3,3,13025,0,0,13025,0,0,0,1,0
98c061bdd.jpg,0,0,,0,0,0,0,0,0,0,0,0,0
98c634937.jpg,1,1,3,3,32903,0,0,32903,0,0,0,1,0
98c72ec09.jpg,0,0,,0,0,0,0,0,0,0,0,0,0
98d2c50b7.jpg,1,1,3,3,95263,0,0,95263,0,0,0,1,0
98dd5b46e.jpg,0,0,,0,0,0,0,0,0,0,0,0,0
98e2146e9.jpg,1,1,3,3,11776,0,0,11776,0,0,0,1,0
98e76e2a0.jpg,0,0,,0,0,0,0,0,0,0,0,0,0
98ed0f752.jpg,1,1,3,3,41489,0,0,41489,0,0,0,1,0
98f108423.jpg,1,1,3,3,181376,0,0,181376,0,0,0,1,0
98f2b3f79.jpg,1,1,3,3,28354,0,0,28354,0,0,0,1,0
990195c76.jpg,1,1,3,3,10444,0,0,10444,0,0,0,1,0
990431713.jpg,1,1,3,3,4957,0,0,4957,0,0,0,1,0
990640fa8.jpg,0,0,,0,0,0,0,0,0,0,0,0,0
990664b68.jpg,0,0,,0,0,0,0,0,0,0,0,0,0
9906c980e.jpg,1,1,3,3,6328,0,0,6328,0,0,0,1,0
990d967ad.jpg,1,1,3,3,1990,0,0,1990,0,0,0,1,0
990ea8c3f.jpg,0,0,,0,0,0,0,0,0,0,0,0,0
9916058df.jpg,0,0,,0,0,0,0,0,0,0,0,0,0
991e0dfdf.jpg,1,1,3,3,252123,0,0,252123,0,0,0,1,0
99224c3d5.jpg,1,1,4,4,37017,0,0,0,37017,0,0,0,1
99288b018.jpg,0,0,,0,0,0,0,0,0,0,0,0,0
9932d3827.jpg,0,0,,0,0,0,0,0,0,0,0,0,0
9941cb9f1.jpg,1,1,3,3,33476,0,0,33476,0,0,0,1,0
994aa6f1d.jpg,1,1,3,3,16573,0,0,16573,0,0,0,1,0
9958480e2.jpg,1,1,3,3,12820,0,0,12820,0,0,0,1,0
995ef2622.jpg,1,1,3,3,1185,0,0,1185,0,0,0,1,0
9962aa302.jpg,0,0,,0,0,0,0,0,0,0,0,0,0
9962acd22.jpg,1,1,3,3,41690,0,0,41690,0,0,0,1,0
9967214f3.jpg,0,0,,0,0,0,0,0,0,0,0,0,0
99743b154.jpg,1,1,3,3,13338,0,0,13338,0,0,0,1,0
99852bd26.jpg,0,0,,0,0,0,0,0,0,0,0,0,0
99855ae32.jpg,1,1,3,3,4876,0,0,4876,0,0,0,1,0
998a49fb9.jpg,0,0,,0,0,0,0,0,0,0,0,0,0
998d686d8.jpg,0,0,,0,0,0,0,0,0,0,0,0,0
99923d074.jpg,1,1,3,3,7562,0,0,7562,0,0,0,1,0
999263047.jpg,0,0,,0,0,0,0,0,0,0,0,0,0
999497bb8.jpg,1,1,3,3,14126,0,0,14126,0,0,0,1,0
99972b00f.jpg,0,0,,0,0,0,0,0,0,0,0,0,0
99984eccf.jpg,1,1,1,1,879,879,0,0,0,1,0,0,0
99a3eb6a2.jpg,0,0,,0,0,0,0,0,0,0,0,0,0
99a9163bc.jpg,1,1,3,3,7195,0,0,7195,0,0,0,1,0
99a941366.jpg,0,0,,0,0,0,0,0,0,0,0,0,0
99ab45301.jpg,0,0,,0,0,0,0,0,0,0,0,0,0
99b7bd247.jpg,1,1,1,1,1516,1516,0,0,0,1,0,0,0
99bc6c5c2.jpg,1,1,3,3,5007,0,0,5007,0,0,0,1,0
99c626f1b.jpg,0,0,,0,0,0,0,0,0,0,0,0,0
99cbebcec.jpg,0,0,,0,0,0,0,0,0,0,0,0,0
99d0b3686.jpg,0,0,,0,0,0,0,0,0,0,0,0,0
99d359803.jpg,1,2,3|4,4,24155,0,0,2961,21194,0,0,1,1
99d47e124.jpg,1,1,3,3,78742,0,0,78742,0,0,0,1,0
99dcc6d72.jpg,1,1,3,3,3455,0,0,3455,0,0,0,1,0
99e38d1ee.jpg,0,0,,0,0,0,0,0,0,0,0,0,0
99ead2c8b.jpg,0,0,,0,0,0,0,0,0,0,0,0,0
99ec77394.jpg,0,0,,0,0,0,0,0,0,0,0,0,0
99eee45f5.jpg,0,0,,0,0,0,0,0,0,0,0,0,0
99f75320d.jpg,0,0,,0,0,0,0,0,0,0,0,0,0
99f9d2375.jpg,0,0,,0,0,0,0,0,0,0,0,0,0
99fd3c6f5.jpg,0,0,,0,0,0,0,0,0,0,0,0,0
9a016fe15.jpg,0,0,,0,0,0,0,0,0,0,0,0,0
9a064450d.jpg,1,1,3,3,21287,0,0,21287,0,0,0,1,0
9a08c2783.jpg,0,0,,0,0,0,0,0,0,0,0,0,0
9a18e4457.jpg,1,1,3,3,28730,0,0,28730,0,0,0,1,0
9a1f7c238.jpg,1,1,3,3,173188,0,0,173188,0,0,0,1,0
9a2523ce9.jpg,0,0,,0,0,0,0,0,0,0,0,0,0
9a3e774ff.jpg,1,1,3,3,43829,0,0,43829,0,0,0,1,0
9a5e9e77c.jpg,1,1,3,3,113988,0,0,113988,0,0,0,1,0
9a5f7a855.jpg,0,0,,0,0,0,0,0,0,0,0,0,0
9a62177bb.jpg,0,0,,0,0,0,0,0,0,0,0,0,0
9a67575cf.jpg,0,0,,0,0,0,0,0,0,0,0,0,0
9a6ac5406.jpg,0,0,,0,0,0,0,0,0,0,0,0,0
9a70057c0.jpg,1,1,3,3,54800,0,0,54800,0,0,0,1,0
9a72fd89e.jpg,0,0,,0,0,0,0,0,0,0,0,0,0
9a75974ba.jpg,1,1,1,1,2873,2873,0,0,0,1,0,0,0
9a762b892.jpg,0,0,,0,0,0,0,0,0,0,0,0,0
9a7b2f3af.jpg,1,1,3,3,8623,0,0,8623,0,0,0,1,0
9a7b427b4.jpg,0,0,,0,0,0,0,0,0,0,0,0,0
9a81a8056.jpg,0,0,,0,0,0,0,0,0,0,0,0,0
9a83c23d1.jpg,1,1,3,3,13509,0,0,13509,0,0,0,1,0
9a8475c90.jpg,0,0,,0,0,0,0,0,0,0,0,0,0
9a8c769b4.jpg,1,1,3,3,12673,0,0,12673,0,0,0,1,0
9a8f98a4b.jpg,0,0,,0,0,0,0,0,0,0,0,0,0
9aa301f3e.jpg,1,1,3,3,2414,0,0,2414,0,0,0,1,0
9aa437d47.jpg,1,1,1,1,2488,2488,0,0,0,1,0,0,0
9aa44fa54.jpg,0,0,,0,0,0,0,0,0,0,0,0,0
9aa721852.jpg,1,2,3|4,3,18754,0,0,13639,5115,0,0,1,1
9aad5d03d.jpg,0,0,,0,0,0,0,0,0,0,0,0,0
9ab015391.jpg,0,0,,0,0,0,0,0,0,0,0,0,0
9ab372c8c.jpg,1,1,1,1,4838,4838,0,0,0,1,0,0,0
9ab57a2fa.jpg,1,1,3,3,8110,0,0,8110,0,0,0,1,0
9aca6db08.jpg,1,1,4,4,54687,0,0,0,54687,0,0,0,1
9ad070cd0.jpg,0,0,,0,0,0,0,0,0,0,0,0,0
9ad1ad629.jpg,1,1,3,3,37033,0,0,37033,0,0,0,1,0
9ad20b22f.jpg,0,0,,0,0,0,0,0,0,0,0,0,0
9ad36a571.jpg,1,1,3,3,4765,0,0,4765,0,0,0,1,0
9ad4e14ae.jpg,1,1,3,3,21407,0,0,21407,0,0,0,1,0
9adebade1.jpg,0,0,,0,0,0,0,0,0,0,0,0,0
9ae440fd0.jpg,1,1,3,3,10118,0,0,10118,0,0,0,1,0
9aec868be.jpg,0,0,,0,0,0,0,0,0,0,0,0,0
9af9dc45b.jpg,1,1,3,3,10978,0,0,10978,0,0,0,1,0
9afe065eb.jpg,0,0,,0,0,0,0,0,0,0,0,0,0
9b09b2a38.jpg,1,1,2,2,4069,0,4069,0,0,0,1,0,0
9b1abd245.jpg,1,2,3|4,4,60036,0,0,3360,56676,0,0,1,1
9b2298962.jpg,0,0,,0,0,0,0,0,0,0,0,0,0
9b2801e98.jpg,1,1,3,3,6284,0,0,6284,0,0,0,1,0
9b296e015.jpg,0,0,,0,0,0,0,0,0,0,0,0,0
9b2ed195e.jpg,0,0,,0,0,0,0,0,0,0,0,0,0
9b3ad1da3.jpg,0,0,,0,0,0,0,0,0,0,0,0,0
9b3d6aa5f.jpg,1,1,3,3,2696,0,0,2696,0,0,0,1,0
9b3ef82c7.jpg,0,0,,0,0,0,0,0,0,0,0,0,0
9b40d78e0.jpg,1,1,3,3,2065,0,0,2065,0,0,0,1,0
9b4b832e8.jpg,0,0,,0,0,0,0,0,0,0,0,0,0
9b57cbc21.jpg,1,1,2,2,1027,0,1027,0,0,0,1,0,0
9b62dc81c.jpg,1,1,1,1,4049,4049,0,0,0,1,0,0,0
9b63ed48c.jpg,1,1,1,1,6180,6180,0,0,0,1,0,0,0
9b668835f.jpg,1,1,3,3,31089,0,0,31089,0,0,0,1,0
9b67d53e6.jpg,0,0,,0,0,0,0,0,0,0,0,0,0
9b6a94186.jpg,0,0,,0,0,0,0,0,0,0,0,0,0
9b6b87145.jpg,0,0,,0,0,0,0,0,0,0,0,0,0
9b6c6fea2.jpg,0,0,,0,0,0,0,0,0,0,0,0,0
9b72243dc.jpg,1,1,3,3,2160,0,0,2160,0,0,0,1,0
9b7974523.jpg,1,1,3,3,8324,0,0,8324,0,0,0,1,0
9b7aa28e9.jpg,0,0,,0,0,0,0,0,0,0,0,0,0
9b7f10d4b.jpg,0,0,,0,0,0,0,0,0,0,0,0,0
9b8365463.jpg,0,0,,0,0,0,0,0,0,0,0,0,0
9ba68fdaa.jpg,1,1,3,3,8336,0,0,8336,0,0,0,1,0
9bac5408a.jpg,0,0,,0,0,0,0,0,0,0,0,0,0
9bb56797d.jpg,0,0,,0,0,0,0,0,0,0,0,0,0
9bba9fd75.jpg,1,1,3,3,10567,0,0,10567,0,0,0,1,0
9bbc60816.jpg,0,0,,0,0,0,0,0,0,0,0,0,0
9bc5a31d9.jpg,0,0,,0,0,0,0,0,0,0,0,0,0
9bc62ca61.jpg,1,1,3,3,12078,0,0,12078,0,0,0,1,0
9bc663aae.jpg,0,0,,0,0,0,0,0,0,0,0,0,0
9bd5122c0.jpg,1,1,3,3,28457,0,0,28457,0,0,0,1,0
9bd8189cb.jpg,0,0,,0,0,0,0,0,0,0,0,0,0
9be9c98eb.jpg,1,1,2,2,4236,0,4236,0,0,0,1,0,0
9beece43e.jpg,1,1,1,1,8880,8880,0,0,0,1,0,0,0
9bf40dacc.jpg,1,1,3,3,3926,0,0,3926,0,0,0,1,0
9bf6b84b3.jpg,0,0,,0,0,0,0,0,0,0,0,0,0
9bf80f2fd.jpg,0,0,,0,0,0,0,0,0,0,0,0,0
9bf863558.jpg,1,1,1,1,1262,1262,0,0,0,1,0,0,0
9bf97c980.jpg,1,1,3,3,39162,0,0,39162,0,0,0,1,0
9bf9dcf53.jpg,0,0,,0,0,0,0,0,0,0,0,0,0
9bfa8c569.jpg,0,0,,0,0,0,0,0,0,0,0,0,0
9bfcca020.jpg,1,1,3,3,97516,0,0,97516,0,0,0,1,0
9c005a770.jpg,1,1,3,3,15744,0,0,15744,0,0,0,1,0
9c01e6441.jpg,0,0,,0,0,0,0,0,0,0,0,0,0
9c024e0ba.jpg,1,1,3,3,19132,0,0,19132,0,0,0,1,0
9c05fdb53.jpg,0,0,,0,0,0,0,0,0,0,0,0,0
9c078fc6b.jpg,0,0,,0,0,0,0,0,0,0,0,0,0
9c14e3f70.jpg,1,1,3,3,11101,0,0,11101,0,0,0,1,0
9c19a106d.jpg,1,1,3,3,1761,0,0,1761,0,0,0,1,0
9c1b65eb2.jpg,1,1,3,3,1648,0,0,1648,0,0,0,1,0
9c1c0d47b.jpg,1,1,3,3,2152,0,0,2152,0,0,0,1,0
9c1c7f69c.jpg,1,1,3,3,5467,0,0,5467,0,0,0,1,0
9c27c1365.jpg,1,1,1,1,15531,15531,0,0,0,1,0,0,0
9c2ccacde.jpg,0,0,,0,0,0,0,0,0,0,0,0,0
9c2dc4bfc.jpg,1,1,4,4,58240,0,0,0,58240,0,0,0,1
9c33cdef5.jpg,1,1,3,3,6304,0,0,6304,0,0,0,1,0
9c3705f4e.jpg,0,0,,0,0,0,0,0,0,0,0,0,0
9c3c1d8a6.jpg,0,0,,0,0,0,0,0,0,0,0,0,0
9c41af5a0.jpg,1,1,3,3,135835,0,0,135835,0,0,0,1,0
9c42e727c.jpg,1,1,4,4,34830,0,0,0,34830,0,0,0,1
9c45e55ca.jpg,0,0,,0,0,0,0,0,0,0,0,0,0
9c47d5ca7.jpg,0,0,,0,0,0,0,0,0,0,0,0,0
9c4c38dab.jpg,1,1,3,3,49266,0,0,49266,0,0,0,1,0
9c4e61003.jpg,1,1,1,1,2578,2578,0,0,0,1,0,0,0
9c4ed4726.jpg,1,1,1,1,3213,3213,0,0,0,1,0,0,0
9c522d453.jpg,1,1,3,3,11460,0,0,11460,0,0,0,1,0
9c5884cdd.jpg,0,0,,0,0,0,0,0,0,0,0,0,0
9c5e87950.jpg,0,0,,0,0,0,0,0,0,0,0,0,0
9c624a8d9.jpg,0,0,,0,0,0,0,0,0,0,0,0,0
9c707885a.jpg,0,0,,0,0,0,0,0,0,0,0,0,0
9c70940aa.jpg,0,0,,0,0,0,0,0,0,0,0,0,0
9c765c32d.jpg,0,0,,0,0,0,0,0,0,0,0,0,0
9c7a6cf21.jpg,1,1,3,3,33902,0,0,33902,0,0,0,1,0
9c7d10c89.jpg,1,1,3,3,46116,0,0,46116,0,0,0,1,0
9c81f6e2e.jpg,0,0,,0,0,0,0,0,0,0,0,0,0
9c840a05c.jpg,0,0,,0,0,0,0,0,0,0,0,0,0
9c850bf6c.jpg,1,1,3,3,4310,0,0,4310,0,0,0,1,0
9c936d05f.jpg,1,1,3,3,35312,0,0,35312,0,0,0,1,0
9c98c13cc.jpg,0,0,,0,0,0,0,0,0,0,0,0,0
9c9ea5f57.jpg,1,1,3,3,72075,0,0,72075,0,0,0,1,0
9ca4a3d92.jpg,1,1,3,3,30054,0,0,30054,0,0,0,1,0
9cbbc9472.jpg,0,0,,0,0,0,0,0,0,0,0,0,0
9cc9355cd.jpg,0,0,,0,0,0,0,0,0,0,0,0,0
9cccdc9c0.jpg,1,1,3,3,8371,0,0,8371,0,0,0,1,0
9ccddca1a.jpg,0,0,,0,0,0,0,0,0,0,0,0,0
9cd1d622e.jpg,1,2,1|3,1,5379,3162,0,2217,0,1,0,1,0
9ce34209d.jpg,0,0,,0,0,0,0,0,0,0,0,0,0
9ce68c10a.jpg,1,2,1|3,3,16967,6591,0,10376,0,1,0,1,0
9ce68f8a1.jpg,0,0,,0,0,0,0,0,0,0,0,0,0
9ce9f9c78.jpg,0,0,,0,0,0,0,0,0,0,0,0,0
9cee4ab2e.jpg,1,1,1,1,746,746,0,0,0,1,0,0,0
9cf46dde4.jpg,0,0,,0,0,0,0,0,0,0,0,0,0
9cf6c69a5.jpg,0,0,,0,0,0,0,0,0,0,0,0,0
9cfa7be25.jpg,1,1,3,3,19539,0,0,19539,0,0,0,1,0
9cfa9539e.jpg,1,1,3,3,3456,0,0,3456,0,0,0,1,0
9d0b3a0f7.jpg,1,1,3,3,28036,0,0,28036,0,0,0,1,0
9d0c9812c.jpg,0,0,,0,0,0,0,0,0,0,0,0,0
9d1e2defb.jpg,1,1,3,3,22126,0,0,22126,0,0,0,1,0
9d1e8be32.jpg,0,0,,0,0,0,0,0,0,0,0,0,0
9d22ddbf2.jpg,1,1,3,3,7864,0,0,7864,0,0,0,1,0
9d24b2e5b.jpg,0,0,,0,0,0,0,0,0,0,0,0,0
9d299f398.jpg,0,0,,0,0,0,0,0,0,0,0,0,0
9d2a467b0.jpg,1,1,4,4,7259,0,0,0,7259,0,0,0,1
9d34d1ed3.jpg,1,1,3,3,12928,0,0,12928,0,0,0,1,0
9d3b4a019.jpg,1,1,4,4,14419,0,0,0,14419,0,0,0,1
9d3bed2a3.jpg,0,0,,0,0,0,0,0,0,0,0,0,0
9d3f69524.jpg,1,1,3,3,9729,0,0,9729,0,0,0,1,0
9d415d2b1.jpg,1,1,3,3,3946,0,0,3946,0,0,0,1,0
9d4b9f63c.jpg,1,1,4,4,57407,0,0,0,57407,0,0,0,1
9d4d73931.jpg,0,0,,0,0,0,0,0,0,0,0,0,0
9d57d9095.jpg,1,2,1|3,3,15142,2336,0,12806,0,1,0,1,0
9d64b3372.jpg,1,1,3,3,13845,0,0,13845,0,0,0,1,0
9d685a825.jpg,1,1,3,3,12879,0,0,12879,0,0,0,1,0
9d73bc0ef.jpg,1,1,3,3,39752,0,0,39752,0,0,0,1,0
9d7410696.jpg,0,0,,0,0,0,0,0,0,0,0,0,0
9d742f4b4.jpg,0,0,,0,0,0,0,0,0,0,0,0,0
9d76f9e55.jpg,0,0,,0,0,0,0,0,0,0,0,0,0
9d77811eb.jpg,1,1,3,3,8746,0,0,8746,0,0,0,1,0
9d7ed0880.jpg,1,1,3,3,28997,0,0,28997,0,0,0,1,0
9d8369659.jpg,1,1,3,3,30348,0,0,30348,0,0,0,1,0
9d9020e1d.jpg,1,1,3,3,52631,0,0,52631,0,0,0,1,0
9d9e8722f.jpg,0,0,,0,0,0,0,0,0,0,0,0,0
9da113655.jpg,0,0,,0,0,0,0,0,0,0,0,0,0
9db16f031.jpg,1,1,1,1,919,919,0,0,0,1,0,0,0
9db1d6f4c.jpg,1,1,3,3,24053,0,0,24053,0,0,0,1,0
9db392648.jpg,1,1,3,3,14622,0,0,14622,0,0,0,1,0
9db428c2d.jpg,0,0,,0,0,0,0,0,0,0,0,0,0
9db7b8d33.jpg,0,0,,0,0,0,0,0,0,0,0,0,0
9db7cdc58.jpg,1,1,3,3,38563,0,0,38563,0,0,0,1,0
9dbb7b85c.jpg,1,1,3,3,7364,0,0,7364,0,0,0,1,0
9dc65bc1e.jpg,1,1,2,2,5282,0,5282,0,0,0,1,0,0
9ddbb8f42.jpg,1,1,3,3,3917,0,0,3917,0,0,0,1,0
9ddc8a514.jpg,1,1,3,3,54965,0,0,54965,0,0,0,1,0
9df65465f.jpg,0,0,,0,0,0,0,0,0,0,0,0,0
9dfb319cc.jpg,1,1,3,3,98891,0,0,98891,0,0,0,1,0
9dfd2503e.jpg,0,0,,0,0,0,0,0,0,0,0,0,0
9e009a678.jpg,1,1,3,3,5227,0,0,5227,0,0,0,1,0
9e09a89da.jpg,0,0,,0,0,0,0,0,0,0,0,0,0
9e130c0b6.jpg,1,1,3,3,62657,0,0,62657,0,0,0,1,0
9e1406b36.jpg,1,1,3,3,1526,0,0,1526,0,0,0,1,0
9e1d4b339.jpg,1,1,4,4,20568,0,0,0,20568,0,0,0,1
9e1f9aaaf.jpg,1,1,3,3,25055,0,0,25055,0,0,0,1,0
9e2325f2a.jpg,1,1,3,3,10392,0,0,10392,0,0,0,1,0
9e26c5b98.jpg,0,0,,0,0,0,0,0,0,0,0,0,0
9e2d7ad80.jpg,1,1,3,3,10214,0,0,10214,0,0,0,1,0
9e2ecb1bc.jpg,0,0,,0,0,0,0,0,0,0,0,0,0
9e33829a0.jpg,0,0,,0,0,0,0,0,0,0,0,0,0
9e355ac77.jpg,0,0,,0,0,0,0,0,0,0,0,0,0
9e37ef709.jpg,1,1,3,3,8504,0,0,8504,0,0,0,1,0
9e3840cd6.jpg,0,0,,0,0,0,0,0,0,0,0,0,0
9e39834da.jpg,1,1,3,3,47448,0,0,47448,0,0,0,1,0
9e3aec0e0.jpg,0,0,,0,0,0,0,0,0,0,0,0,0
9e4147d6b.jpg,1,1,3,3,11269,0,0,11269,0,0,0,1,0
9e450923e.jpg,1,1,4,4,154818,0,0,0,154818,0,0,0,1
9e467cb05.jpg,1,1,3,3,67543,0,0,67543,0,0,0,1,0
9e5b91357.jpg,0,0,,0,0,0,0,0,0,0,0,0,0
9e61ce866.jpg,0,0,,0,0,0,0,0,0,0,0,0,0
9e64fcd30.jpg,0,0,,0,0,0,0,0,0,0,0,0,0
9e676691b.jpg,0,0,,0,0,0,0,0,0,0,0,0,0
9e6f20517.jpg,0,0,,0,0,0,0,0,0,0,0,0,0
9e76cabaa.jpg,0,0,,0,0,0,0,0,0,0,0,0,0
9e8d10d0a.jpg,0,0,,0,0,0,0,0,0,0,0,0,0
9e908d39e.jpg,0,0,,0,0,0,0,0,0,0,0,0,0
9e94842da.jpg,0,0,,0,0,0,0,0,0,0,0,0,0
9e9c6cd05.jpg,0,0,,0,0,0,0,0,0,0,0,0,0
9ea0fe458.jpg,0,0,,0,0,0,0,0,0,0,0,0,0
9ea3ea37b.jpg,1,1,3,3,2023,0,0,2023,0,0,0,1,0
9ea9ca4c8.jpg,1,1,3,3,3953,0,0,3953,0,0,0,1,0
9eaaf83d7.jpg,1,1,3,3,4308,0,0,4308,0,0,0,1,0
9eace863c.jpg,1,1,3,3,1102,0,0,1102,0,0,0,1,0
9ead58088.jpg,1,1,3,3,133135,0,0,133135,0,0,0,1,0
9eb76f829.jpg,1,1,2,2,5005,0,5005,0,0,0,1,0,0
9eb8c84bd.jpg,0,0,,0,0,0,0,0,0,0,0,0,0
9ebb54e56.jpg,1,1,3,3,69587,0,0,69587,0,0,0,1,0
9ec897b68.jpg,1,1,3,3,157597,0,0,157597,0,0,0,1,0
9ecb2f113.jpg,1,1,3,3,61167,0,0,61167,0,0,0,1,0
9ed47c324.jpg,1,1,3,3,4579,0,0,4579,0,0,0,1,0
9ed6f9c81.jpg,1,1,3,3,9553,0,0,9553,0,0,0,1,0
9ed73526a.jpg,0,0,,0,0,0,0,0,0,0,0,0,0
9edb5294f.jpg,0,0,,0,0,0,0,0,0,0,0,0,0
9edc849c6.jpg,1,1,3,3,8766,0,0,8766,0,0,0,1,0
9edf820d2.jpg,0,0,,0,0,0,0,0,0,0,0,0,0
9eea99817.jpg,0,0,,0,0,0,0,0,0,0,0,0,0
9eeadb0f5.jpg,1,1,3,3,4352,0,0,4352,0,0,0,1,0
9eeca6066.jpg,0,0,,0,0,0,0,0,0,0,0,0,0
9eed09712.jpg,1,2,1|3,1,1985,1170,0,815,0,1,0,1,0
9eed4fc7c.jpg,1,1,3,3,3942,0,0,3942,0,0,0,1,0
9ef683a79.jpg,1,1,3,3,82397,0,0,82397,0,0,0,1,0
9ef6d3730.jpg,0,0,,0,0,0,0,0,0,0,0,0,0
9ef832f8d.jpg,0,0,,0,0,0,0,0,0,0,0,0,0
9efb4b561.jpg,0,0,,0,0,0,0,0,0,0,0,0,0
9efbc9bb6.jpg,1,1,3,3,65226,0,0,65226,0,0,0,1,0
9efbf2ac6.jpg,1,1,3,3,1309,0,0,1309,0,0,0,1,0
9efc6682e.jpg,1,1,3,3,1458,0,0,1458,0,0,0,1,0
9efc711f5.jpg,0,0,,0,0,0,0,0,0,0,0,0,0
9f054c54f.jpg,1,1,1,1,1916,1916,0,0,0,1,0,0,0
9f101a24e.jpg,1,1,3,3,23584,0,0,23584,0,0,0,1,0
9f15729ba.jpg,1,1,3,3,3094,0,0,3094,0,0,0,1,0
9f179959b.jpg,1,1,3,3,4293,0,0,4293,0,0,0,1,0
9f1a90c97.jpg,1,1,3,3,113739,0,0,113739,0,0,0,1,0
9f24a3e5c.jpg,0,0,,0,0,0,0,0,0,0,0,0,0
9f282448c.jpg,0,0,,0,0,0,0,0,0,0,0,0,0
9f2871e90.jpg,1,1,3,3,8320,0,0,8320,0,0,0,1,0
9f2b5e50a.jpg,1,1,3,3,13292,0,0,13292,0,0,0,1,0
9f2f9704e.jpg,1,2,1|3,3,15305,7067,0,8238,0,1,0,1,0
9f34c4775.jpg,1,1,3,3,50254,0,0,50254,0,0,0,1,0
9f38e4503.jpg,0,0,,0,0,0,0,0,0,0,0,0,0
9f43931af.jpg,1,1,3,3,4100,0,0,4100,0,0,0,1,0
9f6016bcc.jpg,1,1,3,3,16001,0,0,16001,0,0,0,1,0
9f7063103.jpg,1,1,3,3,60903,0,0,60903,0,0,0,1,0
9f88a11c0.jpg,0,0,,0,0,0,0,0,0,0,0,0,0
9f8bca61c.jpg,0,0,,0,0,0,0,0,0,0,0,0,0
9f8f010ab.jpg,0,0,,0,0,0,0,0,0,0,0,0,0
9f96b3c41.jpg,0,0,,0,0,0,0,0,0,0,0,0,0
9f9fd2ade.jpg,0,0,,0,0,0,0,0,0,0,0,0,0
9fa18df3e.jpg,0,0,,0,0,0,0,0,0,0,0,0,0
9fab4894b.jpg,1,1,3,3,12736,0,0,12736,0,0,0,1,0
9fac588ab.jpg,1,1,3,3,16315,0,0,16315,0,0,0,1,0
9faff1eb0.jpg,0,0,,0,0,0,0,0,0,0,0,0,0
9fb53a74b.jpg,0,0,,0,0,0,0,0,0,0,0,0,0
9fb6cec57.jpg,0,0,,0,0,0,0,0,0,0,0,0,0
9fbd05c12.jpg,0,0,,0,0,0,0,0,0,0,0,0,0
9fbfe9582.jpg,0,0,,0,0,0,0,0,0,0,0,0,0
9fc472430.jpg,1,1,3,3,2181,0,0,2181,0,0,0,1,0
9fce63e11.jpg,1,1,3,3,5119,0,0,5119,0,0,0,1,0
9fcfa539e.jpg,0,0,,0,0,0,0,0,0,0,0,0,0
9fda4f231.jpg,1,1,3,3,30696,0,0,30696,0,0,0,1,0
9fdb4a6aa.jpg,0,0,,0,0,0,0,0,0,0,0,0,0
9fdcc3ff0.jpg,0,0,,0,0,0,0,0,0,0,0,0,0
9fe98d5d2.jpg,0,0,,0,0,0,0,0,0,0,0,0,0
9fea4f2ab.jpg,1,1,3,3,94803,0,0,94803,0,0,0,1,0
9fed72af4.jpg,1,1,3,3,7773,0,0,7773,0,0,0,1,0
9fee0c63a.jpg,0,0,,0,0,0,0,0,0,0,0,0,0
9ff2aa5c5.jpg,1,1,3,3,56965,0,0,56965,0,0,0,1,0
9ffe5113f.jpg,0,0,,0,0,0,0,0,0,0,0,0,0
a0058b3fe.jpg,1,1,3,3,5556,0,0,5556,0,0,0,1,0
a008ffb41.jpg,0,0,,0,0,0,0,0,0,0,0,0,0
a00e32c0a.jpg,0,0,,0,0,0,0,0,0,0,0,0,0
a013f42d6.jpg,0,0,,0,0,0,0,0,0,0,0,0,0
a0155346d.jpg,1,1,3,3,1754,0,0,1754,0,0,0,1,0
a01bc9da8.jpg,1,1,3,3,15268,0,0,15268,0,0,0,1,0
a01c8ce20.jpg,1,1,3,3,7177,0,0,7177,0,0,0,1,0
a0256a733.jpg,1,1,3,3,11749,0,0,11749,0,0,0,1,0
a025c6ed2.jpg,1,1,3,3,39924,0,0,39924,0,0,0,1,0
a02de9f58.jpg,0,0,,0,0,0,0,0,0,0,0,0,0
a02fe46b6.jpg,1,1,3,3,37306,0,0,37306,0,0,0,1,0
a0383c60d.jpg,0,0,,0,0,0,0,0,0,0,0,0,0
a0444f94b.jpg,0,0,,0,0,0,0,0,0,0,0,0,0
a045e21e6.jpg,1,1,3,3,14943,0,0,14943,0,0,0,1,0
a04b954ec.jpg,0,0,,0,0,0,0,0,0,0,0,0,0
a050e9412.jpg,0,0,,0,0,0,0,0,0,0,0,0,0
a053e52ca.jpg,1,1,3,3,12032,0,0,12032,0,0,0,1,0
a056c104a.jpg,1,1,3,3,15254,0,0,15254,0,0,0,1,0
a05708135.jpg,1,1,3,3,17628,0,0,17628,0,0,0,1,0
a0709a1e6.jpg,1,1,3,3,3234,0,0,3234,0,0,0,1,0
a080c7611.jpg,0,0,,0,0,0,0,0,0,0,0,0,0
a083a8cbc.jpg,1,1,1,1,4033,4033,0,0,0,1,0,0,0
a08573f08.jpg,1,1,3,3,13453,0,0,13453,0,0,0,1,0
a08ace855.jpg,0,0,,0,0,0,0,0,0,0,0,0,0
a08e02e56.jpg,1,1,3,3,93217,0,0,93217,0,0,0,1,0
a0906d0b3.jpg,1,1,4,4,16144,0,0,0,16144,0,0,0,1
a09117fd7.jpg,0,0,,0,0,0,0,0,0,0,0,0,0
a095f571c.jpg,0,0,,0,0,0,0,0,0,0,0,0,0
a09855d99.jpg,0,0,,0,0,0,0,0,0,0,0,0,0
a09a889b2.jpg,1,1,3,3,6773,0,0,6773,0,0,0,1,0
a09e5bfb0.jpg,1,1,4,4,108179,0,0,0,108179,0,0,0,1
a0a34a07c.jpg,1,1,3,3,52301,0,0,52301,0,0,0,1,0
a0a58dd59.jpg,1,1,4,4,55673,0,0,0,55673,0,0,0,1
a0ae0cbcf.jpg,1,2,1|3,3,19214,2958,0,16256,0,1,0,1,0
a0b425852.jpg,0,0,,0,0,0,0,0,0,0,0,0,0
a0b60506e.jpg,0,0,,0,0,0,0,0,0,0,0,0,0
a0b862abb.jpg,0,0,,0,0,0,0,0,0,0,0,0,0
a0baccc57.jpg,0,0,,0,0,0,0,0,0,0,0,0,0
a0bfe723c.jpg,0,0,,0,0,0,0,0,0,0,0,0,0
a0c31208b.jpg,0,0,,0,0,0,0,0,0,0,0,0,0
a0c3dc23f.jpg,0,0,,0,0,0,0,0,0,0,0,0,0
a0c4d93c1.jpg,1,2,3|4,4,7723,0,0,893,6830,0,0,1,1
a0c650375.jpg,1,1,3,3,7462,0,0,7462,0,0,0,1,0
a0c6fd992.jpg,1,1,3,3,25354,0,0,25354,0,0,0,1,0
a0ce98154.jpg,1,2,1|3,1,12735,10504,0,2231,0,1,0,1,0
a0d0e8d7a.jpg,0,0,,0,0,0,0,0,0,0,0,0,0
a0d19387f.jpg,1,1,1,1,449,449,0,0,0,1,0,0,0
a0d7cf4d8.jpg,0,0,,0,0,0,0,0,0,0,0,0,0
a0de93374.jpg,1,1,1,1,6722,6722,0,0,0,1,0,0,0
a0e01eb84.jpg,1,1,3,3,14366,0,0,14366,0,0,0,1,0
a0e033c85.jpg,0,0,,0,0,0,0,0,0,0,0,0,0
a0ee1d0ac.jpg,1,1,3,3,9176,0,0,9176,0,0,0,1,0
a0ee68275.jpg,0,0,,0,0,0,0,0,0,0,0,0,0
a0ee7a955.jpg,1,1,3,3,1631,0,0,1631,0,0,0,1,0
a0f71aeed.jpg,0,0,,0,0,0,0,0,0,0,0,0,0
a0fcb1803.jpg,1,1,3,3,3614,0,0,3614,0,0,0,1,0
a10226cb3.jpg,0,0,,0,0,0,0,0,0,0,0,0,0
a10a35f4f.jpg,1,1,3,3,49152,0,0,49152,0,0,0,1,0
a10c18895.jpg,1,1,3,3,4458,0,0,4458,0,0,0,1,0
a10c2a8dd.jpg,0,0,,0,0,0,0,0,0,0,0,0,0
a10fb7849.jpg,1,1,1,1,4333,4333,0,0,0,1,0,0,0
a115aabc4.jpg,1,2,2|3,3,6517,0,2067,4450,0,0,1,1,0
a129732b2.jpg,1,1,3,3,4992,0,0,4992,0,0,0,1,0
a130c38e0.jpg,0,0,,0,0,0,0,0,0,0,0,0,0
a13437817.jpg,1,1,3,3,159592,0,0,159592,0,0,0,1,0
a135808ff.jpg,1,1,3,3,2704,0,0,2704,0,0,0,1,0
a13c52c08.jpg,1,1,1,1,1494,1494,0,0,0,1,0,0,0
a1456c075.jpg,0,0,,0,0,0,0,0,0,0,0,0,0
a14c30405.jpg,0,0,,0,0,0,0,0,0,0,0,0,0
a14d16eed.jpg,0,0,,0,0,0,0,0,0,0,0,0,0
a14e96726.jpg,1,1,3,3,16837,0,0,16837,0,0,0,1,0
a14eeb75d.jpg,1,1,3,3,64635,0,0,64635,0,0,0,1,0
a1503af41.jpg,0,0,,0,0,0,0,0,0,0,0,0,0
a152690b6.jpg,1,2,1|3,3,6768,2565,0,4203,0,1,0,1,0
a1547cdfd.jpg,0,0,,0,0,0,0,0,0,0,0,0,0
a154fdcfd.jpg,1,1,4,4,171949,0,0,0,171949,0,0,0,1
a15500c55.jpg,1,1,4,4,59740,0,0,0,59740,0,0,0,1
a1570342b.jpg,0,0,,0,0,0,0,0,0,0,0,0,0
a16672b15.jpg,1,1,1,1,984,984,0,0,0,1,0,0,0
a16e807b5.jpg,0,0,,0,0,0,0,0,0,0,0,0,0
a1708dc79.jpg,0,0,,0,0,0,0,0,0,0,0,0,0
a17a84d8f.jpg,1,1,3,3,8840,0,0,8840,0,0,0,1,0
a17aa65b7.jpg,0,0,,0,0,0,0,0,0,0,0,0,0
a17bb5212.jpg,0,0,,0,0,0,0,0,0,0,0,0,0
a17df17bd.jpg,0,0,,0,0,0,0,0,0,0,0,0,0
a182761fa.jpg,0,0,,0,0,0,0,0,0,0,0,0,0
a187d1897.jpg,1,1,3,3,9827,0,0,9827,0,0,0,1,0
a189ded53.jpg,1,1,1,1,2593,2593,0,0,0,1,0,0,0
a18bdb241.jpg,1,1,3,3,4316,0,0,4316,0,0,0,1,0
a1982cad5.jpg,1,1,3,3,3817,0,0,3817,0,0,0,1,0
a1a0111dd.jpg,0,0,,0,0,0,0,0,0,0,0,0,0
a1b3fa11b.jpg,1,1,1,1,6980,6980,0,0,0,1,0,0,0
a1b56b236.jpg,0,0,,0,0,0,0,0,0,0,0,0,0
a1bede9b1.jpg,1,1,3,3,2564,0,0,2564,0,0,0,1,0
a1c385029.jpg,1,1,3,3,13169,0,0,13169,0,0,0,1,0
a1c4d9bfa.jpg,0,0,,0,0,0,0,0,0,0,0,0,0
a1d0b7617.jpg,1,1,3,3,15786,0,0,15786,0,0,0,1,0
a1d39efe0.jpg,0,0,,0,0,0,0,0,0,0,0,0,0
a1d4c698a.jpg,0,0,,0,0,0,0,0,0,0,0,0,0
a1d5d669f.jpg,1,1,3,3,10267,0,0,10267,0,0,0,1,0
a1dba4777.jpg,1,1,3,3,16317,0,0,16317,0,0,0,1,0
a1eb6b356.jpg,0,0,,0,0,0,0,0,0,0,0,0,0
a1ecc1ddb.jpg,0,0,,0,0,0,0,0,0,0,0,0,0
a1eedc997.jpg,0,0,,0,0,0,0,0,0,0,0,0,0
a1f41023e.jpg,1,1,3,3,60610,0,0,60610,0,0,0,1,0
a1f5481df.jpg,1,1,3,3,42290,0,0,42290,0,0,0,1,0
a2098618c.jpg,1,1,3,3,4055,0,0,4055,0,0,0,1,0
a20f83481.jpg,0,0,,0,0,0,0,0,0,0,0,0,0
a21bfa25a.jpg,1,1,3,3,22513,0,0,22513,0,0,0,1,0
a21d00db9.jpg,1,1,3,3,24022,0,0,24022,0,0,0,1,0
a21d2da50.jpg,0,0,,0,0,0,0,0,0,0,0,0,0
a21fa9b86.jpg,1,1,3,3,29198,0,0,29198,0,0,0,1,0
a223350f7.jpg,1,1,4,4,76994,0,0,0,76994,0,0,0,1
a22639daa.jpg,1,1,1,1,4772,4772,0,0,0,1,0,0,0
a22a5c323.jpg,0,0,,0,0,0,0,0,0,0,0,0,0
a22a90fc0.jpg,0,0,,0,0,0,0,0,0,0,0,0,0
a231b46ec.jpg,1,1,3,3,22361,0,0,22361,0,0,0,1,0
a2337ccb3.jpg,1,1,4,4,15474,0,0,0,15474,0,0,0,1
a2370a6d5.jpg,0,0,,0,0,0,0,0,0,0,0,0,0
a2377d13f.jpg,0,0,,0,0,0,0,0,0,0,0,0,0
a239718e1.jpg,1,1,3,3,19098,0,0,19098,0,0,0,1,0
a240cf0d3.jpg,0,0,,0,0,0,0,0,0,0,0,0,0
a2444ac38.jpg,1,1,3,3,4669,0,0,4669,0,0,0,1,0
a2554a434.jpg,0,0,,0,0,0,0,0,0,0,0,0,0
a259c1a4d.jpg,0,0,,0,0,0,0,0,0,0,0,0,0
a2628aa4b.jpg,0,0,,0,0,0,0,0,0,0,0,0,0
a26432b80.jpg,0,0,,0,0,0,0,0,0,0,0,0,0
a272e2e20.jpg,0,0,,0,0,0,0,0,0,0,0,0,0
a273bdec1.jpg,0,0,,0,0,0,0,0,0,0,0,0,0
a27bd6af7.jpg,1,1,3,3,9397,0,0,9397,0,0,0,1,0
a27d1d567.jpg,0,0,,0,0,0,0,0,0,0,0,0,0
a2889c2fa.jpg,1,2,1|2,2,7661,465,7196,0,0,1,1,0,0
a28a7b7be.jpg,1,2,1|3,1,12439,6302,0,6137,0,1,0,1,0
a298592e9.jpg,0,0,,0,0,0,0,0,0,0,0,0,0
a29c6239f.jpg,1,2,3|4,4,43560,0,0,15152,28408,0,0,1,1
a2a4076c9.jpg,0,0,,0,0,0,0,0,0,0,0,0,0
a2a8ba02d.jpg,0,0,,0,0,0,0,0,0,0,0,0,0
a2ae3e0d5.jpg,0,0,,0,0,0,0,0,0,0,0,0,0
a2b2c9e3e.jpg,1,1,3,3,132235,0,0,132235,0,0,0,1,0
a2bdcd021.jpg,1,1,1,1,4863,4863,0,0,0,1,0,0,0
a2bde42d4.jpg,0,0,,0,0,0,0,0,0,0,0,0,0
a2befa67f.jpg,0,0,,0,0,0,0,0,0,0,0,0,0
a2c0731d2.jpg,1,1,3,3,3689,0,0,3689,0,0,0,1,0
a2cb5be8f.jpg,1,1,3,3,4787,0,0,4787,0,0,0,1,0
a2d35199d.jpg,0,0,,0,0,0,0,0,0,0,0,0,0
a2d475315.jpg,1,1,3,3,4578,0,0,4578,0,0,0,1,0
a2e083f69.jpg,1,1,3,3,62231,0,0,62231,0,0,0,1,0
a2e328f50.jpg,1,1,3,3,2119,0,0,2119,0,0,0,1,0
a2e51f9a0.jpg,0,0,,0,0,0,0,0,0,0,0,0,0
a2e96800f.jpg,1,1,4,4,5919,0,0,0,5919,0,0,0,1
a2fcb4144.jpg,0,0,,0,0,0,0,0,0,0,0,0,0
a2ff5d12e.jpg,0,0,,0,0,0,0,0,0,0,0,0,0
a2ffeeef4.jpg,0,0,,0,0,0,0,0,0,0,0,0,0
a30d21396.jpg,0,0,,0,0,0,0,0,0,0,0,0,0
a30f25e82.jpg,0,0,,0,0,0,0,0,0,0,0,0,0
a30fa9eb5.jpg,1,1,3,3,11264,0,0,11264,0,0,0,1,0
a30fe9da2.jpg,1,1,3,3,20525,0,0,20525,0,0,0,1,0
a3110d7db.jpg,0,0,,0,0,0,0,0,0,0,0,0,0
a314405e3.jpg,0,0,,0,0,0,0,0,0,0,0,0,0
a3148f47c.jpg,1,1,2,2,3980,0,3980,0,0,0,1,0,0
a316898ca.jpg,1,1,1,1,5972,5972,0,0,0,1,0,0,0
a31917703.jpg,0,0,,0,0,0,0,0,0,0,0,0,0
a31bad68b.jpg,1,1,3,3,13425,0,0,13425,0,0,0,1,0
a3217ee57.jpg,1,1,3,3,10120,0,0,10120,0,0,0,1,0
a323256b5.jpg,0,0,,0,0,0,0,0,0,0,0,0,0
a32f079ad.jpg,1,1,3,3,57867,0,0,57867,0,0,0,1,0
a3339fb1b.jpg,0,0,,0,0,0,0,0,0,0,0,0,0
a335e099a.jpg,0,0,,0,0,0,0,0,0,0,0,0,0
a335fc5cc.jpg,1,1,1,1,2186,2186,0,0,0,1,0,0,0
a33b2c662.jpg,1,2,3|4,4,36177,0,0,4846,31331,0,0,1,1
a33d86440.jpg,1,1,1,1,5773,5773,0,0,0,1,0,0,0
a33ec265a.jpg,1,1,3,3,25358,0,0,25358,0,0,0,1,0
a3432d804.jpg,0,0,,0,0,0,0,0,0,0,0,0,0
a345caa40.jpg,1,1,2,2,2444,0,2444,0,0,0,1,0,0
a34704ab8.jpg,0,0,,0,0,0,0,0,0,0,0,0,0
a3513946d.jpg,0,0,,0,0,0,0,0,0,0,0,0,0
a353cf4d5.jpg,0,0,,0,0,0,0,0,0,0,0,0,0
a357efaad.jpg,0,0,,0,0,0,0,0,0,0,0,0,0
a35c00e81.jpg,0,0,,0,0,0,0,0,0,0,0,0,0
a35e7e370.jpg,1,1,3,3,5364,0,0,5364,0,0,0,1,0
a369c5c1f.jpg,1,1,3,3,18728,0,0,18728,0,0,0,1,0
a36c9a89e.jpg,0,0,,0,0,0,0,0,0,0,0,0,0
a36d791ee.jpg,0,0,,0,0,0,0,0,0,0,0,0,0
a36e53e97.jpg,0,0,,0,0,0,0,0,0,0,0,0,0
a3714aefc.jpg,1,1,3,3,11197,0,0,11197,0,0,0,1,0
a37447f04.jpg,1,2,3|4,3,108141,0,0,80946,27195,0,0,1,1
a37853f39.jpg,0,0,,0,0,0,0,0,0,0,0,0,0
a37cc5202.jpg,0,0,,0,0,0,0,0,0,0,0,0,0
a37e8f7f5.jpg,0,0,,0,0,0,0,0,0,0,0,0,0
a38aa9808.jpg,0,0,,0,0,0,0,0,0,0,0,0,0
a39b0ef7e.jpg,1,1,3,3,630,0,0,630,0,0,0,1,0
a3a0e9991.jpg,0,0,,0,0,0,0,0,0,0,0,0,0
a3a47b0f8.jpg,0,0,,0,0,0,0,0,0,0,0,0,0
a3a66a86a.jpg,1,1,3,3,3445,0,0,3445,0,0,0,1,0
a3a790c8f.jpg,0,0,,0,0,0,0,0,0,0,0,0,0
a3c3733cd.jpg,1,1,3,3,178622,0,0,178622,0,0,0,1,0
a3c477831.jpg,1,1,4,4,29301,0,0,0,29301,0,0,0,1
a3c50494f.jpg,0,0,,0,0,0,0,0,0,0,0,0,0
a3c64cf6e.jpg,0,0,,0,0,0,0,0,0,0,0,0,0
a3d5e7319.jpg,1,1,3,3,1740,0,0,1740,0,0,0,1,0
a3e0c4e52.jpg,0,0,,0,0,0,0,0,0,0,0,0,0
a3e2c4510.jpg,1,1,3,3,19939,0,0,19939,0,0,0,1,0
a3e9d328c.jpg,0,0,,0,0,0,0,0,0,0,0,0,0
a3eab84cd.jpg,0,0,,0,0,0,0,0,0,0,0,0,0
a3eac30dc.jpg,1,1,3,3,6071,0,0,6071,0,0,0,1,0
a3f913d5c.jpg,0,0,,0,0,0,0,0,0,0,0,0,0
a3fa62a41.jpg,0,0,,0,0,0,0,0,0,0,0,0,0
a3fc0bdd6.jpg,0,0,,0,0,0,0,0,0,0,0,0,0
a3fe8d17b.jpg,0,0,,0,0,0,0,0,0,0,0,0,0
a3fee6deb.jpg,0,0,,0,0,0,0,0,0,0,0,0,0
a4082ae09.jpg,0,0,,0,0,0,0,0,0,0,0,0,0
a41ba727f.jpg,1,1,2,2,2494,0,2494,0,0,0,1,0,0
a41d19162.jpg,0,0,,0,0,0,0,0,0,0,0,0,0
a41e950ce.jpg,1,1,1,1,1234,1234,0,0,0,1,0,0,0
a41f575ff.jpg,1,1,3,3,12896,0,0,12896,0,0,0,1,0
a426cd7bf.jpg,0,0,,0,0,0,0,0,0,0,0,0,0
a42786f51.jpg,0,0,,0,0,0,0,0,0,0,0,0,0
a42ac9f92.jpg,0,0,,0,0,0,0,0,0,0,0,0,0
a42c54240.jpg,0,0,,0,0,0,0,0,0,0,0,0,0
a42dee222.jpg,1,1,4,4,46847,0,0,0,46847,0,0,0,1
a430d56ba.jpg,1,1,3,3,10708,0,0,10708,0,0,0,1,0
a4334d7da.jpg,1,2,3|4,4,105590,0,0,10145,95445,0,0,1,1
a434d334f.jpg,1,1,3,3,24359,0,0,24359,0,0,0,1,0
a44dd8116.jpg,1,1,2,2,3783,0,3783,0,0,0,1,0,0
a44f7491d.jpg,0,0,,0,0,0,0,0,0,0,0,0,0
a467f34e0.jpg,0,0,,0,0,0,0,0,0,0,0,0,0
a470f2761.jpg,1,1,1,1,2015,2015,0,0,0,1,0,0,0
a471d7877.jpg,1,1,3,3,148764,0,0,148764,0,0,0,1,0
a481be5cc.jpg,0,0,,0,0,0,0,0,0,0,0,0,0
a4844715b.jpg,1,1,1,1,2223,2223,0,0,0,1,0,0,0
a485b97e7.jpg,1,1,3,3,3687,0,0,3687,0,0,0,1,0
a485d538c.jpg,1,1,3,3,16577,0,0,16577,0,0,0,1,0
a48712720.jpg,0,0,,0,0,0,0,0,0,0,0,0,0
a4906327e.jpg,1,1,3,3,31493,0,0,31493,0,0,0,1,0
a493cde22.jpg,1,1,3,3,17918,0,0,17918,0,0,0,1,0
a494826be.jpg,0,0,,0,0,0,0,0,0,0,0,0,0
a49b73fd3.jpg,0,0,,0,0,0,0,0,0,0,0,0,0
a49cff42b.jpg,1,1,3,3,11942,0,0,11942,0,0,0,1,0
a49d608f5.jpg,0,0,,0,0,0,0,0,0,0,0,0,0
a49edb718.jpg,1,1,3,3,6804,0,0,6804,0,0,0,1,0
a4a007ea2.jpg,0,0,,0,0,0,0,0,0,0,0,0,0
a4a328b6f.jpg,0,0,,0,0,0,0,0,0,0,0,0,0
a4a648cf6.jpg,1,1,4,4,36330,0,0,0,36330,0,0,0,1
a4aa453df.jpg,0,0,,0,0,0,0,0,0,0,0,0,0
a4b1020cc.jpg,0,0,,0,0,0,0,0,0,0,0,0,0
a4c928e9d.jpg,0,0,,0,0,0,0,0,0,0,0,0,0
a4c93ac65.jpg,1,1,3,3,10875,0,0,10875,0,0,0,1,0
a4c99b1bd.jpg,0,0,,0,0,0,0,0,0,0,0,0,0
a4cef60d1.jpg,1,1,3,3,5376,0,0,5376,0,0,0,1,0
a4d22b821.jpg,1,1,4,4,25571,0,0,0,25571,0,0,0,1
a4d3149e0.jpg,1,1,1,1,5673,5673,0,0,0,1,0,0,0
a4d75754c.jpg,0,0,,0,0,0,0,0,0,0,0,0,0
a4d9a97f6.jpg,1,2,3|4,4,98329,0,0,4380,93949,0,0,1,1
a4dc8cd6c.jpg,0,0,,0,0,0,0,0,0,0,0,0,0
a4dd4085e.jpg,0,0,,0,0,0,0,0,0,0,0,0,0
a4dff615e.jpg,1,1,3,3,5828,0,0,5828,0,0,0,1,0
a4e819837.jpg,0,0,,0,0,0,0,0,0,0,0,0,0
a4e947fb4.jpg,1,1,3,3,88059,0,0,88059,0,0,0,1,0
a4e9ea485.jpg,0,0,,0,0,0,0,0,0,0,0,0,0
a4f1180ba.jpg,1,1,3,3,70995,0,0,70995,0,0,0,1,0
a4f276f9a.jpg,0,0,,0,0,0,0,0,0,0,0,0,0
a4f349030.jpg,1,1,3,3,6144,0,0,6144,0,0,0,1,0
a4fa37d47.jpg,0,0,,0,0,0,0,0,0,0,0,0,0
a5006914c.jpg,1,1,3,3,7918,0,0,7918,0,0,0,1,0
a506b44b3.jpg,1,1,1,1,8424,8424,0,0,0,1,0,0,0
a508a338a.jpg,0,0,,0,0,0,0,0,0,0,0,0,0
a508dd004.jpg,1,2,3|4,4,29503,0,0,14133,15370,0,0,1,1
a5092043e.jpg,1,1,3,3,19862,0,0,19862,0,0,0,1,0
a50c4eeba.jpg,0,0,,0,0,0,0,0,0,0,0,0,0
a50f29d7f.jpg,0,0,,0,0,0,0,0,0,0,0,0,0
a51bf62f7.jpg,1,1,3,3,20035,0,0,20035,0,0,0,1,0
a51dab2d5.jpg,0,0,,0,0,0,0,0,0,0,0,0,0
a52aa70f7.jpg,0,0,,0,0,0,0,0,0,0,0,0,0
a52f36666.jpg,1,1,3,3,14388,0,0,14388,0,0,0,1,0
a53891ed0.jpg,1,1,1,1,3468,3468,0,0,0,1,0,0,0
a54129141.jpg,0,0,,0,0,0,0,0,0,0,0,0,0
a541e2eb6.jpg,1,1,3,3,8232,0,0,8232,0,0,0,1,0
a5428ec61.jpg,0,0,,0,0,0,0,0,0,0,0,0,0
a559091c5.jpg,1,1,1,1,1380,1380,0,0,0,1,0,0,0
a56476e8b.jpg,0,0,,0,0,0,0,0,0,0,0,0,0
a5655b60f.jpg,1,1,3,3,2290,0,0,2290,0,0,0,1,0
a567b95ad.jpg,1,1,3,3,47168,0,0,47168,0,0,0,1,0
a56c153e4.jpg,0,0,,0,0,0,0,0,0,0,0,0,0
a56c8f958.jpg,1,2,1|3,3,13908,2850,0,11058,0,1,0,1,0
a56d4b7be.jpg,1,1,1,1,1133,1133,0,0,0,1,0,0,0
a56df9123.jpg,1,1,2,2,316,0,316,0,0,0,1,0,0
a57369d47.jpg,1,1,3,3,218545,0,0,218545,0,0,0,1,0
a57c6a52f.jpg,0,0,,0,0,0,0,0,0,0,0,0,0
a58bc739c.jpg,0,0,,0,0,0,0,0,0,0,0,0,0
a59a92ca2.jpg,0,0,,0,0,0,0,0,0,0,0,0,0
a59ed020a.jpg,0,0,,0,0,0,0,0,0,0,0,0,0
a5a04bc33.jpg,0,0,,0,0,0,0,0,0,0,0,0,0
a5a0e4b19.jpg,1,1,3,3,10404,0,0,10404,0,0,0,1,0
a5a30d7e6.jpg,0,0,,0,0,0,0,0,0,0,0,0,0
a5a87540b.jpg,0,0,,0,0,0,0,0,0,0,0,0,0
a5aa4829b.jpg,1,1,3,3,11482,0,0,11482,0,0,0,1,0
a5ab1671d.jpg,0,0,,0,0,0,0,0,0,0,0,0,0
a5ac1a50b.jpg,1,1,3,3,45850,0,0,45850,0,0,0,1,0
a5b108eba.jpg,0,0,,0,0,0,0,0,0,0,0,0,0
a5b23c751.jpg,1,1,3,3,221179,0,0,221179,0,0,0,1,0
a5b484508.jpg,1,1,3,3,4608,0,0,4608,0,0,0,1,0
a5b53e614.jpg,1,1,3,3,28996,0,0,28996,0,0,0,1,0
a5b7b7fcc.jpg,1,1,3,3,2944,0,0,2944,0,0,0,1,0
a5bcebcac.jpg,0,0,,0,0,0,0,0,0,0,0,0,0
a5c3d1132.jpg,1,1,3,3,4825,0,0,4825,0,0,0,1,0
a5c7ae660.jpg,1,1,3,3,3990,0,0,3990,0,0,0,1,0
a5cb0256f.jpg,1,1,4,4,68914,0,0,0,68914,0,0,0,1
a5d571de0.jpg,1,1,3,3,18450,0,0,18450,0,0,0,1,0
a5d62699f.jpg,0,0,,0,0,0,0,0,0,0,0,0,0
a5d8010d4.jpg,1,1,3,3,9778,0,0,9778,0,0,0,1,0
a5da48f64.jpg,0,0,,0,0,0,0,0,0,0,0,0,0
a5e0a4b23.jpg,0,0,,0,0,0,0,0,0,0,0,0,0
a5e7b9502.jpg,1,1,3,3,91938,0,0,91938,0,0,0,1,0
a5e9195b6.jpg,1,1,3,3,132362,0,0,132362,0,0,0,1,0
a5eb02ff0.jpg,1,1,3,3,4224,0,0,4224,0,0,0,1,0
a5ed4358c.jpg,1,1,3,3,1467,0,0,1467,0,0,0,1,0
a5f3540e9.jpg,0,0,,0,0,0,0,0,0,0,0,0,0
a5f450999.jpg,0,0,,0,0,0,0,0,0,0,0,0,0
a5f52444d.jpg,0,0,,0,0,0,0,0,0,0,0,0,0
a5f996baa.jpg,1,1,3,3,139260,0,0,139260,0,0,0,1,0
a5fb2758e.jpg,1,1,3,3,10415,0,0,10415,0,0,0,1,0
a605eae5c.jpg,0,0,,0,0,0,0,0,0,0,0,0,0
a61636c13.jpg,1,1,3,3,9216,0,0,9216,0,0,0,1,0
a61727238.jpg,0,0,,0,0,0,0,0,0,0,0,0,0
a6195e2d6.jpg,1,1,4,4,19529,0,0,0,19529,0,0,0,1
a61996577.jpg,1,1,3,3,19421,0,0,19421,0,0,0,1,0
a61ce7b8a.jpg,1,2,3|4,4,47800,0,0,5466,42334,0,0,1,1
a62465bd7.jpg,1,1,3,3,13711,0,0,13711,0,0,0,1,0
a629cce39.jpg,1,1,3,3,19003,0,0,19003,0,0,0,1,0
a62c06b43.jpg,0,0,,0,0,0,0,0,0,0,0,0,0
a634d3a24.jpg,1,1,3,3,25940,0,0,25940,0,0,0,1,0
a63669b29.jpg,1,1,1,1,6881,6881,0,0,0,1,0,0,0
a63f10d77.jpg,0,0,,0,0,0,0,0,0,0,0,0,0
a64a77431.jpg,0,0,,0,0,0,0,0,0,0,0,0,0
a6521a8d9.jpg,0,0,,0,0,0,0,0,0,0,0,0,0
a65a8503a.jpg,1,1,3,3,31672,0,0,31672,0,0,0,1,0
a65d823b7.jpg,1,1,3,3,3072,0,0,3072,0,0,0,1,0
a660f51c6.jpg,0,0,,0,0,0,0,0,0,0,0,0,0
a662c0df3.jpg,0,0,,0,0,0,0,0,0,0,0,0,0
a664d8138.jpg,1,1,3,3,3591,0,0,3591,0,0,0,1,0
a67df9196.jpg,1,1,1,1,2814,2814,0,0,0,1,0,0,0
a687ef75e.jpg,0,0,,0,0,0,0,0,0,0,0,0,0
a68906588.jpg,1,1,3,3,3443,0,0,3443,0,0,0,1,0
a689f4047.jpg,1,1,1,1,3752,3752,0,0,0,1,0,0,0
a68a791fb.jpg,0,0,,0,0,0,0,0,0,0,0,0,0
a68dcc7d2.jpg,1,1,3,3,12930,0,0,12930,0,0,0,1,0
a697f938a.jpg,1,1,3,3,15657,0,0,15657,0,0,0,1,0
a6980dd61.jpg,1,1,3,3,13225,0,0,13225,0,0,0,1,0
a6984e46c.jpg,0,0,,0,0,0,0,0,0,0,0,0,0
a69fb48e2.jpg,1,1,3,3,4931,0,0,4931,0,0,0,1,0
a6a6f59c7.jpg,1,1,3,3,4181,0,0,4181,0,0,0,1,0
a6a8cf809.jpg,0,0,,0,0,0,0,0,0,0,0,0,0
a6aceec2e.jpg,1,2,3|4,4,46627,0,0,3833,42794,0,0,1,1
a6af7373c.jpg,1,1,3,3,13312,0,0,13312,0,0,0,1,0
a6b00abd7.jpg,1,1,3,3,8943,0,0,8943,0,0,0,1,0
a6b3d554a.jpg,1,1,3,3,2495,0,0,2495,0,0,0,1,0
a6b4602b6.jpg,0,0,,0,0,0,0,0,0,0,0,0,0
a6b56df05.jpg,1,1,3,3,6632,0,0,6632,0,0,0,1,0
a6ba6acf0.jpg,1,1,3,3,715,0,0,715,0,0,0,1,0
a6c28501b.jpg,1,1,3,3,12684,0,0,12684,0,0,0,1,0
a6c3abdb9.jpg,1,1,2,2,3760,0,3760,0,0,0,1,0,0
a6c7b60b3.jpg,1,1,3,3,72689,0,0,72689,0,0,0,1,0
a6de0caa4.jpg,0,0,,0,0,0,0,0,0,0,0,0,0
a6eaf9ea7.jpg,0,0,,0,0,0,0,0,0,0,0,0,0
a6ecee828.jpg,1,1,3,3,3894,0,0,3894,0,0,0,1,0
a6f761c3f.jpg,0,0,,0,0,0,0,0,0,0,0,0,0
a6fcd0f71.jpg,1,1,3,3,335,0,0,335,0,0,0,1,0
a70390e7a.jpg,0,0,,0,0,0,0,0,0,0,0,0,0
a705b49f9.jpg,0,0,,0,0,0,0,0,0,0,0,0,0
a705ed228.jpg,0,0,,0,0,0,0,0,0,0,0,0,0
a70b5d0c5.jpg,1,2,1|3,1,25348,17983,0,7365,0,1,0,1,0
a71670d83.jpg,1,1,3,3,6763,0,0,6763,0,0,0,1,0
a71e53574.jpg,1,1,3,3,1373,0,0,1373,0,0,0,1,0
a71e7121c.jpg,1,1,1,1,998,998,0,0,0,1,0,0,0
a725b623a.jpg,1,1,3,3,15760,0,0,15760,0,0,0,1,0
a72c797c1.jpg,0,0,,0,0,0,0,0,0,0,0,0,0
a72d931f0.jpg,1,1,1,1,1855,1855,0,0,0,1,0,0,0
a72dbed7c.jpg,0,0,,0,0,0,0,0,0,0,0,0,0
a72f6f83d.jpg,0,0,,0,0,0,0,0,0,0,0,0,0
a732b1b72.jpg,1,1,1,1,7636,7636,0,0,0,1,0,0,0
a733a2220.jpg,0,0,,0,0,0,0,0,0,0,0,0,0
a73464691.jpg,0,0,,0,0,0,0,0,0,0,0,0,0
a7391743c.jpg,1,1,1,1,1485,1485,0,0,0,1,0,0,0
a73c4e62c.jpg,0,0,,0,0,0,0,0,0,0,0,0,0
a73cf6a39.jpg,0,0,,0,0,0,0,0,0,0,0,0,0
a74cb0466.jpg,0,0,,0,0,0,0,0,0,0,0,0,0
a7509c7cd.jpg,0,0,,0,0,0,0,0,0,0,0,0,0
a750dc23a.jpg,1,1,4,4,9726,0,0,0,9726,0,0,0,1
a753532d6.jpg,1,2,3|4,4,82022,0,0,10150,71872,0,0,1,1
a7545c9c0.jpg,0,0,,0,0,0,0,0,0,0,0,0,0
a75bb4c01.jpg,1,1,2,2,2554,0,2554,0,0,0,1,0,0
a75ec2a42.jpg,1,1,3,3,3653,0,0,3653,0,0,0,1,0
a763e8b83.jpg,1,1,4,4,491,0,0,0,491,0,0,0,1
a7655a8d3.jpg,1,1,3,3,5390,0,0,5390,0,0,0,1,0
a76b26d44.jpg,1,1,3,3,12485,0,0,12485,0,0,0,1,0
a76baea54.jpg,0,0,,0,0,0,0,0,0,0,0,0,0
a76c5d9d6.jpg,0,0,,0,0,0,0,0,0,0,0,0,0
a76da9e56.jpg,0,0,,0,0,0,0,0,0,0,0,0,0
a77935a71.jpg,0,0,,0,0,0,0,0,0,0,0,0,0
a77af14dd.jpg,1,1,1,1,7825,7825,0,0,0,1,0,0,0
a77b147af.jpg,1,1,1,1,1837,1837,0,0,0,1,0,0,0
a78f72e04.jpg,1,1,3,3,9451,0,0,9451,0,0,0,1,0
a7942bafe.jpg,1,1,3,3,52963,0,0,52963,0,0,0,1,0
a79e9a769.jpg,1,1,3,3,4619,0,0,4619,0,0,0,1,0
a7a723242.jpg,0,0,,0,0,0,0,0,0,0,0,0,0
a7a9a1648.jpg,0,0,,0,0,0,0,0,0,0,0,0,0
a7b1e00e6.jpg,0,0,,0,0,0,0,0,0,0,0,0,0
a7b2ab721.jpg,0,0,,0,0,0,0,0,0,0,0,0,0
a7b7d8e30.jpg,0,0,,0,0,0,0,0,0,0,0,0,0
a7b8b9357.jpg,0,0,,0,0,0,0,0,0,0,0,0,0
a7bedd82e.jpg,0,0,,0,0,0,0,0,0,0,0,0,0
a7c57d74f.jpg,1,1,3,3,19218,0,0,19218,0,0,0,1,0
a7d470272.jpg,1,1,3,3,81680,0,0,81680,0,0,0,1,0
a7d5ae972.jpg,1,1,3,3,13151,0,0,13151,0,0,0,1,0
a7e675896.jpg,1,1,1,1,3103,3103,0,0,0,1,0,0,0
a7e79695b.jpg,1,1,3,3,2952,0,0,2952,0,0,0,1,0
a7f29f0b3.jpg,0,0,,0,0,0,0,0,0,0,0,0,0
a7f3a0644.jpg,0,0,,0,0,0,0,0,0,0,0,0,0
a800aee21.jpg,1,1,1,1,3504,3504,0,0,0,1,0,0,0
a803d991e.jpg,0,0,,0,0,0,0,0,0,0,0,0,0
a8146bce3.jpg,1,1,3,3,4096,0,0,4096,0,0,0,1,0
a81499b19.jpg,1,1,3,3,5208,0,0,5208,0,0,0,1,0
a814d8aba.jpg,0,0,,0,0,0,0,0,0,0,0,0,0
a817da1df.jpg,0,0,,0,0,0,0,0,0,0,0,0,0
a8188747f.jpg,1,1,3,3,21785,0,0,21785,0,0,0,1,0
a81d409c6.jpg,1,1,3,3,7303,0,0,7303,0,0,0,1,0
a8241cf3d.jpg,1,1,3,3,10556,0,0,10556,0,0,0,1,0
a826d9481.jpg,1,1,3,3,22784,0,0,22784,0,0,0,1,0
a82acacf2.jpg,0,0,,0,0,0,0,0,0,0,0,0,0
a82b34c33.jpg,1,1,3,3,55270,0,0,55270,0,0,0,1,0
a8312b3b0.jpg,1,1,1,1,625,625,0,0,0,1,0,0,0
a831d2806.jpg,1,1,3,3,58925,0,0,58925,0,0,0,1,0
a832e130a.jpg,0,0,,0,0,0,0,0,0,0,0,0,0
a83442a46.jpg,0,0,,0,0,0,0,0,0,0,0,0,0
a835a0e50.jpg,1,1,3,3,9751,0,0,9751,0,0,0,1,0
a838b8e5c.jpg,0,0,,0,0,0,0,0,0,0,0,0,0
a85276d6e.jpg,1,1,3,3,3126,0,0,3126,0,0,0,1,0
a85db4eac.jpg,0,0,,0,0,0,0,0,0,0,0,0,0
a86b9299f.jpg,0,0,,0,0,0,0,0,0,0,0,0,0
a86d2a653.jpg,0,0,,0,0,0,0,0,0,0,0,0,0
a87090528.jpg,0,0,,0,0,0,0,0,0,0,0,0,0
a8767436f.jpg,1,1,3,3,4864,0,0,4864,0,0,0,1,0
a886bfcfc.jpg,1,1,1,1,1554,1554,0,0,0,1,0,0,0
a88757126.jpg,1,1,3,3,21722,0,0,21722,0,0,0,1,0
a88a7e4c8.jpg,0,0,,0,0,0,0,0,0,0,0,0,0
a88dc13d6.jpg,1,1,3,3,13945,0,0,13945,0,0,0,1,0
a890f04af.jpg,0,0,,0,0,0,0,0,0,0,0,0,0
a899c0b38.jpg,0,0,,0,0,0,0,0,0,0,0,0,0
a89b353af.jpg,0,0,,0,0,0,0,0,0,0,0,0,0
a8a543129.jpg,0,0,,0,0,0,0,0,0,0,0,0,0
a8a6276cc.jpg,0,0,,0,0,0,0,0,0,0,0,0,0
a8a69d47e.jpg,0,0,,0,0,0,0,0,0,0,0,0,0
a8a7216e4.jpg,0,0,,0,0,0,0,0,0,0,0,0,0
a8a982a07.jpg,0,0,,0,0,0,0,0,0,0,0,0,0
a8b171a05.jpg,0,0,,0,0,0,0,0,0,0,0,0,0
a8b769ee0.jpg,0,0,,0,0,0,0,0,0,0,0,0,0
a8b77ce4d.jpg,1,1,1,1,1443,1443,0,0,0,1,0,0,0
a8b83f498.jpg,0,0,,0,0,0,0,0,0,0,0,0,0
a8ba23b0a.jpg,1,2,2|3,2,18091,0,11973,6118,0,0,1,1,0
a8bc0275d.jpg,1,1,3,3,12810,0,0,12810,0,0,0,1,0
a8c20e35b.jpg,0,0,,0,0,0,0,0,0,0,0,0,0
a8c34c3ee.jpg,0,0,,0,0,0,0,0,0,0,0,0,0
a8ca5b17d.jpg,0,0,,0,0,0,0,0,0,0,0,0,0
a8cbcb924.jpg,0,0,,0,0,0,0,0,0,0,0,0,0
a8cd71412.jpg,1,1,2,2,4774,0,4774,0,0,0,1,0,0
a8d60ce91.jpg,0,0,,0,0,0,0,0,0,0,0,0,0
a8de477f0.jpg,1,1,3,3,13043,0,0,13043,0,0,0,1,0
a8eaf15a1.jpg,1,1,3,3,4494,0,0,4494,0,0,0,1,0
a8eed9902.jpg,0,0,,0,0,0,0,0,0,0,0,0,0
a8f977b31.jpg,1,1,3,3,1988,0,0,1988,0,0,0,1,0
a8f9c8c03.jpg,0,0,,0,0,0,0,0,0,0,0,0,0
a8fc850dc.jpg,0,0,,0,0,0,0,0,0,0,0,0,0
a8fcfff62.jpg,1,1,3,3,18565,0,0,18565,0,0,0,1,0
a90767710.jpg,1,1,3,3,6193,0,0,6193,0,0,0,1,0
a909833f5.jpg,1,1,3,3,2557,0,0,2557,0,0,0,1,0
a9107b3b6.jpg,1,1,3,3,31297,0,0,31297,0,0,0,1,0
a9108753d.jpg,1,1,3,3,15647,0,0,15647,0,0,0,1,0
a912cf0b9.jpg,1,1,3,3,8727,0,0,8727,0,0,0,1,0
a91b97969.jpg,1,1,1,1,1200,1200,0,0,0,1,0,0,0
a922818e9.jpg,1,1,3,3,28650,0,0,28650,0,0,0,1,0
a922edcb6.jpg,1,1,3,3,4727,0,0,4727,0,0,0,1,0
a933c0101.jpg,0,0,,0,0,0,0,0,0,0,0,0,0
a9378655a.jpg,1,1,1,1,7642,7642,0,0,0,1,0,0,0
a93b52e93.jpg,1,1,3,3,6117,0,0,6117,0,0,0,1,0
a9414f90f.jpg,1,1,3,3,56566,0,0,56566,0,0,0,1,0
a94abfda7.jpg,1,1,3,3,213019,0,0,213019,0,0,0,1,0
a9531d54c.jpg,0,0,,0,0,0,0,0,0,0,0,0,0
a96489280.jpg,0,0,,0,0,0,0,0,0,0,0,0,0
a96ddfce2.jpg,0,0,,0,0,0,0,0,0,0,0,0,0
a97abc0aa.jpg,1,1,3,3,191044,0,0,191044,0,0,0,1,0
a97d3a84e.jpg,1,1,4,4,6476,0,0,0,6476,0,0,0,1
a9840c747.jpg,1,1,1,1,462,462,0,0,0,1,0,0,0
a985a9c7c.jpg,1,1,1,1,5429,5429,0,0,0,1,0,0,0
a98f00f6b.jpg,1,1,3,3,10899,0,0,10899,0,0,0,1,0
a9914e83b.jpg,1,2,3|4,4,43365,0,0,15454,27911,0,0,1,1
a9945ecd5.jpg,1,1,3,3,13544,0,0,13544,0,0,0,1,0
a997f247d.jpg,1,1,1,1,5232,5232,0,0,0,1,0,0,0
a99fdaaab.jpg,0,0,,0,0,0,0,0,0,0,0,0,0
a9a045b71.jpg,1,1,3,3,34420,0,0,34420,0,0,0,1,0
a9a0a7c73.jpg,0,0,,0,0,0,0,0,0,0,0,0,0
a9a5ac063.jpg,1,1,4,4,10765,0,0,0,10765,0,0,0,1
a9a69d683.jpg,0,0,,0,0,0,0,0,0,0,0,0,0
a9af4d1c1.jpg,0,0,,0,0,0,0,0,0,0,0,0,0
a9b1abf48.jpg,1,1,3,3,4812,0,0,4812,0,0,0,1,0
a9b30f4b1.jpg,0,0,,0,0,0,0,0,0,0,0,0,0
a9b327adb.jpg,1,1,3,3,49939,0,0,49939,0,0,0,1,0
a9b4c5d52.jpg,1,1,3,3,7240,0,0,7240,0,0,0,1,0
a9b58a3b9.jpg,0,0,,0,0,0,0,0,0,0,0,0,0
a9b87142c.jpg,0,0,,0,0,0,0,0,0,0,0,0,0
a9bc755fe.jpg,0,0,,0,0,0,0,0,0,0,0,0,0
a9c5e9f1e.jpg,1,1,3,3,8587,0,0,8587,0,0,0,1,0
a9cb86e69.jpg,1,1,1,1,818,818,0,0,0,1,0,0,0
a9cee6edb.jpg,1,1,3,3,58841,0,0,58841,0,0,0,1,0
a9d3b0f3e.jpg,1,1,3,3,3595,0,0,3595,0,0,0,1,0
a9d54a2fe.jpg,0,0,,0,0,0,0,0,0,0,0,0,0
a9d679c95.jpg,0,0,,0,0,0,0,0,0,0,0,0,0
a9dcd6f0b.jpg,0,0,,0,0,0,0,0,0,0,0,0,0
a9ddaaca6.jpg,0,0,,0,0,0,0,0,0,0,0,0,0
a9e1fc1bc.jpg,1,1,3,3,55274,0,0,55274,0,0,0,1,0
a9e2530ed.jpg,1,1,3,3,7340,0,0,7340,0,0,0,1,0
a9e5fc9ff.jpg,0,0,,0,0,0,0,0,0,0,0,0,0
a9e7b571e.jpg,1,1,4,4,113400,0,0,0,113400,0,0,0,1
a9ebd5d01.jpg,0,0,,0,0,0,0,0,0,0,0,0,0
a9ee60102.jpg,0,0,,0,0,0,0,0,0,0,0,0,0
a9eed3b01.jpg,1,1,3,3,12035,0,0,12035,0,0,0,1,0
a9f5f9806.jpg,1,1,3,3,61680,0,0,61680,0,0,0,1,0
a9f605949.jpg,1,1,3,3,293992,0,0,293992,0,0,0,1,0
aa029b4a0.jpg,1,1,3,3,28789,0,0,28789,0,0,0,1,0
aa0ab8bf3.jpg,0,0,,0,0,0,0,0,0,0,0,0,0
aa14f39fd.jpg,1,1,1,1,1059,1059,0,0,0,1,0,0,0
aa1645714.jpg,1,1,3,3,19997,0,0,19997,0,0,0,1,0
aa1c7c9cd.jpg,0,0,,0,0,0,0,0,0,0,0,0,0
aa1eff0d1.jpg,0,0,,0,0,0,0,0,0,0,0,0,0
aa218783a.jpg,1,1,3,3,42004,0,0,42004,0,0,0,1,0
aa29aae31.jpg,0,0,,0,0,0,0,0,0,0,0,0,0
aa2db8e29.jpg,1,1,3,3,8470,0,0,8470,0,0,0,1,0
aa3632918.jpg,0,0,,0,0,0,0,0,0,0,0,0,0
aa394081e.jpg,1,1,3,3,33108,0,0,33108,0,0,0,1,0
aa3fee531.jpg,0,0,,0,0,0,0,0,0,0,0,0,0
aa49482e5.jpg,1,1,4,4,12714,0,0,0,12714,0,0,0,1
aa4b29d91.jpg,1,1,3,3,57668,0,0,57668,0,0,0,1,0
aa53582ee.jpg,1,1,1,1,11127,11127,0,0,0,1,0,0,0
aa61a5c9f.jpg,1,1,3,3,9062,0,0,9062,0,0,0,1,0
aa626ae0c.jpg,1,1,3,3,14196,0,0,14196,0,0,0,1,0
aa6a2b3e5.jpg,0,0,,0,0,0,0,0,0,0,0,0,0
aa6bd6ba3.jpg,1,1,3,3,16735,0,0,16735,0,0,0,1,0
aa710b314.jpg,0,0,,0,0,0,0,0,0,0,0,0,0
aa741b586.jpg,1,1,3,3,8304,0,0,8304,0,0,0,1,0
aa7a0bcf3.jpg,1,1,3,3,3354,0,0,3354,0,0,0,1,0
aa88568ad.jpg,1,1,3,3,13041,0,0,13041,0,0,0,1,0
aa8b6ebcf.jpg,1,1,3,3,22103,0,0,22103,0,0,0,1,0
aa92ea82d.jpg,0,0,,0,0,0,0,0,0,0,0,0,0
aa96b12e7.jpg,0,0,,0,0,0,0,0,0,0,0,0,0
aa9762436.jpg,0,0,,0,0,0,0,0,0,0,0,0,0
aa9a7363b.jpg,1,1,3,3,17701,0,0,17701,0,0,0,1,0
aaa145a7e.jpg,0,0,,0,0,0,0,0,0,0,0,0,0
aab6434b3.jpg,1,1,4,4,5989,0,0,0,5989,0,0,0,1
aabd69a55.jpg,0,0,,0,0,0,0,0,0,0,0,0,0
aac54b46c.jpg,1,1,1,1,5334,5334,0,0,0,1,0,0,0
aac764a88.jpg,1,1,3,3,69743,0,0,69743,0,0,0,1,0
aaca761e4.jpg,0,0,,0,0,0,0,0,0,0,0,0,0
aacd660b3.jpg,0,0,,0,0,0,0,0,0,0,0,0,0
aad06b99e.jpg,1,1,3,3,8871,0,0,8871,0,0,0,1,0
aad145da9.jpg,0,0,,0,0,0,0,0,0,0,0,0,0
aad347618.jpg,1,1,3,3,5275,0,0,5275,0,0,0,1,0
aae6bc5be.jpg,1,1,3,3,7341,0,0,7341,0,0,0,1,0
aae7792ca.jpg,0,0,,0,0,0,0,0,0,0,0,0,0
aae9a3452.jpg,0,0,,0,0,0,0,0,0,0,0,0,0
aaeff73c9.jpg,0,0,,0,0,0,0,0,0,0,0,0,0
aaf12ddee.jpg,1,1,3,3,4221,0,0,4221,0,0,0,1,0
aaf73e8e9.jpg,0,0,,0,0,0,0,0,0,0,0,0,0
ab0010546.jpg,1,1,3,3,44631,0,0,44631,0,0,0,1,0
ab081e95e.jpg,0,0,,0,0,0,0,0,0,0,0,0,0
ab1293c8f.jpg,1,1,3,3,37019,0,0,37019,0,0,0,1,0
ab13a6f37.jpg,0,0,,0,0,0,0,0,0,0,0,0,0
ab13f368e.jpg,1,1,3,3,14797,0,0,14797,0,0,0,1,0
ab16f0e09.jpg,1,1,1,1,1442,1442,0,0,0,1,0,0,0
ab1865ed6.jpg,0,0,,0,0,0,0,0,0,0,0,0,0
ab1dda536.jpg,1,1,3,3,15055,0,0,15055,0,0,0,1,0
ab2300506.jpg,1,1,3,3,2182,0,0,2182,0,0,0,1,0
ab2541958.jpg,1,1,3,3,21447,0,0,21447,0,0,0,1,0
ab2b3d3d9.jpg,1,1,3,3,4219,0,0,4219,0,0,0,1,0
ab3065e7f.jpg,0,0,,0,0,0,0,0,0,0,0,0,0
ab312df89.jpg,1,1,3,3,1720,0,0,1720,0,0,0,1,0
ab3fed191.jpg,1,1,3,3,4331,0,0,4331,0,0,0,1,0
ab4fab99e.jpg,1,1,4,4,25444,0,0,0,25444,0,0,0,1
ab5717ad2.jpg,1,1,1,1,3719,3719,0,0,0,1,0,0,0
ab573218d.jpg,0,0,,0,0,0,0,0,0,0,0,0,0
ab6019ac1.jpg,0,0,,0,0,0,0,0,0,0,0,0,0
ab6530468.jpg,1,1,3,3,6528,0,0,6528,0,0,0,1,0
ab6afa374.jpg,1,1,3,3,18970,0,0,18970,0,0,0,1,0
ab6f35523.jpg,0,0,,0,0,0,0,0,0,0,0,0,0
ab70f8ba6.jpg,1,1,3,3,17441,0,0,17441,0,0,0,1,0
ab710a287.jpg,1,1,1,1,2033,2033,0,0,0,1,0,0,0
ab88df761.jpg,0,0,,0,0,0,0,0,0,0,0,0,0
ab93fca16.jpg,0,0,,0,0,0,0,0,0,0,0,0,0
ab94695e2.jpg,0,0,,0,0,0,0,0,0,0,0,0,0
ab9ac2006.jpg,0,0,,0,0,0,0,0,0,0,0,0,0
aba32046d.jpg,0,0,,0,0,0,0,0,0,0,0,0,0
aba64bfab.jpg,0,0,,0,0,0,0,0,0,0,0,0,0
abab01f92.jpg,1,2,1|3,3,5038,2385,0,2653,0,1,0,1,0
abac4e544.jpg,0,0,,0,0,0,0,0,0,0,0,0,0
abb5daaa0.jpg,1,1,3,3,28258,0,0,28258,0,0,0,1,0
abc73ae71.jpg,1,1,3,3,33036,0,0,33036,0,0,0,1,0
abcbb4a74.jpg,0,0,,0,0,0,0,0,0,0,0,0,0
abdbfd065.jpg,0,0,,0,0,0,0,0,0,0,0,0,0
abdf26bbd.jpg,0,0,,0,0,0,0,0,0,0,0,0,0
abe217835.jpg,1,1,3,3,54158,0,0,54158,0,0,0,1,0
abe8e7faf.jpg,1,1,3,3,3374,0,0,3374,0,0,0,1,0
abedd15e2.jpg,1,1,3,3,5240,0,0,5240,0,0,0,1,0
ac029e83f.jpg,0,0,,0,0,0,0,0,0,0,0,0,0
ac03345dc.jpg,1,1,3,3,1400,0,0,1400,0,0,0,1,0
ac03c1990.jpg,0,0,,0,0,0,0,0,0,0,0,0,0
ac0590cf3.jpg,0,0,,0,0,0,0,0,0,0,0,0,0
ac0682b30.jpg,1,1,3,3,31466,0,0,31466,0,0,0,1,0
ac068dbec.jpg,0,0,,0,0,0,0,0,0,0,0,0,0
ac077ad0e.jpg,0,0,,0,0,0,0,0,0,0,0,0,0
ac095f7d7.jpg,0,0,,0,0,0,0,0,0,0,0,0,0
ac0bec1fa.jpg,1,1,3,3,5536,0,0,5536,0,0,0,1,0
ac12eb284.jpg,0,0,,0,0,0,0,0,0,0,0,0,0
ac15719f1.jpg,1,1,3,3,204074,0,0,204074,0,0,0,1,0
ac172af5a.jpg,1,1,3,3,34224,0,0,34224,0,0,0,1,0
ac1a64a23.jpg,0,0,,0,0,0,0,0,0,0,0,0,0
ac26ccc50.jpg,0,0,,0,0,0,0,0,0,0,0,0,0
ac2b13f3f.jpg,0,0,,0,0,0,0,0,0,0,0,0,0
ac2b7af8c.jpg,0,0,,0,0,0,0,0,0,0,0,0,0
ac2f58068.jpg,0,0,,0,0,0,0,0,0,0,0,0,0
ac30b2306.jpg,0,0,,0,0,0,0,0,0,0,0,0,0
ac31ed0c3.jpg,0,0,,0,0,0,0,0,0,0,0,0,0
ac3895afd.jpg,0,0,,0,0,0,0,0,0,0,0,0,0
ac39eca81.jpg,1,1,1,1,5522,5522,0,0,0,1,0,0,0
ac42f4ac8.jpg,0,0,,0,0,0,0,0,0,0,0,0,0
ac461b596.jpg,1,1,3,3,9205,0,0,9205,0,0,0,1,0
ac47aefbc.jpg,1,1,4,4,108784,0,0,0,108784,0,0,0,1
ac48ab24b.jpg,1,1,1,1,769,769,0,0,0,1,0,0,0
ac4ba5c1a.jpg,1,1,3,3,7089,0,0,7089,0,0,0,1,0
ac504079d.jpg,1,1,3,3,2989,0,0,2989,0,0,0,1,0
ac550233a.jpg,1,1,1,1,2831,2831,0,0,0,1,0,0,0
ac59becc1.jpg,1,1,3,3,8146,0,0,8146,0,0,0,1,0
ac5de187a.jpg,1,1,3,3,41016,0,0,41016,0,0,0,1,0
ac6367260.jpg,1,2,2|4,4,3220,0,719,0,2501,0,1,0,1
ac681cbde.jpg,1,1,3,3,37966,0,0,37966,0,0,0,1,0
ac68f9acc.jpg,1,1,3,3,7343,0,0,7343,0,0,0,1,0
ac6b3e4bc.jpg,0,0,,0,0,0,0,0,0,0,0,0,0
ac6d3cefd.jpg,0,0,,0,0,0,0,0,0,0,0,0,0
ac7848f35.jpg,1,1,3,3,293849,0,0,293849,0,0,0,1,0
ac786cb58.jpg,1,1,3,3,813,0,0,813,0,0,0,1,0
ac7b3fdd1.jpg,1,1,1,1,3341,3341,0,0,0,1,0,0,0
ac7e898e6.jpg,1,1,3,3,91775,0,0,91775,0,0,0,1,0
ac85ff364.jpg,0,0,,0,0,0,0,0,0,0,0,0,0
ac8edd837.jpg,1,1,3,3,53803,0,0,53803,0,0,0,1,0
ac912ddc4.jpg,1,1,3,3,1847,0,0,1847,0,0,0,1,0
ac9246bd5.jpg,0,0,,0,0,0,0,0,0,0,0,0,0
ac97767a7.jpg,1,1,3,3,83924,0,0,83924,0,0,0,1,0
ac98d5840.jpg,1,1,3,3,25754,0,0,25754,0,0,0,1,0
ac9947293.jpg,0,0,,0,0,0,0,0,0,0,0,0,0
ac9c592aa.jpg,1,1,3,3,75849,0,0,75849,0,0,0,1,0
ac9cc4f1b.jpg,0,0,,0,0,0,0,0,0,0,0,0,0
aca37fa5f.jpg,0,0,,0,0,0,0,0,0,0,0,0,0
aca765aec.jpg,1,1,3,3,17451,0,0,17451,0,0,0,1,0
acb2ad63d.jpg,1,1,3,3,9472,0,0,9472,0,0,0,1,0
acbe1e2c1.jpg,1,2,3|4,4,40742,0,0,4096,36646,0,0,1,1
acc4098ce.jpg,1,1,1,1,1020,1020,0,0,0,1,0,0,0
acc420cb3.jpg,1,1,3,3,4977,0,0,4977,0,0,0,1,0
accb65244.jpg,0,0,,0,0,0,0,0,0,0,0,0,0
accc38459.jpg,1,1,3,3,5337,0,0,5337,0,0,0,1,0
acce2ad4e.jpg,0,0,,0,0,0,0,0,0,0,0,0,0
acd295ec3.jpg,1,1,3,3,7022,0,0,7022,0,0,0,1,0
acd30588b.jpg,1,1,3,3,4302,0,0,4302,0,0,0,1,0
acd30bd6a.jpg,1,1,2,2,2665,0,2665,0,0,0,1,0,0
acd54b2af.jpg,0,0,,0,0,0,0,0,0,0,0,0,0
ace59105f.jpg,1,1,3,3,5199,0,0,5199,0,0,0,1,0
ace8c1151.jpg,1,1,3,3,18795,0,0,18795,0,0,0,1,0
acf1b04a4.jpg,0,0,,0,0,0,0,0,0,0,0,0,0
acfbc40a2.jpg,0,0,,0,0,0,0,0,0,0,0,0,0
acfdc8ec2.jpg,1,1,3,3,171469,0,0,171469,0,0,0,1,0
ad000a894.jpg,0,0,,0,0,0,0,0,0,0,0,0,0
ad0e7ff59.jpg,0,0,,0,0,0,0,0,0,0,0,0,0
ad1fe21eb.jpg,0,0,,0,0,0,0,0,0,0,0,0,0
ad26af6e4.jpg,1,1,4,4,133656,0,0,0,133656,0,0,0,1
ad2e93a85.jpg,1,1,3,3,12901,0,0,12901,0,0,0,1,0
ad3630cdc.jpg,1,1,3,3,48377,0,0,48377,0,0,0,1,0
ad43f6c96.jpg,0,0,,0,0,0,0,0,0,0,0,0,0
ad50e3e3a.jpg,0,0,,0,0,0,0,0,0,0,0,0,0
ad56c5372.jpg,0,0,,0,0,0,0,0,0,0,0,0,0
ad5a2ea44.jpg,1,1,3,3,4864,0,0,4864,0,0,0,1,0
ad64c0940.jpg,1,1,1,1,3437,3437,0,0,0,1,0,0,0
ad6506c7b.jpg,1,1,3,3,33411,0,0,33411,0,0,0,1,0
ad6900e74.jpg,0,0,,0,0,0,0,0,0,0,0,0,0
ad6aed3f4.jpg,1,1,3,3,3350,0,0,3350,0,0,0,1,0
ad6fb4fab.jpg,1,1,3,3,6014,0,0,6014,0,0,0,1,0
ad76bc064.jpg,1,1,3,3,8451,0,0,8451,0,0,0,1,0
ad7ee3637.jpg,0,0,,0,0,0,0,0,0,0,0,0,0
ad8744ba7.jpg,1,1,3,3,5142,0,0,5142,0,0,0,1,0
ad8d59858.jpg,1,1,3,3,2276,0,0,2276,0,0,0,1,0
ad8ffec02.jpg,1,2,3|4,3,123852,0,0,74836,49016,0,0,1,1
ad9688790.jpg,0,0,,0,0,0,0,0,0,0,0,0,0
ad991d6dd.jpg,0,0,,0,0,0,0,0,0,0,0,0,0
ad9ad21f4.jpg,1,1,4,4,7181,0,0,0,7181,0,0,0,1
ada3dacbe.jpg,1,1,3,3,6777,0,0,6777,0,0,0,1,0
ada4050a4.jpg,0,0,,0,0,0,0,0,0,0,0,0,0
ada45f479.jpg,0,0,,0,0,0,0,0,0,0,0,0,0
ada6c433b.jpg,0,0,,0,0,0,0,0,0,0,0,0,0
ada844648.jpg,1,2,3|4,4,102117,0,0,32863,69254,0,0,1,1
adaa22413.jpg,0,0,,0,0,0,0,0,0,0,0,0,0
adaa47142.jpg,1,1,3,3,383,0,0,383,0,0,0,1,0
adae21280.jpg,0,0,,0,0,0,0,0,0,0,0,0,0
adb7a2b1a.jpg,0,0,,0,0,0,0,0,0,0,0,0,0
adbe07a60.jpg,1,1,3,3,32923,0,0,32923,0,0,0,1,0
adc257b59.jpg,1,2,1|3,1,7887,5649,0,2238,0,1,0,1,0
adcc1cac6.jpg,0,0,,0,0,0,0,0,0,0,0,0,0
add5c87e5.jpg,1,1,3,3,16582,0,0,16582,0,0,0,1,0
add8603ba.jpg,0,0,,0,0,0,0,0,0,0,0,0,0
add980018.jpg,1,1,3,3,140443,0,0,140443,0,0,0,1,0
addd390e9.jpg,1,1,3,3,18886,0,0,18886,0,0,0,1,0
adeb12de3.jpg,0,0,,0,0,0,0,0,0,0,0,0,0
adf017a56.jpg,0,0,,0,0,0,0,0,0,0,0,0,0
adf5fdfe2.jpg,1,1,4,4,20688,0,0,0,20688,0,0,0,1
adf68e54a.jpg,1,1,3,3,46807,0,0,46807,0,0,0,1,0
adf93f9bf.jpg,1,1,3,3,7140,0,0,7140,0,0,0,1,0
adfc5f0e0.jpg,1,1,3,3,9797,0,0,9797,0,0,0,1,0
adff445fd.jpg,1,1,3,3,34810,0,0,34810,0,0,0,1,0
ae00d2b3d.jpg,0,0,,0,0,0,0,0,0,0,0,0,0
ae09481ab.jpg,0,0,,0,0,0,0,0,0,0,0,0,0
ae29b9e4d.jpg,0,0,,0,0,0,0,0,0,0,0,0,0
ae2c96c4e.jpg,1,1,3,3,4637,0,0,4637,0,0,0,1,0
ae2fd4efe.jpg,0,0,,0,0,0,0,0,0,0,0,0,0
ae3047bf7.jpg,1,1,3,3,4930,0,0,4930,0,0,0,1,0
ae35b6067.jpg,1,1,3,3,1717,0,0,1717,0,0,0,1,0
ae3ad362b.jpg,1,1,3,3,2555,0,0,2555,0,0,0,1,0
ae3f34ab1.jpg,0,0,,0,0,0,0,0,0,0,0,0,0
ae41ecb3f.jpg,1,1,3,3,26748,0,0,26748,0,0,0,1,0
ae4555b5b.jpg,1,1,4,4,36951,0,0,0,36951,0,0,0,1
ae4753c89.jpg,1,1,3,3,2987,0,0,2987,0,0,0,1,0
ae4e898e8.jpg,1,1,3,3,17306,0,0,17306,0,0,0,1,0
ae51109d0.jpg,0,0,,0,0,0,0,0,0,0,0,0,0
ae562552d.jpg,0,0,,0,0,0,0,0,0,0,0,0,0
ae5a0fa7c.jpg,1,1,4,4,31928,0,0,0,31928,0,0,0,1
ae5cdf4ea.jpg,0,0,,0,0,0,0,0,0,0,0,0,0
ae65ed912.jpg,0,0,,0,0,0,0,0,0,0,0,0,0
ae677bed4.jpg,0,0,,0,0,0,0,0,0,0,0,0,0
ae691a007.jpg,0,0,,0,0,0,0,0,0,0,0,0,0
ae6b5adc2.jpg,1,1,3,3,49214,0,0,49214,0,0,0,1,0
ae6d0bf01.jpg,1,1,3,3,23090,0,0,23090,0,0,0,1,0
ae765c316.jpg,0,0,,0,0,0,0,0,0,0,0,0,0
ae79304b2.jpg,1,1,3,3,17592,0,0,17592,0,0,0,1,0
ae7a2de0d.jpg,1,1,3,3,3415,0,0,3415,0,0,0,1,0
ae86464c0.jpg,0,0,,0,0,0,0,0,0,0,0,0,0
ae8e00590.jpg,0,0,,0,0,0,0,0,0,0,0,0,0
ae8f540a2.jpg,0,0,,0,0,0,0,0,0,0,0,0,0
ae93df7d1.jpg,1,1,3,3,40111,0,0,40111,0,0,0,1,0
ae9976755.jpg,1,1,3,3,38407,0,0,38407,0,0,0,1,0
ae9a53e90.jpg,1,1,3,3,11084,0,0,11084,0,0,0,1,0
ae9a759a1.jpg,0,0,,0,0,0,0,0,0,0,0,0,0
ae9c7966a.jpg,1,1,3,3,3052,0,0,3052,0,0,0,1,0
aea1eb689.jpg,1,1,3,3,176339,0,0,176339,0,0,0,1,0
aea51e93f.jpg,1,1,3,3,2718,0,0,2718,0,0,0,1,0
aea7d7051.jpg,0,0,,0,0,0,0,0,0,0,0,0,0
aeaa1deef.jpg,1,1,1,1,10025,10025,0,0,0,1,0,0,0
aeadf8fde.jpg,1,1,3,3,60763,0,0,60763,0,0,0,1,0
aeb34560d.jpg,1,1,3,3,10559,0,0,10559,0,0,0,1,0
aeb94b95f.jpg,1,1,2,2,1436,0,1436,0,0,0,1,0,0
aebbc40a6.jpg,1,1,3,3,1869,0,0,1869,0,0,0,1,0
aec250881.jpg,1,1,2,2,1107,0,1107,0,0,0,1,0,0
aec52b718.jpg,0,0,,0,0,0,0,0,0,0,0,0,0
aec9cbfb0.jpg,0,0,,0,0,0,0,0,0,0,0,0,0
aecfe5ad8.jpg,0,0,,0,0,0,0,0,0,0,0,0,0
aed6cfc89.jpg,0,0,,0,0,0,0,0,0,0,0,0,0
aeda5b216.jpg,1,1,4,4,4687,0,0,0,4687,0,0,0,1
aee116071.jpg,1,1,3,3,53236,0,0,53236,0,0,0,1,0
aee20074e.jpg,1,1,4,4,12045,0,0,0,12045,0,0,0,1
aee406fff.jpg,0,0,,0,0,0,0,0,0,0,0,0,0
aef3c904b.jpg,0,0,,0,0,0,0,0,0,0,0,0,0
aef90b7ea.jpg,0,0,,0,0,0,0,0,0,0,0,0,0
aefa93267.jpg,1,1,3,3,3467,0,0,3467,0,0,0,1,0
aefd662e5.jpg,1,1,3,3,14912,0,0,14912,0,0,0,1,0
aeff95093.jpg,0,0,,0,0,0,0,0,0,0,0,0,0
af0534891.jpg,0,0,,0,0,0,0,0,0,0,0,0,0
af094b41c.jpg,1,1,3,3,9216,0,0,9216,0,0,0,1,0
af09a0336.jpg,1,1,4,4,34700,0,0,0,34700,0,0,0,1
af0aad614.jpg,1,1,3,3,13764,0,0,13764,0,0,0,1,0
af0dd8534.jpg,0,0,,0,0,0,0,0,0,0,0,0,0
af17634f8.jpg,0,0,,0,0,0,0,0,0,0,0,0,0
af1c8d7bb.jpg,0,0,,0,0,0,0,0,0,0,0,0,0
af1cd15ef.jpg,0,0,,0,0,0,0,0,0,0,0,0,0
af1debfe3.jpg,1,1,3,3,14366,0,0,14366,0,0,0,1,0
af21f49bb.jpg,0,0,,0,0,0,0,0,0,0,0,0,0
af27e8276.jpg,0,0,,0,0,0,0,0,0,0,0,0,0
af2b3ae32.jpg,0,0,,0,0,0,0,0,0,0,0,0,0
af2cfbb4a.jpg,1,1,4,4,109682,0,0,0,109682,0,0,0,1
af328f32c.jpg,0,0,,0,0,0,0,0,0,0,0,0,0
af33842ad.jpg,1,1,3,3,23683,0,0,23683,0,0,0,1,0
af3414f93.jpg,0,0,,0,0,0,0,0,0,0,0,0,0
af3692d16.jpg,0,0,,0,0,0,0,0,0,0,0,0,0
af36d22ab.jpg,0,0,,0,0,0,0,0,0,0,0,0,0
af3bec1f0.jpg,0,0,,0,0,0,0,0,0,0,0,0,0
af426e1d3.jpg,1,1,3,3,15559,0,0,15559,0,0,0,1,0
af4cdefaa.jpg,1,1,3,3,3135,0,0,3135,0,0,0,1,0
af4d2ee24.jpg,1,1,3,3,163908,0,0,163908,0,0,0,1,0
af4e9bbc9.jpg,0,0,,0,0,0,0,0,0,0,0,0,0
af5c06a20.jpg,1,1,1,1,15305,15305,0,0,0,1,0,0,0
af61c6bf8.jpg,1,1,1,1,7807,7807,0,0,0,1,0,0,0
af6441bac.jpg,1,1,3,3,2080,0,0,2080,0,0,0,1,0
af67d55bd.jpg,1,1,3,3,32000,0,0,32000,0,0,0,1,0
af730b980.jpg,0,0,,0,0,0,0,0,0,0,0,0,0
af7a5f3e7.jpg,0,0,,0,0,0,0,0,0,0,0,0,0
af7c08f36.jpg,1,2,1|3,1,13360,7372,0,5988,0,1,0,1,0
af7ca17d0.jpg,1,1,3,3,5194,0,0,5194,0,0,0,1,0
af7db8470.jpg,1,1,3,3,3435,0,0,3435,0,0,0,1,0
af807ce02.jpg,1,1,3,3,9211,0,0,9211,0,0,0,1,0
af8103af3.jpg,1,1,3,3,34471,0,0,34471,0,0,0,1,0
af828b126.jpg,1,1,3,3,4114,0,0,4114,0,0,0,1,0
af940d1ae.jpg,0,0,,0,0,0,0,0,0,0,0,0,0
af9b9176f.jpg,0,0,,0,0,0,0,0,0,0,0,0,0
afa1ffcb4.jpg,0,0,,0,0,0,0,0,0,0,0,0,0
afb3e0467.jpg,1,1,3,3,3072,0,0,3072,0,0,0,1,0
afb67e4d9.jpg,1,1,3,3,79493,0,0,79493,0,0,0,1,0
afb854388.jpg,1,1,3,3,3758,0,0,3758,0,0,0,1,0
afbab41f0.jpg,1,1,3,3,11789,0,0,11789,0,0,0,1,0
afc26c2a0.jpg,1,1,3,3,9626,0,0,9626,0,0,0,1,0
afc4ca4f0.jpg,1,1,3,3,23392,0,0,23392,0,0,0,1,0
afcd4d5ee.jpg,0,0,,0,0,0,0,0,0,0,0,0,0
afcf048de.jpg,0,0,,0,0,0,0,0,0,0,0,0,0
afd067550.jpg,0,0,,0,0,0,0,0,0,0,0,0,0
afd3f856d.jpg,1,1,3,3,3817,0,0,3817,0,0,0,1,0
afdb25da1.jpg,0,0,,0,0,0,0,0,0,0,0,0,0
afdf9c916.jpg,0,0,,0,0,0,0,0,0,0,0,0,0
afef30338.jpg,0,0,,0,0,0,0,0,0,0,0,0,0
aff01777f.jpg,1,1,1,1,2037,2037,0,0,0,1,0,0,0
aff2b8b8a.jpg,1,1,3,3,4480,0,0,4480,0,0,0,1,0
aff405a28.jpg,1,1,3,3,2910,0,0,2910,0,0,0,1,0
afffc67b7.jpg,0,0,,0,0,0,0,0,0,0,0,0,0
b001f0e9b.jpg,1,1,3,3,11251,0,0,11251,0,0,0,1,0
b0038b54c.jpg,1,2,1|2,1,14956,12562,2394,0,0,1,1,0,0
b00741c0a.jpg,1,2,3|4,4,84706,0,0,8289,76417,0,0,1,1
b008ebddf.jpg,0,0,,0,0,0,0,0,0,0,0,0,0
b00fa58e7.jpg,0,0,,0,0,0,0,0,0,0,0,0,0
b0161473e.jpg,0,0,,0,0,0,0,0,0,0,0,0,0
b023d90ff.jpg,1,1,3,3,48597,0,0,48597,0,0,0,1,0
b0254cb54.jpg,1,1,3,3,8103,0,0,8103,0,0,0,1,0
b0271d280.jpg,1,1,2,2,4532,0,4532,0,0,0,1,0,0
b02923eea.jpg,0,0,,0,0,0,0,0,0,0,0,0,0
b030ec597.jpg,1,1,3,3,79335,0,0,79335,0,0,0,1,0
b0348d794.jpg,1,1,3,3,6144,0,0,6144,0,0,0,1,0
b03643b7c.jpg,0,0,,0,0,0,0,0,0,0,0,0,0
b03bdbc0c.jpg,0,0,,0,0,0,0,0,0,0,0,0,0
b044d761a.jpg,0,0,,0,0,0,0,0,0,0,0,0,0
b045a0df2.jpg,1,1,4,4,22039,0,0,0,22039,0,0,0,1
b046e320f.jpg,0,0,,0,0,0,0,0,0,0,0,0,0
b04b907b2.jpg,1,1,3,3,22106,0,0,22106,0,0,0,1,0
b04e7875c.jpg,1,1,3,3,33570,0,0,33570,0,0,0,1,0
b04ebe834.jpg,0,0,,0,0,0,0,0,0,0,0,0,0
b050e9005.jpg,0,0,,0,0,0,0,0,0,0,0,0,0
b05365219.jpg,1,1,3,3,13817,0,0,13817,0,0,0,1,0
b05584f2f.jpg,0,0,,0,0,0,0,0,0,0,0,0,0
b059badb4.jpg,0,0,,0,0,0,0,0,0,0,0,0,0
b0636a5e2.jpg,1,1,3,3,15586,0,0,15586,0,0,0,1,0
b06523fa7.jpg,0,0,,0,0,0,0,0,0,0,0,0,0
b07380a2e.jpg,1,1,1,1,1337,1337,0,0,0,1,0,0,0
b080280d8.jpg,1,2,3|4,4,24839,0,0,11146,13693,0,0,1,1
b08435f96.jpg,1,1,3,3,31331,0,0,31331,0,0,0,1,0
b08712015.jpg,1,1,1,1,4629,4629,0,0,0,1,0,0,0
b08d40600.jpg,1,1,1,1,4265,4265,0,0,0,1,0,0,0
b08d86101.jpg,0,0,,0,0,0,0,0,0,0,0,0,0
b08f17760.jpg,0,0,,0,0,0,0,0,0,0,0,0,0
b090ddc4b.jpg,0,0,,0,0,0,0,0,0,0,0,0,0
b091930af.jpg,1,1,3,3,11200,0,0,11200,0,0,0,1,0
b0a1cec01.jpg,1,1,3,3,10474,0,0,10474,0,0,0,1,0
b0b0ca485.jpg,0,0,,0,0,0,0,0,0,0,0,0,0
b0b384043.jpg,0,0,,0,0,0,0,0,0,0,0,0,0
b0bd510db.jpg,1,1,4,4,27374,0,0,0,27374,0,0,0,1
b0d290bbf.jpg,0,0,,0,0,0,0,0,0,0,0,0,0
b0d896790.jpg,0,0,,0,0,0,0,0,0,0,0,0,0
b0daf9907.jpg,0,0,,0,0,0,0,0,0,0,0,0,0
b0e0b8842.jpg,1,1,3,3,22772,0,0,22772,0,0,0,1,0
b0f641041.jpg,0,0,,0,0,0,0,0,0,0,0,0,0
b0f9fff35.jpg,1,1,3,3,2878,0,0,2878,0,0,0,1,0
b0fe014ca.jpg,0,0,,0,0,0,0,0,0,0,0,0,0
b1019292f.jpg,0,0,,0,0,0,0,0,0,0,0,0,0
b107bf5bd.jpg,1,1,3,3,10630,0,0,10630,0,0,0,1,0
b1096a78f.jpg,0,0,,0,0,0,0,0,0,0,0,0,0
b10c5bf03.jpg,0,0,,0,0,0,0,0,0,0,0,0,0
b10ca1dc4.jpg,1,1,3,3,72970,0,0,72970,0,0,0,1,0
b110ca8c2.jpg,1,1,3,3,3174,0,0,3174,0,0,0,1,0
b119d8dd6.jpg,0,0,,0,0,0,0,0,0,0,0,0,0
b1276a404.jpg,0,0,,0,0,0,0,0,0,0,0,0,0
b12e436c3.jpg,1,1,3,3,44689,0,0,44689,0,0,0,1,0
b12fc900b.jpg,1,2,1|3,3,18718,2193,0,16525,0,1,0,1,0
b1331b5aa.jpg,0,0,,0,0,0,0,0,0,0,0,0,0
b138e942e.jpg,1,1,4,4,16776,0,0,0,16776,0,0,0,1
b14355f10.jpg,1,1,3,3,207701,0,0,207701,0,0,0,1,0
b147f0f0f.jpg,1,1,3,3,808,0,0,808,0,0,0,1,0
b14b855e6.jpg,0,0,,0,0,0,0,0,0,0,0,0,0
b15e6ca53.jpg,1,1,3,3,2202,0,0,2202,0,0,0,1,0
b1623b91f.jpg,1,1,4,4,16845,0,0,0,16845,0,0,0,1
b162a9cb2.jpg,1,1,3,3,27627,0,0,27627,0,0,0,1,0
b1639af61.jpg,1,1,4,4,67080,0,0,0,67080,0,0,0,1
b1639e054.jpg,0,0,,0,0,0,0,0,0,0,0,0,0
b16ab3735.jpg,0,0,,0,0,0,0,0,0,0,0,0,0
b17038bf6.jpg,0,0,,0,0,0,0,0,0,0,0,0,0
b17a3ba1b.jpg,0,0,,0,0,0,0,0,0,0,0,0,0
b17fcb164.jpg,1,1,3,3,88350,0,0,88350,0,0,0,1,0
b18964e8a.jpg,0,0,,0,0,0,0,0,0,0,0,0,0
b18d448a7.jpg,0,0,,0,0,0,0,0,0,0,0,0,0
b18e713ce.jpg,0,0,,0,0,0,0,0,0,0,0,0,0
b1933b386.jpg,1,1,3,3,7902,0,0,7902,0,0,0,1,0
b19603805.jpg,1,1,4,4,19232,0,0,0,19232,0,0,0,1
b197ca6e6.jpg,0,0,,0,0,0,0,0,0,0,0,0,0
b19fbab56.jpg,1,1,1,1,7132,7132,0,0,0,1,0,0,0
b1ad33d48.jpg,0,0,,0,0,0,0,0,0,0,0,0,0
b1adeb194.jpg,0,0,,0,0,0,0,0,0,0,0,0,0
b1b3ec5fd.jpg,1,2,3|4,4,73406,0,0,18628,54778,0,0,1,1
b1b670f2f.jpg,0,0,,0,0,0,0,0,0,0,0,0,0
b1b94f0fc.jpg,1,2,1|2,2,2259,831,1428,0,0,1,1,0,0
b1b95cd4d.jpg,1,1,3,3,4217,0,0,4217,0,0,0,1,0
b1ba20011.jpg,0,0,,0,0,0,0,0,0,0,0,0,0
b1ba60ced.jpg,0,0,,0,0,0,0,0,0,0,0,0,0
b1bbea81b.jpg,1,1,3,3,2765,0,0,2765,0,0,0,1,0
b1c4d3872.jpg,1,1,3,3,21354,0,0,21354,0,0,0,1,0
b1c6e8959.jpg,0,0,,0,0,0,0,0,0,0,0,0,0
b1c892c12.jpg,1,1,3,3,30040,0,0,30040,0,0,0,1,0
b1cf6d807.jpg,1,1,3,3,18672,0,0,18672,0,0,0,1,0
b1d3de6f1.jpg,0,0,,0,0,0,0,0,0,0,0,0,0
b1d3f12b6.jpg,1,2,3|4,4,32718,0,0,11251,21467,0,0,1,1
b1d574c91.jpg,1,1,4,4,54369,0,0,0,54369,0,0,0,1
b1d63b897.jpg,0,0,,0,0,0,0,0,0,0,0,0,0
b1e3c11ad.jpg,1,1,4,4,40336,0,0,0,40336,0,0,0,1
b1e5931af.jpg,1,1,3,3,183851,0,0,183851,0,0,0,1,0
b1e74e71d.jpg,1,1,4,4,14377,0,0,0,14377,0,0,0,1
b1e9c469c.jpg,1,1,3,3,29764,0,0,29764,0,0,0,1,0
b1f5ce725.jpg,1,1,4,4,31812,0,0,0,31812,0,0,0,1
b1f771047.jpg,0,0,,0,0,0,0,0,0,0,0,0,0
b1fd37779.jpg,1,1,3,3,2064,0,0,2064,0,0,0,1,0
b20fb15ff.jpg,1,1,4,4,41188,0,0,0,41188,0,0,0,1
b20fcab43.jpg,1,1,3,3,53600,0,0,53600,0,0,0,1,0
b2148a422.jpg,1,2,3|4,3,107106,0,0,62908,44198,0,0,1,1
b217432b9.jpg,0,0,,0,0,0,0,0,0,0,0,0,0
b21f4da7f.jpg,1,1,3,3,15232,0,0,15232,0,0,0,1,0
b227847a3.jpg,0,0,,0,0,0,0,0,0,0,0,0,0
b228e91a7.jpg,1,1,3,3,5017,0,0,5017,0,0,0,1,0
b229bd6b5.jpg,1,1,3,3,13345,0,0,13345,0,0,0,1,0
b22b846c8.jpg,1,1,4,4,5970,0,0,0,5970,0,0,0,1
b23512d3b.jpg,1,1,3,3,10867,0,0,10867,0,0,0,1,0
b23e854e8.jpg,1,1,3,3,11274,0,0,11274,0,0,0,1,0
b23f90fb7.jpg,0,0,,0,0,0,0,0,0,0,0,0,0
b2461e55e.jpg,1,1,3,3,2382,0,0,2382,0,0,0,1,0
b2488a745.jpg,1,1,4,4,8739,0,0,0,8739,0,0,0,1
b24896622.jpg,0,0,,0,0,0,0,0,0,0,0,0,0
b248be5ad.jpg,0,0,,0,0,0,0,0,0,0,0,0,0
b24d691a6.jpg,1,2,3|4,4,18626,0,0,2365,16261,0,0,1,1
b2564fb98.jpg,1,1,3,3,21213,0,0,21213,0,0,0,1,0
b2571d121.jpg,0,0,,0,0,0,0,0,0,0,0,0,0
b25c40d67.jpg,0,0,,0,0,0,0,0,0,0,0,0,0
b266f6742.jpg,0,0,,0,0,0,0,0,0,0,0,0,0
b26acc3a8.jpg,1,1,4,4,53324,0,0,0,53324,0,0,0,1
b27127d1d.jpg,1,2,3|4,4,38876,0,0,1805,37071,0,0,1,1
b28263013.jpg,0,0,,0,0,0,0,0,0,0,0,0,0
b2854eaff.jpg,1,1,3,3,23428,0,0,23428,0,0,0,1,0
b2866fa08.jpg,0,0,,0,0,0,0,0,0,0,0,0,0
b28c3ee61.jpg,0,0,,0,0,0,0,0,0,0,0,0,0
b28f091b9.jpg,0,0,,0,0,0,0,0,0,0,0,0,0
b2985ca11.jpg,0,0,,0,0,0,0,0,0,0,0,0,0
b29f4c4ed.jpg,1,1,3,3,6144,0,0,6144,0,0,0,1,0
b2ad335bf.jpg,1,1,3,3,92655,0,0,92655,0,0,0,1,0
b2b1349c7.jpg,0,0,,0,0,0,0,0,0,0,0,0,0
b2ba56cd7.jpg,1,1,3,3,35057,0,0,35057,0,0,0,1,0
b2bc836da.jpg,0,0,,0,0,0,0,0,0,0,0,0,0
b2c9fde17.jpg,1,1,3,3,38912,0,0,38912,0,0,0,1,0
b2cbd553f.jpg,1,1,3,3,4537,0,0,4537,0,0,0,1,0
b2cdd1c41.jpg,0,0,,0,0,0,0,0,0,0,0,0,0
b2d4a1767.jpg,1,1,3,3,20339,0,0,20339,0,0,0,1,0
b2e59bdaa.jpg,1,1,3,3,22590,0,0,22590,0,0,0,1,0
b2ec9ed47.jpg,1,1,1,1,2342,2342,0,0,0,1,0,0,0
b2ef42176.jpg,0,0,,0,0,0,0,0,0,0,0,0,0
b2f297777.jpg,1,1,3,3,11976,0,0,11976,0,0,0,1,0
b2fcc9bd6.jpg,0,0,,0,0,0,0,0,0,0,0,0,0
b303bf6e5.jpg,1,1,3,3,5851,0,0,5851,0,0,0,1,0
b309c82de.jpg,0,0,,0,0,0,0,0,0,0,0,0,0
b30a3e3b6.jpg,0,0,,0,0,0,0,0,0,0,0,0,0
b30d2f225.jpg,0,0,,0,0,0,0,0,0,0,0,0,0
b312bf98c.jpg,0,0,,0,0,0,0,0,0,0,0,0,0
b3139b9a1.jpg,1,1,3,3,18850,0,0,18850,0,0,0,1,0
b3192c13d.jpg,0,0,,0,0,0,0,0,0,0,0,0,0
b31b54a50.jpg,0,0,,0,0,0,0,0,0,0,0,0,0
b31d1c693.jpg,1,1,3,3,23552,0,0,23552,0,0,0,1,0
b32156d1f.jpg,1,1,3,3,20063,0,0,20063,0,0,0,1,0
b3262467d.jpg,0,0,,0,0,0,0,0,0,0,0,0,0
b329f8b82.jpg,0,0,,0,0,0,0,0,0,0,0,0,0
b32dee6ba.jpg,0,0,,0,0,0,0,0,0,0,0,0,0
b32e4eb4b.jpg,0,0,,0,0,0,0,0,0,0,0,0,0
b32f9fddd.jpg,1,2,3|4,4,33398,0,0,10341,23057,0,0,1,1
b33a903ac.jpg,0,0,,0,0,0,0,0,0,0,0,0,0
b33edc431.jpg,0,0,,0,0,0,0,0,0,0,0,0,0
b34091037.jpg,1,1,2,2,1548,0,1548,0,0,0,1,0,0
b34272d97.jpg,1,1,3,3,2848,0,0,2848,0,0,0,1,0
b34e9a47e.jpg,1,1,3,3,9943,0,0,9943,0,0,0,1,0
b34f3d4dc.jpg,1,1,3,3,29510,0,0,29510,0,0,0,1,0
b350d0598.jpg,0,0,,0,0,0,0,0,0,0,0,0,0
b35a08d7a.jpg,1,1,3,3,1248,0,0,1248,0,0,0,1,0
b35a7ff2e.jpg,1,1,3,3,2998,0,0,2998,0,0,0,1,0
b35ab5606.jpg,1,1,3,3,3296,0,0,3296,0,0,0,1,0
b35d94e9c.jpg,0,0,,0,0,0,0,0,0,0,0,0,0
b36dbc327.jpg,0,0,,0,0,0,0,0,0,0,0,0,0
b378e4122.jpg,1,1,3,3,89541,0,0,89541,0,0,0,1,0
b379c8f14.jpg,1,1,3,3,5760,0,0,5760,0,0,0,1,0
b37a57736.jpg,1,1,3,3,34944,0,0,34944,0,0,0,1,0
b38f593fd.jpg,1,1,4,4,66936,0,0,0,66936,0,0,0,1
b3920826e.jpg,1,1,3,3,26571,0,0,26571,0,0,0,1,0
b3a70cefc.jpg,0,0,,0,0,0,0,0,0,0,0,0,0
b3a8bd174.jpg,1,1,2,2,7004,0,7004,0,0,0,1,0,0
b3aa31a86.jpg,1,1,3,3,166589,0,0,166589,0,0,0,1,0
b3ac3189c.jpg,1,1,3,3,24339,0,0,24339,0,0,0,1,0
b3ae9675d.jpg,0,0,,0,0,0,0,0,0,0,0,0,0
b3af1181e.jpg,0,0,,0,0,0,0,0,0,0,0,0,0
b3b1e1046.jpg,1,1,1,1,7087,7087,0,0,0,1,0,0,0
b3b742102.jpg,1,1,3,3,12769,0,0,12769,0,0,0,1,0
b3b8f0c9e.jpg,1,1,3,3,68755,0,0,68755,0,0,0,1,0
b3bbd7121.jpg,1,1,3,3,1332,0,0,1332,0,0,0,1,0
b3bdf31d8.jpg,0,0,,0,0,0,0,0,0,0,0,0,0
b3bf49ca1.jpg,1,1,3,3,14701,0,0,14701,0,0,0,1,0
b3cbe980b.jpg,0,0,,0,0,0,0,0,0,0,0,0,0
b3ce6af86.jpg,0,0,,0,0,0,0,0,0,0,0,0,0
b3cea5fb4.jpg,1,1,3,3,79583,0,0,79583,0,0,0,1,0
b3d4ba1e2.jpg,1,1,3,3,6209,0,0,6209,0,0,0,1,0
b3d4c7809.jpg,1,1,1,1,5645,5645,0,0,0,1,0,0,0
b3d88bde6.jpg,1,1,3,3,168046,0,0,168046,0,0,0,1,0
b3e51537d.jpg,1,1,3,3,9165,0,0,9165,0,0,0,1,0
b3eb9c9cb.jpg,1,1,3,3,8933,0,0,8933,0,0,0,1,0
b3f6a891f.jpg,0,0,,0,0,0,0,0,0,0,0,0,0
b3f7ae992.jpg,1,1,3,3,4747,0,0,4747,0,0,0,1,0
b3f98347f.jpg,0,0,,0,0,0,0,0,0,0,0,0,0
b3ff13646.jpg,1,1,3,3,5060,0,0,5060,0,0,0,1,0
b3ff830e0.jpg,1,1,3,3,18147,0,0,18147,0,0,0,1,0
b405cede8.jpg,0,0,,0,0,0,0,0,0,0,0,0,0
b40abdab2.jpg,1,1,3,3,4191,0,0,4191,0,0,0,1,0
b40e4ebd6.jpg,0,0,,0,0,0,0,0,0,0,0,0,0
b4124fe84.jpg,1,1,3,3,3811,0,0,3811,0,0,0,1,0
b41340f03.jpg,0,0,,0,0,0,0,0,0,0,0,0,0
b41747a10.jpg,1,1,3,3,60590,0,0,60590,0,0,0,1,0
b418b6f8f.jpg,0,0,,0,0,0,0,0,0,0,0,0,0
b41ab39a5.jpg,1,1,3,3,9742,0,0,9742,0,0,0,1,0
b41f45416.jpg,0,0,,0,0,0,0,0,0,0,0,0,0
b41f8d117.jpg,0,0,,0,0,0,0,0,0,0,0,0,0
b43445f69.jpg,0,0,,0,0,0,0,0,0,0,0,0,0
b43730232.jpg,0,0,,0,0,0,0,0,0,0,0,0,0
b43e2c4d6.jpg,0,0,,0,0,0,0,0,0,0,0,0,0
b43ea2c01.jpg,1,1,1,1,645,645,0,0,0,1,0,0,0
b442ff31d.jpg,1,1,3,3,6386,0,0,6386,0,0,0,1,0
b4482a765.jpg,0,0,,0,0,0,0,0,0,0,0,0,0
b448498eb.jpg,1,1,2,2,3232,0,3232,0,0,0,1,0,0
b44895d41.jpg,0,0,,0,0,0,0,0,0,0,0,0,0
b44b62755.jpg,0,0,,0,0,0,0,0,0,0,0,0,0
b44cfa5ba.jpg,1,1,3,3,2764,0,0,2764,0,0,0,1,0
b44f92bd6.jpg,1,1,3,3,51140,0,0,51140,0,0,0,1,0
b44fc6ba9.jpg,1,1,3,3,179779,0,0,179779,0,0,0,1,0
b4562e772.jpg,0,0,,0,0,0,0,0,0,0,0,0,0
b45c67a1f.jpg,1,1,1,1,5553,5553,0,0,0,1,0,0,0
b46a434a1.jpg,0,0,,0,0,0,0,0,0,0,0,0,0
b46c4d64b.jpg,0,0,,0,0,0,0,0,0,0,0,0,0
b46dafae2.jpg,1,1,3,3,3540,0,0,3540,0,0,0,1,0
b46ecc387.jpg,1,1,3,3,51564,0,0,51564,0,0,0,1,0
b474eba9f.jpg,0,0,,0,0,0,0,0,0,0,0,0,0
b4805acf7.jpg,0,0,,0,0,0,0,0,0,0,0,0,0
b482a5d55.jpg,0,0,,0,0,0,0,0,0,0,0,0,0
b483a0a1a.jpg,1,1,3,3,8064,0,0,8064,0,0,0,1,0
b48564b41.jpg,0,0,,0,0,0,0,0,0,0,0,0,0
b4862994a.jpg,0,0,,0,0,0,0,0,0,0,0,0,0
b491fc95d.jpg,0,0,,0,0,0,0,0,0,0,0,0,0
b494c20d6.jpg,0,0,,0,0,0,0,0,0,0,0,0,0
b496d0a29.jpg,1,1,3,3,11542,0,0,11542,0,0,0,1,0
b49abc34a.jpg,0,0,,0,0,0,0,0,0,0,0,0,0
b49b2a0ee.jpg,0,0,,0,0,0,0,0,0,0,0,0,0
b4a2c233f.jpg,0,0,,0,0,0,0,0,0,0,0,0,0
b4aa8dbf0.jpg,1,1,3,3,12630,0,0,12630,0,0,0,1,0
b4ad3aac5.jpg,0,0,,0,0,0,0,0,0,0,0,0,0
b4af2291e.jpg,0,0,,0,0,0,0,0,0,0,0,0,0
b4af4e1ff.jpg,0,0,,0,0,0,0,0,0,0,0,0,0
b4b21055e.jpg,0,0,,0,0,0,0,0,0,0,0,0,0
b4b5c6a86.jpg,1,1,1,1,1601,1601,0,0,0,1,0,0,0
b4b6a1104.jpg,0,0,,0,0,0,0,0,0,0,0,0,0
b4c2a01b6.jpg,0,0,,0,0,0,0,0,0,0,0,0,0
b4c7a5a60.jpg,0,0,,0,0,0,0,0,0,0,0,0,0
b4c840216.jpg,0,0,,0,0,0,0,0,0,0,0,0,0
b4cc410e5.jpg,0,0,,0,0,0,0,0,0,0,0,0,0
b4cc6a4ed.jpg,1,1,3,3,14559,0,0,14559,0,0,0,1,0
b4d0843ed.jpg,0,0,,0,0,0,0,0,0,0,0,0,0
b4d309794.jpg,1,1,3,3,19125,0,0,19125,0,0,0,1,0
b4d920147.jpg,1,1,3,3,59281,0,0,59281,0,0,0,1,0
b4efa00f7.jpg,1,1,3,3,3256,0,0,3256,0,0,0,1,0
b4efad45e.jpg,1,1,3,3,52314,0,0,52314,0,0,0,1,0
b4f5b36a3.jpg,0,0,,0,0,0,0,0,0,0,0,0,0
b4fb938fd.jpg,1,1,3,3,21890,0,0,21890,0,0,0,1,0
b504ef19c.jpg,0,0,,0,0,0,0,0,0,0,0,0,0
b509edc06.jpg,0,0,,0,0,0,0,0,0,0,0,0,0
b50c7a02c.jpg,0,0,,0,0,0,0,0,0,0,0,0,0
b51ceed06.jpg,0,0,,0,0,0,0,0,0,0,0,0,0
b51e25392.jpg,1,1,3,3,5246,0,0,5246,0,0,0,1,0
b52933f82.jpg,1,1,3,3,58314,0,0,58314,0,0,0,1,0
b52d1fcd8.jpg,0,0,,0,0,0,0,0,0,0,0,0,0
b5330d91e.jpg,0,0,,0,0,0,0,0,0,0,0,0,0
b5352d213.jpg,1,1,3,3,50803,0,0,50803,0,0,0,1,0
b537ab3ce.jpg,1,1,3,3,20953,0,0,20953,0,0,0,1,0
b54038841.jpg,1,1,3,3,22392,0,0,22392,0,0,0,1,0
b54ede08d.jpg,0,0,,0,0,0,0,0,0,0,0,0,0
b556cffd3.jpg,0,0,,0,0,0,0,0,0,0,0,0,0
b559544b5.jpg,0,0,,0,0,0,0,0,0,0,0,0,0
b55ffe803.jpg,1,1,3,3,66472,0,0,66472,0,0,0,1,0
b56726dee.jpg,0,0,,0,0,0,0,0,0,0,0,0,0
b568146ec.jpg,1,1,3,3,6211,0,0,6211,0,0,0,1,0
b5696c8f3.jpg,1,1,3,3,3642,0,0,3642,0,0,0,1,0
b56b55a7e.jpg,0,0,,0,0,0,0,0,0,0,0,0,0
b56de2940.jpg,1,1,3,3,7762,0,0,7762,0,0,0,1,0
b56eaf11d.jpg,0,0,,0,0,0,0,0,0,0,0,0,0
b5730acdd.jpg,1,1,3,3,7532,0,0,7532,0,0,0,1,0
b57c00a3f.jpg,1,1,3,3,30877,0,0,30877,0,0,0,1,0
b57d15322.jpg,1,1,1,1,2035,2035,0,0,0,1,0,0,0
b5804f43f.jpg,1,1,3,3,13430,0,0,13430,0,0,0,1,0
b58132808.jpg,1,1,3,3,90123,0,0,90123,0,0,0,1,0
b5867dc30.jpg,1,1,3,3,5229,0,0,5229,0,0,0,1,0
b5931c369.jpg,0,0,,0,0,0,0,0,0,0,0,0,0
b5940545e.jpg,0,0,,0,0,0,0,0,0,0,0,0,0
b595566b3.jpg,1,2,1|2,1,3022,1518,1504,0,0,1,1,0,0
b5967f1ce.jpg,1,1,4,4,38357,0,0,0,38357,0,0,0,1
b5ab2fdda.jpg,0,0,,0,0,0,0,0,0,0,0,0,0
b5ab7a42f.jpg,1,1,3,3,26524,0,0,26524,0,0,0,1,0
b5ad8fb0f.jpg,0,0,,0,0,0,0,0,0,0,0,0,0
b5b48f9f3.jpg,1,1,3,3,4581,0,0,4581,0,0,0,1,0
b5b5e513b.jpg,1,1,3,3,62034,0,0,62034,0,0,0,1,0
b5b6de778.jpg,1,1,1,1,4041,4041,0,0,0,1,0,0,0
b5b99c878.jpg,1,2,3|4,3,39339,0,0,25856,13483,0,0,1,1
b5cba8cac.jpg,1,1,3,3,8551,0,0,8551,0,0,0,1,0
b5cda37bc.jpg,1,1,3,3,7704,0,0,7704,0,0,0,1,0
b5cdb72ff.jpg,1,1,3,3,7857,0,0,7857,0,0,0,1,0
b5d029fdf.jpg,0,0,,0,0,0,0,0,0,0,0,0,0
b5d9dfe6d.jpg,1,1,3,3,57691,0,0,57691,0,0,0,1,0
b5df32617.jpg,0,0,,0,0,0,0,0,0,0,0,0,0
b5e275395.jpg,0,0,,0,0,0,0,0,0,0,0,0,0
b5e9007e5.jpg,0,0,,0,0,0,0,0,0,0,0,0,0
b5ea96cf7.jpg,0,0,,0,0,0,0,0,0,0,0,0,0
b5f23c960.jpg,0,0,,0,0,0,0,0,0,0,0,0,0
b5f7a1627.jpg,0,0,,0,0,0,0,0,0,0,0,0,0
b6098bce0.jpg,0,0,,0,0,0,0,0,0,0,0,0,0
b612e5812.jpg,1,1,4,4,14503,0,0,0,14503,0,0,0,1
b613acfb7.jpg,1,1,3,3,1212,0,0,1212,0,0,0,1,0
b619085bc.jpg,0,0,,0,0,0,0,0,0,0,0,0,0
b62d34440.jpg,1,1,3,3,4200,0,0,4200,0,0,0,1,0
b63488e9d.jpg,1,1,3,3,3080,0,0,3080,0,0,0,1,0
b641f8ae5.jpg,1,1,3,3,16012,0,0,16012,0,0,0,1,0
b646b6038.jpg,1,1,4,4,32007,0,0,0,32007,0,0,0,1
b64b9969e.jpg,1,2,3|4,3,31557,0,0,17601,13956,0,0,1,1
b64e18b92.jpg,1,2,1|3,3,5512,813,0,4699,0,1,0,1,0
b64f0985f.jpg,1,1,3,3,27776,0,0,27776,0,0,0,1,0
b657c7ed4.jpg,1,1,1,1,3531,3531,0,0,0,1,0,0,0
b658e6c9f.jpg,1,1,3,3,16079,0,0,16079,0,0,0,1,0
b662b5b00.jpg,0,0,,0,0,0,0,0,0,0,0,0,0
b664c557f.jpg,0,0,,0,0,0,0,0,0,0,0,0,0
b6656880b.jpg,1,1,3,3,9092,0,0,9092,0,0,0,1,0
b66721b1f.jpg,1,1,3,3,22264,0,0,22264,0,0,0,1,0
b66e31dfb.jpg,1,1,1,1,1259,1259,0,0,0,1,0,0,0
b66e36656.jpg,1,1,3,3,3718,0,0,3718,0,0,0,1,0
b67f8ad07.jpg,0,0,,0,0,0,0,0,0,0,0,0,0
b67f8e63f.jpg,0,0,,0,0,0,0,0,0,0,0,0,0
b682bfafd.jpg,1,1,4,4,9037,0,0,0,9037,0,0,0,1
b687a4580.jpg,0,0,,0,0,0,0,0,0,0,0,0,0
b688d23eb.jpg,0,0,,0,0,0,0,0,0,0,0,0,0
b68a9259a.jpg,1,2,3|4,4,40496,0,0,18749,21747,0,0,1,1
b68ac5910.jpg,1,1,4,4,11181,0,0,0,11181,0,0,0,1
b68b3a262.jpg,1,1,3,3,3395,0,0,3395,0,0,0,1,0
b68b9258c.jpg,1,1,3,3,60083,0,0,60083,0,0,0,1,0
b68c2531c.jpg,1,1,3,3,6197,0,0,6197,0,0,0,1,0
b68c95b87.jpg,1,1,3,3,5291,0,0,5291,0,0,0,1,0
b695035c7.jpg,0,0,,0,0,0,0,0,0,0,0,0,0
b69920a15.jpg,1,1,3,3,5727,0,0,5727,0,0,0,1,0
b69aaf096.jpg,1,1,3,3,3273,0,0,3273,0,0,0,1,0
b69d1ed6a.jpg,1,1,3,3,10024,0,0,10024,0,0,0,1,0
b69d73277.jpg,0,0,,0,0,0,0,0,0,0,0,0,0
b69f4f03c.jpg,0,0,,0,0,0,0,0,0,0,0,0,0
b6a257b28.jpg,1,1,2,2,1471,0,1471,0,0,0,1,0,0
b6a5c7a5b.jpg,1,1,4,4,4835,0,0,0,4835,0,0,0,1
b6a5f38fa.jpg,0,0,,0,0,0,0,0,0,0,0,0,0
b6b66ca8c.jpg,1,1,3,3,44568,0,0,44568,0,0,0,1,0
b6c0a38e9.jpg,1,1,3,3,20194,0,0,20194,0,0,0,1,0
b6c567b64.jpg,1,1,3,3,6613,0,0,6613,0,0,0,1,0
b6c7c2cb9.jpg,0,0,,0,0,0,0,0,0,0,0,0,0
b6d3f2485.jpg,0,0,,0,0,0,0,0,0,0,0,0,0
b6d6d52ac.jpg,1,1,3,3,7505,0,0,7505,0,0,0,1,0
b6d964955.jpg,1,1,3,3,15480,0,0,15480,0,0,0,1,0
b6db869b7.jpg,0,0,,0,0,0,0,0,0,0,0,0,0
b6e3b8a8c.jpg,0,0,,0,0,0,0,0,0,0,0,0,0
b6f5f2414.jpg,1,1,3,3,19107,0,0,19107,0,0,0,1,0
b6f61c6b0.jpg,1,1,4,4,18628,0,0,0,18628,0,0,0,1
b6fc52f4e.jpg,1,1,3,3,16512,0,0,16512,0,0,0,1,0
b6fdc1d5e.jpg,1,1,3,3,4378,0,0,4378,0,0,0,1,0
b707e8c7b.jpg,0,0,,0,0,0,0,0,0,0,0,0,0
b708523c7.jpg,0,0,,0,0,0,0,0,0,0,0,0,0
b70e904f7.jpg,1,1,3,3,17846,0,0,17846,0,0,0,1,0
b712be0ba.jpg,0,0,,0,0,0,0,0,0,0,0,0,0
b7155ddaf.jpg,0,0,,0,0,0,0,0,0,0,0,0,0
b719010ac.jpg,1,1,3,3,13421,0,0,13421,0,0,0,1,0
b71af94cb.jpg,0,0,,0,0,0,0,0,0,0,0,0,0
b71ee7bd0.jpg,1,1,4,4,27906,0,0,0,27906,0,0,0,1
b722f7475.jpg,0,0,,0,0,0,0,0,0,0,0,0,0
b724e0d0e.jpg,0,0,,0,0,0,0,0,0,0,0,0,0
b72d341bf.jpg,1,1,3,3,8342,0,0,8342,0,0,0,1,0
b731b33db.jpg,0,0,,0,0,0,0,0,0,0,0,0,0
b732ea1f3.jpg,1,1,3,3,48314,0,0,48314,0,0,0,1,0
b733d1672.jpg,1,2,3|4,3,11794,0,0,8835,2959,0,0,1,1
b754c1efe.jpg,1,1,1,1,4748,4748,0,0,0,1,0,0,0
b7688a29f.jpg,0,0,,0,0,0,0,0,0,0,0,0,0
b76bbb3cf.jpg,1,1,1,1,1391,1391,0,0,0,1,0,0,0
b77466d80.jpg,0,0,,0,0,0,0,0,0,0,0,0,0
b778a2a3e.jpg,0,0,,0,0,0,0,0,0,0,0,0,0
b782bd738.jpg,0,0,,0,0,0,0,0,0,0,0,0,0
b78629be2.jpg,1,1,3,3,33344,0,0,33344,0,0,0,1,0
b7871011a.jpg,1,1,1,1,3861,3861,0,0,0,1,0,0,0
b78ea8d16.jpg,0,0,,0,0,0,0,0,0,0,0,0,0
b7982b7d8.jpg,1,1,3,3,79168,0,0,79168,0,0,0,1,0
b799d56cd.jpg,1,1,3,3,5568,0,0,5568,0,0,0,1,0
b79a0d30f.jpg,1,2,3|4,4,11719,0,0,4141,7578,0,0,1,1
b79c520bb.jpg,0,0,,0,0,0,0,0,0,0,0,0,0
b7a1d89ae.jpg,1,1,3,3,3215,0,0,3215,0,0,0,1,0
b7a2b2275.jpg,1,1,3,3,32717,0,0,32717,0,0,0,1,0
b7b29537e.jpg,1,1,4,4,51002,0,0,0,51002,0,0,0,1
b7b6fd4ed.jpg,1,1,3,3,1337,0,0,1337,0,0,0,1,0
b7be0627c.jpg,0,0,,0,0,0,0,0,0,0,0,0,0
b7cd8e6f3.jpg,0,0,,0,0,0,0,0,0,0,0,0,0
b7d19b506.jpg,1,1,1,1,3165,3165,0,0,0,1,0,0,0
b7dab02ec.jpg,1,1,3,3,6518,0,0,6518,0,0,0,1,0
b7dd1204a.jpg,0,0,,0,0,0,0,0,0,0,0,0,0
b7df222b1.jpg,1,1,3,3,45125,0,0,45125,0,0,0,1,0
b7e06286b.jpg,0,0,,0,0,0,0,0,0,0,0,0,0
b7e50e93e.jpg,0,0,,0,0,0,0,0,0,0,0,0,0
b7e90de47.jpg,1,1,3,3,29596,0,0,29596,0,0,0,1,0
b7ec604f7.jpg,1,1,3,3,12491,0,0,12491,0,0,0,1,0
b7f1c1eea.jpg,0,0,,0,0,0,0,0,0,0,0,0,0
b7f1eee15.jpg,0,0,,0,0,0,0,0,0,0,0,0,0
b7f84836b.jpg,1,1,3,3,2212,0,0,2212,0,0,0,1,0
b7fd1f63b.jpg,1,1,1,1,1781,1781,0,0,0,1,0,0,0
b8031073a.jpg,0,0,,0,0,0,0,0,0,0,0,0,0
b833028fe.jpg,0,0,,0,0,0,0,0,0,0,0,0,0
b83d7659f.jpg,0,0,,0,0,0,0,0,0,0,0,0,0
b845c99d9.jpg,1,1,3,3,11933,0,0,11933,0,0,0,1,0
b845ef149.jpg,1,1,3,3,6168,0,0,6168,0,0,0,1,0
b852c3232.jpg,0,0,,0,0,0,0,0,0,0,0,0,0
b8576af47.jpg,1,1,3,3,5367,0,0,5367,0,0,0,1,0
b859b9175.jpg,0,0,,0,0,0,0,0,0,0,0,0,0
b862a5d9f.jpg,0,0,,0,0,0,0,0,0,0,0,0,0
b8642bd0a.jpg,1,1,3,3,10592,0,0,10592,0,0,0,1,0
b868c43ca.jpg,1,1,3,3,3632,0,0,3632,0,0,0,1,0
b86c963d6.jpg,1,2,3|4,3,108687,0,0,88610,20077,0,0,1,1
b87571cc4.jpg,1,1,3,3,4732,0,0,4732,0,0,0,1,0
b87a1d850.jpg,1,1,3,3,39200,0,0,39200,0,0,0,1,0
b87c9b9b4.jpg,0,0,,0,0,0,0,0,0,0,0,0,0
b881357b7.jpg,1,1,3,3,15117,0,0,15117,0,0,0,1,0
b8934c87d.jpg,0,0,,0,0,0,0,0,0,0,0,0,0
b89490249.jpg,1,1,3,3,24832,0,0,24832,0,0,0,1,0
b895d1213.jpg,1,1,3,3,17920,0,0,17920,0,0,0,1,0
b89d58ef2.jpg,1,2,3|4,4,87708,0,0,11656,76052,0,0,1,1
b8a315e5d.jpg,0,0,,0,0,0,0,0,0,0,0,0,0
b8a69919f.jpg,1,1,2,2,2688,0,2688,0,0,0,1,0,0
b8a7c74b3.jpg,1,1,3,3,22804,0,0,22804,0,0,0,1,0
b8a955c48.jpg,1,1,3,3,65765,0,0,65765,0,0,0,1,0
b8a9fb7d0.jpg,1,1,3,3,26331,0,0,26331,0,0,0,1,0
b8ae3032c.jpg,0,0,,0,0,0,0,0,0,0,0,0,0
b8b03dcfe.jpg,1,1,3,3,11441,0,0,11441,0,0,0,1,0
b8b4d7133.jpg,1,1,4,4,12441,0,0,0,12441,0,0,0,1
b8b5ed4d0.jpg,1,2,3|4,4,21137,0,0,3459,17678,0,0,1,1
b8ba151b1.jpg,1,1,3,3,830,0,0,830,0,0,0,1,0
b8be43898.jpg,1,1,3,3,48959,0,0,48959,0,0,0,1,0
b8c07feb2.jpg,0,0,,0,0,0,0,0,0,0,0,0,0
b8cfc82f8.jpg,0,0,,0,0,0,0,0,0,0,0,0,0
b8d2805f9.jpg,1,1,3,3,20455,0,0,20455,0,0,0,1,0
b8eadd5bf.jpg,1,1,3,3,70022,0,0,70022,0,0,0,1,0
b8ef73f38.jpg,0,0,,0,0,0,0,0,0,0,0,0,0
b8f1c53e2.jpg,1,1,1,1,7484,7484,0,0,0,1,0,0,0
b8f684e65.jpg,1,1,3,3,10686,0,0,10686,0,0,0,1,0
b8fc355a4.jpg,0,0,,0,0,0,0,0,0,0,0,0,0
b9071870c.jpg,0,0,,0,0,0,0,0,0,0,0,0,0
b90e286a5.jpg,1,1,1,1,9189,9189,0,0,0,1,0,0,0
b90f74ebe.jpg,1,1,3,3,29990,0,0,29990,0,0,0,1,0
b913b77cc.jpg,1,1,3,3,3681,0,0,3681,0,0,0,1,0
b925ef3b7.jpg,1,1,1,1,6549,6549,0,0,0,1,0,0,0
b93118acc.jpg,1,1,3,3,5920,0,0,5920,0,0,0,1,0
b9320e568.jpg,0,0,,0,0,0,0,0,0,0,0,0,0
b933f4591.jpg,1,1,3,3,2600,0,0,2600,0,0,0,1,0
b93a72d17.jpg,0,0,,0,0,0,0,0,0,0,0,0,0
b93cc6719.jpg,1,1,3,3,3429,0,0,3429,0,0,0,1,0
b93f5fdc0.jpg,1,1,3,3,31005,0,0,31005,0,0,0,1,0
b941e37d2.jpg,1,1,4,4,20140,0,0,0,20140,0,0,0,1
b941eeaa7.jpg,1,1,3,3,1638,0,0,1638,0,0,0,1,0
b949db636.jpg,1,1,3,3,4202,0,0,4202,0,0,0,1,0
b94f92e51.jpg,1,2,3|4,4,51935,0,0,926,51009,0,0,1,1
b9517e2e2.jpg,1,1,3,3,54520,0,0,54520,0,0,0,1,0
b954698ba.jpg,1,1,4,4,31036,0,0,0,31036,0,0,0,1
b95bf9f14.jpg,0,0,,0,0,0,0,0,0,0,0,0,0
b95e49245.jpg,1,1,3,3,47729,0,0,47729,0,0,0,1,0
b95e709e6.jpg,0,0,,0,0,0,0,0,0,0,0,0,0
b963c168c.jpg,1,1,2,2,1202,0,1202,0,0,0,1,0,0
b9752d783.jpg,1,1,3,3,4995,0,0,4995,0,0,0,1,0
b97e53bb3.jpg,0,0,,0,0,0,0,0,0,0,0,0,0
b9888ed87.jpg,1,1,1,1,6981,6981,0,0,0,1,0,0,0
b98aee209.jpg,1,1,2,2,1813,0,1813,0,0,0,1,0,0
b98f3f3b7.jpg,1,1,3,3,2156,0,0,2156,0,0,0,1,0
b99b4abea.jpg,1,2,3|4,4,67120,0,0,6687,60433,0,0,1,1
b9aa11e17.jpg,1,1,1,1,5768,5768,0,0,0,1,0,0,0
b9acd9a0f.jpg,0,0,,0,0,0,0,0,0,0,0,0,0
b9b07c892.jpg,1,1,4,4,80525,0,0,0,80525,0,0,0,1
b9b3aaaea.jpg,0,0,,0,0,0,0,0,0,0,0,0,0
b9b3b12aa.jpg,1,1,2,2,1948,0,1948,0,0,0,1,0,0
b9b5cb6f5.jpg,1,1,1,1,4158,4158,0,0,0,1,0,0,0
b9bef4fe1.jpg,1,1,3,3,1267,0,0,1267,0,0,0,1,0
b9ca31b9c.jpg,0,0,,0,0,0,0,0,0,0,0,0,0
b9ca7f9f9.jpg,0,0,,0,0,0,0,0,0,0,0,0,0
b9d6356b4.jpg,0,0,,0,0,0,0,0,0,0,0,0,0
b9d8a4502.jpg,0,0,,0,0,0,0,0,0,0,0,0,0
b9dbbf8ac.jpg,1,1,3,3,6379,0,0,6379,0,0,0,1,0
b9def70a3.jpg,0,0,,0,0,0,0,0,0,0,0,0,0
b9e47cf86.jpg,1,1,3,3,1675,0,0,1675,0,0,0,1,0
b9f4d70ec.jpg,0,0,,0,0,0,0,0,0,0,0,0,0
b9f5fe198.jpg,1,1,4,4,23916,0,0,0,23916,0,0,0,1
b9f8d4019.jpg,0,0,,0,0,0,0,0,0,0,0,0,0
b9f8dffba.jpg,1,1,3,3,3984,0,0,3984,0,0,0,1,0
b9fa8b135.jpg,1,1,1,1,9139,9139,0,0,0,1,0,0,0
b9fc6b359.jpg,1,1,4,4,37172,0,0,0,37172,0,0,0,1
ba027ff62.jpg,1,1,3,3,14759,0,0,14759,0,0,0,1,0
ba0c890a2.jpg,1,1,3,3,126965,0,0,126965,0,0,0,1,0
ba0e69f45.jpg,1,1,2,2,5084,0,5084,0,0,0,1,0,0
ba11c9dc3.jpg,1,1,3,3,18898,0,0,18898,0,0,0,1,0
ba12ba223.jpg,0,0,,0,0,0,0,0,0,0,0,0,0
ba1500f6f.jpg,0,0,,0,0,0,0,0,0,0,0,0,0
ba1848fc8.jpg,0,0,,0,0,0,0,0,0,0,0,0,0
ba1b1787f.jpg,0,0,,0,0,0,0,0,0,0,0,0,0
ba1ce59a8.jpg,1,1,3,3,1607,0,0,1607,0,0,0,1,0
ba1d5f5b5.jpg,0,0,,0,0,0,0,0,0,0,0,0,0
ba26aaf35.jpg,0,0,,0,0,0,0,0,0,0,0,0,0
ba3358802.jpg,0,0,,0,0,0,0,0,0,0,0,0,0
ba369b556.jpg,0,0,,0,0,0,0,0,0,0,0,0,0
ba3cdb064.jpg,1,1,3,3,66940,0,0,66940,0,0,0,1,0
ba3fd31de.jpg,1,1,3,3,1661,0,0,1661,0,0,0,1,0
ba4008245.jpg,1,1,3,3,4449,0,0,4449,0,0,0,1,0
ba4284649.jpg,1,1,4,4,19107,0,0,0,19107,0,0,0,1
ba47ceeec.jpg,0,0,,0,0,0,0,0,0,0,0,0,0
ba4ac3636.jpg,1,2,3|4,3,24347,0,0,16279,8068,0,0,1,1
ba54b162d.jpg,1,1,3,3,8296,0,0,8296,0,0,0,1,0
ba5b942fd.jpg,0,0,,0,0,0,0,0,0,0,0,0,0
ba5e54030.jpg,0,0,,0,0,0,0,0,0,0,0,0,0
ba61430df.jpg,0,0,,0,0,0,0,0,0,0,0,0,0
ba6e09636.jpg,0,0,,0,0,0,0,0,0,0,0,0,0
ba7ed19b3.jpg,1,1,3,3,17833,0,0,17833,0,0,0,1,0
ba8a923fa.jpg,0,0,,0,0,0,0,0,0,0,0,0,0
ba9f5bb00.jpg,0,0,,0,0,0,0,0,0,0,0,0,0
baa040ac6.jpg,0,0,,0,0,0,0,0,0,0,0,0,0
baa5a076a.jpg,0,0,,0,0,0,0,0,0,0,0,0,0
baa9d44b3.jpg,1,1,3,3,27348,0,0,27348,0,0,0,1,0
bab5271b6.jpg,1,2,1|3,1,4418,4127,0,291,0,1,0,1,0
baba8612a.jpg,1,1,3,3,2236,0,0,2236,0,0,0,1,0
babc63c5b.jpg,1,1,3,3,3601,0,0,3601,0,0,0,1,0
babc99f0c.jpg,1,2,1|3,1,6331,4067,0,2264,0,1,0,1,0
babdf889d.jpg,0,0,,0,0,0,0,0,0,0,0,0,0
bac478920.jpg,0,0,,0,0,0,0,0,0,0,0,0,0
bac68f2c3.jpg,1,1,3,3,136673,0,0,136673,0,0,0,1,0
baca6503a.jpg,1,1,4,4,6099,0,0,0,6099,0,0,0,1
bacb738d3.jpg,1,1,3,3,14713,0,0,14713,0,0,0,1,0
bacfd8fc8.jpg,1,1,3,3,1712,0,0,1712,0,0,0,1,0
badc586ae.jpg,1,1,3,3,38790,0,0,38790,0,0,0,1,0
badc94207.jpg,1,1,3,3,10424,0,0,10424,0,0,0,1,0
badd96385.jpg,1,1,4,4,43025,0,0,0,43025,0,0,0,1
bae2c9821.jpg,1,1,3,3,4952,0,0,4952,0,0,0,1,0
bae408bf0.jpg,0,0,,0,0,0,0,0,0,0,0,0,0
bae58dc36.jpg,1,1,3,3,4571,0,0,4571,0,0,0,1,0
bae6afeb1.jpg,0,0,,0,0,0,0,0,0,0,0,0,0
baeee87bf.jpg,0,0,,0,0,0,0,0,0,0,0,0,0
bb01e08e4.jpg,1,1,3,3,76975,0,0,76975,0,0,0,1,0
bb0b18744.jpg,1,1,3,3,7983,0,0,7983,0,0,0,1,0
bb0f9bfcf.jpg,0,0,,0,0,0,0,0,0,0,0,0,0
bb177c530.jpg,0,0,,0,0,0,0,0,0,0,0,0,0
bb1977eed.jpg,1,1,4,4,20894,0,0,0,20894,0,0,0,1
bb1c6efac.jpg,1,1,3,3,18381,0,0,18381,0,0,0,1,0
bb21cd153.jpg,0,0,,0,0,0,0,0,0,0,0,0,0
bb24cde95.jpg,1,1,3,3,43435,0,0,43435,0,0,0,1,0
bb25018fc.jpg,0,0,,0,0,0,0,0,0,0,0,0,0
bb2975da4.jpg,1,1,3,3,80806,0,0,80806,0,0,0,1,0
bb3421ee8.jpg,1,1,2,2,4124,0,4124,0,0,0,1,0,0
bb352d01e.jpg,1,1,1,1,1823,1823,0,0,0,1,0,0,0
bb371f33d.jpg,1,1,3,3,25820,0,0,25820,0,0,0,1,0
bb43fd55f.jpg,0,0,,0,0,0,0,0,0,0,0,0,0
bb47cc54c.jpg,0,0,,0,0,0,0,0,0,0,0,0,0
bb4e89121.jpg,1,1,3,3,19840,0,0,19840,0,0,0,1,0
bb52ff5d9.jpg,0,0,,0,0,0,0,0,0,0,0,0,0
bb5b38c31.jpg,0,0,,0,0,0,0,0,0,0,0,0,0
bb5d32d98.jpg,1,1,4,4,36799,0,0,0,36799,0,0,0,1
bb646995d.jpg,0,0,,0,0,0,0,0,0,0,0,0,0
bb65f4269.jpg,1,1,4,4,29470,0,0,0,29470,0,0,0,1
bb6c5d50f.jpg,1,1,3,3,14134,0,0,14134,0,0,0,1,0
bb6f86b58.jpg,0,0,,0,0,0,0,0,0,0,0,0,0
bb6fe9479.jpg,0,0,,0,0,0,0,0,0,0,0,0,0
bb7552176.jpg,0,0,,0,0,0,0,0,0,0,0,0,0
bb765d50c.jpg,1,2,1|3,3,10934,2913,0,8021,0,1,0,1,0
bb78033f6.jpg,0,0,,0,0,0,0,0,0,0,0,0,0
bb830bb4a.jpg,0,0,,0,0,0,0,0,0,0,0,0,0
bb9bfedfd.jpg,1,1,4,4,35619,0,0,0,35619,0,0,0,1
bba274c50.jpg,1,1,3,3,12150,0,0,12150,0,0,0,1,0
bba583ae1.jpg,1,1,4,4,7511,0,0,0,7511,0,0,0,1
bbae1c48a.jpg,1,1,3,3,9704,0,0,9704,0,0,0,1,0
bbaeed54e.jpg,1,1,4,4,38448,0,0,0,38448,0,0,0,1
bbafbaab3.jpg,1,1,3,3,46291,0,0,46291,0,0,0,1,0
bbb96273d.jpg,1,1,3,3,36885,0,0,36885,0,0,0,1,0
bbbfc8375.jpg,0,0,,0,0,0,0,0,0,0,0,0,0
bbc220ad9.jpg,1,1,3,3,7808,0,0,7808,0,0,0,1,0
bbc246c1b.jpg,1,1,2,2,1267,0,1267,0,0,0,1,0,0
bbc81b646.jpg,1,2,3|4,4,74625,0,0,35862,38763,0,0,1,1
bbcf45362.jpg,1,1,3,3,38614,0,0,38614,0,0,0,1,0
bbd1b8f11.jpg,1,1,3,3,18176,0,0,18176,0,0,0,1,0
bbd271bd8.jpg,0,0,,0,0,0,0,0,0,0,0,0,0
bbd3d337f.jpg,1,1,1,1,976,976,0,0,0,1,0,0,0
bbd5080f6.jpg,0,0,,0,0,0,0,0,0,0,0,0,0
bbde78fe1.jpg,1,1,1,1,4057,4057,0,0,0,1,0,0,0
bbe1b1724.jpg,0,0,,0,0,0,0,0,0,0,0,0,0
bbe2a369a.jpg,0,0,,0,0,0,0,0,0,0,0,0,0
bbe88f4c8.jpg,0,0,,0,0,0,0,0,0,0,0,0,0
bbea91022.jpg,1,1,3,3,1739,0,0,1739,0,0,0,1,0
bbebbd412.jpg,1,1,3,3,18353,0,0,18353,0,0,0,1,0
bbec1ee47.jpg,1,1,3,3,174193,0,0,174193,0,0,0,1,0
bbef58539.jpg,1,1,3,3,5649,0,0,5649,0,0,0,1,0
bbf5db291.jpg,0,0,,0,0,0,0,0,0,0,0,0,0
bbf8b7ad8.jpg,1,1,3,3,2025,0,0,2025,0,0,0,1,0
bbfd791f8.jpg,0,0,,0,0,0,0,0,0,0,0,0,0
bbfdbc490.jpg,1,1,3,3,6016,0,0,6016,0,0,0,1,0
bbff17cbf.jpg,1,1,3,3,11657,0,0,11657,0,0,0,1,0
bc0071fd2.jpg,1,2,3|4,4,88869,0,0,35833,53036,0,0,1,1
bc0a90164.jpg,1,1,4,4,5517,0,0,0,5517,0,0,0,1
bc12102b8.jpg,0,0,,0,0,0,0,0,0,0,0,0,0
bc136ed5c.jpg,1,1,3,3,8440,0,0,8440,0,0,0,1,0
bc138a5ee.jpg,0,0,,0,0,0,0,0,0,0,0,0,0
bc2185ce3.jpg,0,0,,0,0,0,0,0,0,0,0,0,0
bc21fab1b.jpg,0,0,,0,0,0,0,0,0,0,0,0,0
bc23335bc.jpg,1,1,3,3,13568,0,0,13568,0,0,0,1,0
bc23b3e0f.jpg,0,0,,0,0,0,0,0,0,0,0,0,0
bc2756713.jpg,1,1,3,3,11943,0,0,11943,0,0,0,1,0
bc29db83a.jpg,0,0,,0,0,0,0,0,0,0,0,0,0
bc2a7a375.jpg,0,0,,0,0,0,0,0,0,0,0,0,0
bc395145e.jpg,1,1,3,3,3822,0,0,3822,0,0,0,1,0
bc3c8163e.jpg,1,1,3,3,19074,0,0,19074,0,0,0,1,0
bc486ffb1.jpg,0,0,,0,0,0,0,0,0,0,0,0,0
bc4dd700c.jpg,0,0,,0,0,0,0,0,0,0,0,0,0
bc4f8527a.jpg,0,0,,0,0,0,0,0,0,0,0,0,0
bc5caa66d.jpg,0,0,,0,0,0,0,0,0,0,0,0,0
bc623fb4e.jpg,0,0,,0,0,0,0,0,0,0,0,0,0
bc64a47ef.jpg,0,0,,0,0,0,0,0,0,0,0,0,0
bc67d17de.jpg,1,1,3,3,13824,0,0,13824,0,0,0,1,0
bc68e0820.jpg,0,0,,0,0,0,0,0,0,0,0,0,0
bc72a7548.jpg,1,1,3,3,15091,0,0,15091,0,0,0,1,0
bc73f75a5.jpg,1,1,1,1,5196,5196,0,0,0,1,0,0,0
bc746015b.jpg,0,0,,0,0,0,0,0,0,0,0,0,0
bc751c15d.jpg,1,1,2,2,2504,0,2504,0,0,0,1,0,0
bc7ce8f4d.jpg,1,1,1,1,14227,14227,0,0,0,1,0,0,0
bc7f3ef1c.jpg,0,0,,0,0,0,0,0,0,0,0,0,0
bc9e35c07.jpg,1,1,3,3,570,0,0,570,0,0,0,1,0
bc9e986b3.jpg,0,0,,0,0,0,0,0,0,0,0,0,0
bca4ae758.jpg,1,1,1,1,2839,2839,0,0,0,1,0,0,0
bca9c5489.jpg,1,1,3,3,38194,0,0,38194,0,0,0,1,0
bcafc5791.jpg,0,0,,0,0,0,0,0,0,0,0,0,0
bcb794eed.jpg,1,1,3,3,2406,0,0,2406,0,0,0,1,0
bcbdbf3ac.jpg,0,0,,0,0,0,0,0,0,0,0,0,0
bcbf6b185.jpg,0,0,,0,0,0,0,0,0,0,0,0,0
bcbf7a4ab.jpg,0,0,,0,0,0,0,0,0,0,0,0,0
bcc4f678a.jpg,1,1,3,3,37365,0,0,37365,0,0,0,1,0
bcd819a3b.jpg,0,0,,0,0,0,0,0,0,0,0,0,0
bcda255e8.jpg,0,0,,0,0,0,0,0,0,0,0,0,0
bce091bac.jpg,1,1,4,4,29925,0,0,0,29925,0,0,0,1
bce9bf82d.jpg,1,1,3,3,22586,0,0,22586,0,0,0,1,0
bceeb4256.jpg,1,1,3,3,106607,0,0,106607,0,0,0,1,0
bcef3582e.jpg,1,1,3,3,14542,0,0,14542,0,0,0,1,0
bcf5dc58c.jpg,0,0,,0,0,0,0,0,0,0,0,0,0
bd01b8daf.jpg,1,2,3|4,3,67078,0,0,46338,20740,0,0,1,1
bd02a666e.jpg,0,0,,0,0,0,0,0,0,0,0,0,0
bd09cf79b.jpg,0,0,,0,0,0,0,0,0,0,0,0,0
bd0e26062.jpg,1,1,3,3,4084,0,0,4084,0,0,0,1,0
bd1d00d38.jpg,1,1,3,3,4717,0,0,4717,0,0,0,1,0
bd1e7ea2d.jpg,1,1,1,1,11704,11704,0,0,0,1,0,0,0
bd2366c49.jpg,0,0,,0,0,0,0,0,0,0,0,0,0
bd23fafce.jpg,0,0,,0,0,0,0,0,0,0,0,0,0
bd343c6f7.jpg,1,1,3,3,4030,0,0,4030,0,0,0,1,0
bd3e08bae.jpg,0,0,,0,0,0,0,0,0,0,0,0,0
bd411a664.jpg,0,0,,0,0,0,0,0,0,0,0,0,0
bd4957b80.jpg,1,1,4,4,21437,0,0,0,21437,0,0,0,1
bd51cf4b6.jpg,0,0,,0,0,0,0,0,0,0,0,0,0
bd54aaaea.jpg,1,1,3,3,9598,0,0,9598,0,0,0,1,0
bd5aeaa60.jpg,0,0,,0,0,0,0,0,0,0,0,0,0
bd5c85ced.jpg,0,0,,0,0,0,0,0,0,0,0,0,0
bd5cc7d1b.jpg,0,0,,0,0,0,0,0,0,0,0,0,0
bd5ef89dc.jpg,0,0,,0,0,0,0,0,0,0,0,0,0
bd60e8f14.jpg,0,0,,0,0,0,0,0,0,0,0,0,0
bd6298d4f.jpg,1,1,3,3,5491,0,0,5491,0,0,0,1,0
bd66a6e69.jpg,1,1,3,3,96256,0,0,96256,0,0,0,1,0
bd680c39b.jpg,0,0,,0,0,0,0,0,0,0,0,0,0
bd697eec9.jpg,0,0,,0,0,0,0,0,0,0,0,0,0
bd6a86721.jpg,0,0,,0,0,0,0,0,0,0,0,0,0
bd70c4b99.jpg,1,1,3,3,90470,0,0,90470,0,0,0,1,0
bd77f2c37.jpg,1,1,3,3,70520,0,0,70520,0,0,0,1,0
bd794618f.jpg,1,1,3,3,15510,0,0,15510,0,0,0,1,0
bd8556ab8.jpg,1,1,1,1,4511,4511,0,0,0,1,0,0,0
bd8860de4.jpg,0,0,,0,0,0,0,0,0,0,0,0,0
bd894f161.jpg,0,0,,0,0,0,0,0,0,0,0,0,0
bd8e1d238.jpg,0,0,,0,0,0,0,0,0,0,0,0,0
bd967bd29.jpg,1,2,3|4,4,27812,0,0,3336,24476,0,0,1,1
bd99469d2.jpg,1,1,3,3,3959,0,0,3959,0,0,0,1,0
bd9e49b45.jpg,0,0,,0,0,0,0,0,0,0,0,0,0
bda7b8a7e.jpg,0,0,,0,0,0,0,0,0,0,0,0,0
bda954cd8.jpg,0,0,,0,0,0,0,0,0,0,0,0,0
bdac05a8c.jpg,0,0,,0,0,0,0,0,0,0,0,0,0
bdae09f43.jpg,0,0,,0,0,0,0,0,0,0,0,0,0
bdae6df7b.jpg,0,0,,0,0,0,0,0,0,0,0,0,0
bdafa8bf2.jpg,0,0,,0,0,0,0,0,0,0,0,0,0
bdb24ff3b.jpg,1,1,3,3,3526,0,0,3526,0,0,0,1,0
bdb31300b.jpg,1,2,3|4,3,102065,0,0,93315,8750,0,0,1,1
bdb473db4.jpg,0,0,,0,0,0,0,0,0,0,0,0,0
bdbf5535f.jpg,1,1,3,3,32950,0,0,32950,0,0,0,1,0
bdc4fe767.jpg,1,1,3,3,3210,0,0,3210,0,0,0,1,0
bdc5e666b.jpg,0,0,,0,0,0,0,0,0,0,0,0,0
bdc800e05.jpg,0,0,,0,0,0,0,0,0,0,0,0,0
bdcc4b222.jpg,0,0,,0,0,0,0,0,0,0,0,0,0
bdce84e23.jpg,1,1,3,3,3045,0,0,3045,0,0,0,1,0
bdd1c7fa8.jpg,1,1,3,3,23607,0,0,23607,0,0,0,1,0
bdd265724.jpg,1,1,3,3,20551,0,0,20551,0,0,0,1,0
bdd8d2739.jpg,0,0,,0,0,0,0,0,0,0,0,0,0
bde16c127.jpg,0,0,,0,0,0,0,0,0,0,0,0,0
bde2a33eb.jpg,1,1,4,4,107310,0,0,0,107310,0,0,0,1
bde6d9e50.jpg,1,1,3,3,8302,0,0,8302,0,0,0,1,0
bdee0e677.jpg,1,1,3,3,9090,0,0,9090,0,0,0,1,0
bdeee2086.jpg,1,1,3,3,8589,0,0,8589,0,0,0,1,0
bdf2e7b93.jpg,0,0,,0,0,0,0,0,0,0,0,0,0
bdf3ca236.jpg,0,0,,0,0,0,0,0,0,0,0,0,0
bdfa2974d.jpg,1,1,3,3,4860,0,0,4860,0,0,0,1,0
bdff0aefc.jpg,1,1,3,3,6206,0,0,6206,0,0,0,1,0
be04fa57f.jpg,1,1,1,1,4599,4599,0,0,0,1,0,0,0
be10893b2.jpg,0,0,,0,0,0,0,0,0,0,0,0,0
be13b4853.jpg,1,1,3,3,3221,0,0,3221,0,0,0,1,0
be1e1cb10.jpg,1,1,1,1,7268,7268,0,0,0,1,0,0,0
be1e3408f.jpg,1,1,3,3,20880,0,0,20880,0,0,0,1,0
be2216e98.jpg,1,1,3,3,4026,0,0,4026,0,0,0,1,0
be2442d87.jpg,0,0,,0,0,0,0,0,0,0,0,0,0
be3b49756.jpg,1,2,3|4,4,76327,0,0,10444,65883,0,0,1,1
be3d5d136.jpg,0,0,,0,0,0,0,0,0,0,0,0,0
be3f5118b.jpg,0,0,,0,0,0,0,0,0,0,0,0,0
be4279ae1.jpg,1,1,3,3,32748,0,0,32748,0,0,0,1,0
be447691b.jpg,1,1,3,3,5133,0,0,5133,0,0,0,1,0
be4f811a7.jpg,0,0,,0,0,0,0,0,0,0,0,0,0
be53ca411.jpg,0,0,,0,0,0,0,0,0,0,0,0,0
be59e708c.jpg,0,0,,0,0,0,0,0,0,0,0,0,0
be65d7bb7.jpg,1,1,3,3,61036,0,0,61036,0,0,0,1,0
be6a4a1d1.jpg,0,0,,0,0,0,0,0,0,0,0,0,0
be6c49e45.jpg,1,1,3,3,72446,0,0,72446,0,0,0,1,0
be783de55.jpg,0,0,,0,0,0,0,0,0,0,0,0,0
be8e28587.jpg,0,0,,0,0,0,0,0,0,0,0,0,0
be9bac1d9.jpg,0,0,,0,0,0,0,0,0,0,0,0,0
bea606041.jpg,1,1,1,1,4917,4917,0,0,0,1,0,0,0
bea7ff137.jpg,1,1,3,3,3691,0,0,3691,0,0,0,1,0
bea834c94.jpg,1,2,3|4,3,55984,0,0,31239,24745,0,0,1,1
beb14dec4.jpg,0,0,,0,0,0,0,0,0,0,0,0,0
bebb35a5e.jpg,1,2,3|4,4,26801,0,0,10842,15959,0,0,1,1
bec23c703.jpg,0,0,,0,0,0,0,0,0,0,0,0,0
bec57156d.jpg,0,0,,0,0,0,0,0,0,0,0,0,0
bec64003f.jpg,1,1,3,3,71348,0,0,71348,0,0,0,1,0
becac1d9b.jpg,0,0,,0,0,0,0,0,0,0,0,0,0
bedfbcf7b.jpg,1,1,3,3,35436,0,0,35436,0,0,0,1,0
bedff6112.jpg,0,0,,0,0,0,0,0,0,0,0,0,0
bee1352f9.jpg,0,0,,0,0,0,0,0,0,0,0,0,0
bee2f16b2.jpg,1,1,2,2,1384,0,1384,0,0,0,1,0,0
bef7c621e.jpg,0,0,,0,0,0,0,0,0,0,0,0,0
bf02703ff.jpg,0,0,,0,0,0,0,0,0,0,0,0,0
bf0c81db6.jpg,1,2,3|4,4,60811,0,0,28077,32734,0,0,1,1
bf1005177.jpg,0,0,,0,0,0,0,0,0,0,0,0,0
bf1683fdd.jpg,0,0,,0,0,0,0,0,0,0,0,0,0
bf24a03ac.jpg,1,1,3,3,1909,0,0,1909,0,0,0,1,0
bf281e816.jpg,0,0,,0,0,0,0,0,0,0,0,0,0
bf28ecdb5.jpg,0,0,,0,0,0,0,0,0,0,0,0,0
bf295a8e9.jpg,1,1,3,3,2112,0,0,2112,0,0,0,1,0
bf3431728.jpg,1,1,3,3,19214,0,0,19214,0,0,0,1,0
bf3bea2f0.jpg,0,0,,0,0,0,0,0,0,0,0,0,0
bf3d21ec7.jpg,1,1,3,3,9894,0,0,9894,0,0,0,1,0
bf3db21e9.jpg,1,1,3,3,40529,0,0,40529,0,0,0,1,0
bf49c40f4.jpg,1,1,3,3,1322,0,0,1322,0,0,0,1,0
bf541d182.jpg,0,0,,0,0,0,0,0,0,0,0,0,0
bf5502c1c.jpg,1,1,3,3,3213,0,0,3213,0,0,0,1,0
bf5e1ed13.jpg,1,1,2,2,7001,0,7001,0,0,0,1,0,0
bf6be1910.jpg,1,1,3,3,16184,0,0,16184,0,0,0,1,0
bf740c1e2.jpg,1,1,3,3,236880,0,0,236880,0,0,0,1,0
bf828b30d.jpg,1,2,3|4,4,8654,0,0,566,8088,0,0,1,1
bf83e7037.jpg,1,1,3,3,23466,0,0,23466,0,0,0,1,0
bf96d0602.jpg,1,1,3,3,34545,0,0,34545,0,0,0,1,0
bf9b21859.jpg,1,1,3,3,5939,0,0,5939,0,0,0,1,0
bf9ec9501.jpg,0,0,,0,0,0,0,0,0,0,0,0,0
bf9fbfaf7.jpg,0,0,,0,0,0,0,0,0,0,0,0,0
bfa13f841.jpg,0,0,,0,0,0,0,0,0,0,0,0,0
bfa17327e.jpg,1,1,3,3,9984,0,0,9984,0,0,0,1,0
bfa249587.jpg,1,1,3,3,3712,0,0,3712,0,0,0,1,0
bfaa6cae6.jpg,1,1,4,4,26002,0,0,0,26002,0,0,0,1
bfab9345f.jpg,1,1,3,3,3653,0,0,3653,0,0,0,1,0
bfaf69bd5.jpg,1,1,3,3,3897,0,0,3897,0,0,0,1,0
bfb064127.jpg,1,1,3,3,49832,0,0,49832,0,0,0,1,0
bfb1c6139.jpg,0,0,,0,0,0,0,0,0,0,0,0,0
bfbdc381c.jpg,0,0,,0,0,0,0,0,0,0,0,0,0
bfbf7dc87.jpg,0,0,,0,0,0,0,0,0,0,0,0,0
bfc087920.jpg,0,0,,0,0,0,0,0,0,0,0,0,0
bfc38d5ba.jpg,0,0,,0,0,0,0,0,0,0,0,0,0
bfc738650.jpg,1,1,4,4,10335,0,0,0,10335,0,0,0,1
bfc7f2dfa.jpg,0,0,,0,0,0,0,0,0,0,0,0,0
bfc82bcbd.jpg,1,1,3,3,14263,0,0,14263,0,0,0,1,0
bfcffb683.jpg,1,1,3,3,48217,0,0,48217,0,0,0,1,0
bfd00e92b.jpg,0,0,,0,0,0,0,0,0,0,0,0,0
bfd24be30.jpg,1,2,1|3,1,23411,12826,0,10585,0,1,0,1,0
bfd38637f.jpg,1,1,4,4,14571,0,0,0,14571,0,0,0,1
bfd56c3d2.jpg,1,1,3,3,3756,0,0,3756,0,0,0,1,0
bfd7696b4.jpg,0,0,,0,0,0,0,0,0,0,0,0,0
bfd7ecfe9.jpg,1,1,3,3,34778,0,0,34778,0,0,0,1,0
bfd93cc8c.jpg,1,1,3,3,68252,0,0,68252,0,0,0,1,0
bfe025097.jpg,1,1,3,3,5504,0,0,5504,0,0,0,1,0
bfe1815d5.jpg,1,1,1,1,8645,8645,0,0,0,1,0,0,0
bfe627357.jpg,0,0,,0,0,0,0,0,0,0,0,0,0
bfe812911.jpg,0,0,,0,0,0,0,0,0,0,0,0,0
bff6601a3.jpg,0,0,,0,0,0,0,0,0,0,0,0,0
bff6cdfad.jpg,1,2,2|3,2,4535,0,3613,922,0,0,1,1,0
bff7d63af.jpg,1,1,3,3,20271,0,0,20271,0,0,0,1,0
bffbff9ee.jpg,0,0,,0,0,0,0,0,0,0,0,0,0
c0065dcab.jpg,1,1,3,3,18592,0,0,18592,0,0,0,1,0
c01fd972f.jpg,1,1,3,3,14522,0,0,14522,0,0,0,1,0
c0292e072.jpg,0,0,,0,0,0,0,0,0,0,0,0,0
c030db0ad.jpg,0,0,,0,0,0,0,0,0,0,0,0,0
c038c0588.jpg,1,1,3,3,21549,0,0,21549,0,0,0,1,0
c03aa5c4a.jpg,0,0,,0,0,0,0,0,0,0,0,0,0
c03eafbd8.jpg,0,0,,0,0,0,0,0,0,0,0,0,0
c048dbdc5.jpg,1,1,3,3,137969,0,0,137969,0,0,0,1,0
c04aa9618.jpg,0,0,,0,0,0,0,0,0,0,0,0,0
c04ac576d.jpg,1,1,3,3,8583,0,0,8583,0,0,0,1,0
c04b0d160.jpg,1,1,3,3,1236,0,0,1236,0,0,0,1,0
c05799ac4.jpg,1,1,3,3,2709,0,0,2709,0,0,0,1,0
c057d7bc1.jpg,1,1,3,3,8285,0,0,8285,0,0,0,1,0
c0598f956.jpg,1,1,3,3,4736,0,0,4736,0,0,0,1,0
c05e59fa6.jpg,0,0,,0,0,0,0,0,0,0,0,0,0
c05ffed36.jpg,0,0,,0,0,0,0,0,0,0,0,0,0
c064a385e.jpg,0,0,,0,0,0,0,0,0,0,0,0,0
c07ab074e.jpg,0,0,,0,0,0,0,0,0,0,0,0,0
c07b4a53e.jpg,1,1,3,3,2273,0,0,2273,0,0,0,1,0
c081bd8c5.jpg,1,1,3,3,30756,0,0,30756,0,0,0,1,0
c084838d5.jpg,1,1,4,4,69871,0,0,0,69871,0,0,0,1
c08abccb0.jpg,0,0,,0,0,0,0,0,0,0,0,0,0
c08bdfa3c.jpg,0,0,,0,0,0,0,0,0,0,0,0,0
c097a0af1.jpg,1,1,3,3,180677,0,0,180677,0,0,0,1,0
c098f8eff.jpg,0,0,,0,0,0,0,0,0,0,0,0,0
c0a428ebb.jpg,0,0,,0,0,0,0,0,0,0,0,0,0
c0b79eb26.jpg,0,0,,0,0,0,0,0,0,0,0,0,0
c0be19adf.jpg,1,1,3,3,3904,0,0,3904,0,0,0,1,0
c0cab7860.jpg,0,0,,0,0,0,0,0,0,0,0,0,0
c0ceecd96.jpg,1,1,3,3,81204,0,0,81204,0,0,0,1,0
c0d04c74f.jpg,1,1,3,3,47718,0,0,47718,0,0,0,1,0
c0d23ec4a.jpg,0,0,,0,0,0,0,0,0,0,0,0,0
c0dee2521.jpg,1,1,3,3,5380,0,0,5380,0,0,0,1,0
c0e34b64b.jpg,1,1,1,1,1949,1949,0,0,0,1,0,0,0
c0e730a68.jpg,1,1,3,3,2570,0,0,2570,0,0,0,1,0
c0eb3a086.jpg,1,1,2,2,1320,0,1320,0,0,0,1,0,0
c10467a1f.jpg,1,1,3,3,30208,0,0,30208,0,0,0,1,0
c1102118f.jpg,0,0,,0,0,0,0,0,0,0,0,0,0
c12842f5e.jpg,1,1,3,3,88723,0,0,88723,0,0,0,1,0
c12bbdec9.jpg,1,1,3,3,4224,0,0,4224,0,0,0,1,0
c12c90238.jpg,0,0,,0,0,0,0,0,0,0,0,0,0
c130e2db0.jpg,0,0,,0,0,0,0,0,0,0,0,0,0
c131d5030.jpg,1,1,3,3,169940,0,0,169940,0,0,0,1,0
c135aedee.jpg,1,1,3,3,6391,0,0,6391,0,0,0,1,0
c13a6a141.jpg,0,0,,0,0,0,0,0,0,0,0,0,0
c1422b149.jpg,1,1,3,3,5653,0,0,5653,0,0,0,1,0
c1482dc0c.jpg,0,0,,0,0,0,0,0,0,0,0,0,0
c148b01b4.jpg,0,0,,0,0,0,0,0,0,0,0,0,0
c14eabf41.jpg,1,1,1,1,835,835,0,0,0,1,0,0,0
c1583e292.jpg,1,1,3,3,9114,0,0,9114,0,0,0,1,0
c15b58daf.jpg,0,0,,0,0,0,0,0,0,0,0,0,0
c15d5b333.jpg,1,1,1,1,2347,2347,0,0,0,1,0,0,0
c15deb6c0.jpg,1,1,3,3,49394,0,0,49394,0,0,0,1,0
c1601bb3b.jpg,0,0,,0,0,0,0,0,0,0,0,0,0
c167117c8.jpg,1,1,3,3,2644,0,0,2644,0,0,0,1,0
c169ffecd.jpg,0,0,,0,0,0,0,0,0,0,0,0,0
c16f9e03c.jpg,0,0,,0,0,0,0,0,0,0,0,0,0
c17607edb.jpg,0,0,,0,0,0,0,0,0,0,0,0,0
c177e4d14.jpg,0,0,,0,0,0,0,0,0,0,0,0,0
c184f9f35.jpg,1,1,3,3,43547,0,0,43547,0,0,0,1,0
c18a0f128.jpg,0,0,,0,0,0,0,0,0,0,0,0,0
c18e129a3.jpg,1,1,3,3,13750,0,0,13750,0,0,0,1,0
c191c77e1.jpg,0,0,,0,0,0,0,0,0,0,0,0,0
c199d741a.jpg,1,1,2,2,4888,0,4888,0,0,0,1,0,0
c1a90e9c8.jpg,1,1,3,3,18049,0,0,18049,0,0,0,1,0
c1b035207.jpg,0,0,,0,0,0,0,0,0,0,0,0,0
c1b52c5f9.jpg,0,0,,0,0,0,0,0,0,0,0,0,0
c1c3651cc.jpg,1,1,3,3,6010,0,0,6010,0,0,0,1,0
c1c8a2312.jpg,0,0,,0,0,0,0,0,0,0,0,0,0
c1ce86b24.jpg,0,0,,0,0,0,0,0,0,0,0,0,0
c1e29d626.jpg,0,0,,0,0,0,0,0,0,0,0,0,0
c1e621914.jpg,0,0,,0,0,0,0,0,0,0,0,0,0
c1eb0477a.jpg,0,0,,0,0,0,0,0,0,0,0,0,0
c1ee793b9.jpg,0,0,,0,0,0,0,0,0,0,0,0,0
c1f0252de.jpg,1,1,3,3,5100,0,0,5100,0,0,0,1,0
c1f1011b0.jpg,1,1,4,4,10702,0,0,0,10702,0,0,0,1
c204673e4.jpg,1,1,3,3,4725,0,0,4725,0,0,0,1,0
c204bdd10.jpg,0,0,,0,0,0,0,0,0,0,0,0,0
c20989bd4.jpg,1,1,3,3,15368,0,0,15368,0,0,0,1,0
c20b32738.jpg,1,1,3,3,19065,0,0,19065,0,0,0,1,0
c210d2e08.jpg,1,1,2,2,4812,0,4812,0,0,0,1,0,0
c2119dae2.jpg,0,0,,0,0,0,0,0,0,0,0,0,0
c21755740.jpg,0,0,,0,0,0,0,0,0,0,0,0,0
c21aeed3b.jpg,0,0,,0,0,0,0,0,0,0,0,0,0
c21edfb97.jpg,1,1,1,1,9516,9516,0,0,0,1,0,0,0
c2234a956.jpg,0,0,,0,0,0,0,0,0,0,0,0,0
c223d7b2e.jpg,1,1,3,3,5210,0,0,5210,0,0,0,1,0
c22accc84.jpg,1,1,1,1,5356,5356,0,0,0,1,0,0,0
c22c1ba7d.jpg,0,0,,0,0,0,0,0,0,0,0,0,0
c22ead98c.jpg,1,1,3,3,5632,0,0,5632,0,0,0,1,0
c232eea0c.jpg,1,1,3,3,10918,0,0,10918,0,0,0,1,0
c23ac4775.jpg,0,0,,0,0,0,0,0,0,0,0,0,0
c23ef14ee.jpg,1,1,3,3,1648,0,0,1648,0,0,0,1,0
c248ca201.jpg,1,1,3,3,46791,0,0,46791,0,0,0,1,0
c24caa9be.jpg,1,1,3,3,12283,0,0,12283,0,0,0,1,0
c24f45fd3.jpg,1,1,3,3,42052,0,0,42052,0,0,0,1,0
c2514d9c0.jpg,0,0,,0,0,0,0,0,0,0,0,0,0
c2562fab2.jpg,0,0,,0,0,0,0,0,0,0,0,0,0
c25e12747.jpg,1,1,3,3,7505,0,0,7505,0,0,0,1,0
c25e6b179.jpg,0,0,,0,0,0,0,0,0,0,0,0,0
c262b89bb.jpg,0,0,,0,0,0,0,0,0,0,0,0,0
c267ba17c.jpg,0,0,,0,0,0,0,0,0,0,0,0,0
c26912861.jpg,1,1,3,3,5374,0,0,5374,0,0,0,1,0
c26f189f5.jpg,0,0,,0,0,0,0,0,0,0,0,0,0
c26f7ab21.jpg,1,1,3,3,126140,0,0,126140,0,0,0,1,0
c27075976.jpg,1,1,4,4,50587,0,0,0,50587,0,0,0,1
c270e97fc.jpg,0,0,,0,0,0,0,0,0,0,0,0,0
c2759d94e.jpg,1,1,1,1,6465,6465,0,0,0,1,0,0,0
c2760fc1a.jpg,1,2,3|4,3,44193,0,0,26306,17887,0,0,1,1
c2798319f.jpg,0,0,,0,0,0,0,0,0,0,0,0,0
c27abfe11.jpg,0,0,,0,0,0,0,0,0,0,0,0,0
c27bf0c0e.jpg,0,0,,0,0,0,0,0,0,0,0,0,0
c27ce861d.jpg,1,1,3,3,6099,0,0,6099,0,0,0,1,0
c27f43f5c.jpg,0,0,,0,0,0,0,0,0,0,0,0,0
c27fcd22a.jpg,0,0,,0,0,0,0,0,0,0,0,0,0
c293952c8.jpg,1,1,3,3,12505,0,0,12505,0,0,0,1,0
c2956fc84.jpg,0,0,,0,0,0,0,0,0,0,0,0,0
c296dafca.jpg,0,0,,0,0,0,0,0,0,0,0,0,0
c2a409a0b.jpg,1,1,3,3,37830,0,0,37830,0,0,0,1,0
c2a43c185.jpg,0,0,,0,0,0,0,0,0,0,0,0,0
c2a4d7a03.jpg,0,0,,0,0,0,0,0,0,0,0,0,0
c2acb1fd5.jpg,1,1,3,3,29360,0,0,29360,0,0,0,1,0
c2ad68694.jpg,1,1,3,3,3610,0,0,3610,0,0,0,1,0
c2afd0495.jpg,1,1,3,3,4902,0,0,4902,0,0,0,1,0
c2b446019.jpg,1,1,3,3,23344,0,0,23344,0,0,0,1,0
c2bc67c36.jpg,1,1,3,3,2665,0,0,2665,0,0,0,1,0
c2bce72b1.jpg,1,1,3,3,33920,0,0,33920,0,0,0,1,0
c2c5086dc.jpg,0,0,,0,0,0,0,0,0,0,0,0,0
c2cff3176.jpg,0,0,,0,0,0,0,0,0,0,0,0,0
c2d0a2e19.jpg,1,1,3,3,19972,0,0,19972,0,0,0,1,0
c2d1aece4.jpg,0,0,,0,0,0,0,0,0,0,0,0,0
c2d2af726.jpg,0,0,,0,0,0,0,0,0,0,0,0,0
c2d90ffc6.jpg,0,0,,0,0,0,0,0,0,0,0,0,0
c2d93de82.jpg,0,0,,0,0,0,0,0,0,0,0,0,0
c2eb19445.jpg,1,1,3,3,6521,0,0,6521,0,0,0,1,0
c2ee826a9.jpg,0,0,,0,0,0,0,0,0,0,0,0,0
c303505d3.jpg,0,0,,0,0,0,0,0,0,0,0,0,0
c30805f9e.jpg,1,1,3,3,5043,0,0,5043,0,0,0,1,0
c30ecf35c.jpg,0,0,,0,0,0,0,0,0,0,0,0,0
c30efa47d.jpg,1,1,3,3,2797,0,0,2797,0,0,0,1,0
c314f43f3.jpg,1,2,3|4,4,48703,0,0,3368,45335,0,0,1,1
c31982371.jpg,0,0,,0,0,0,0,0,0,0,0,0,0
c319a0d11.jpg,1,2,3|4,4,151200,0,0,17129,134071,0,0,1,1
c3206fb3c.jpg,1,2,3|4,3,8962,0,0,5389,3573,0,0,1,1
c32d6a8c5.jpg,0,0,,0,0,0,0,0,0,0,0,0,0
c32fb39d8.jpg,0,0,,0,0,0,0,0,0,0,0,0,0
c330ba942.jpg,1,1,1,1,3044,3044,0,0,0,1,0,0,0
c33296732.jpg,1,1,3,3,5595,0,0,5595,0,0,0,1,0
c33c289a5.jpg,0,0,,0,0,0,0,0,0,0,0,0,0
c33e20d0b.jpg,1,1,3,3,14254,0,0,14254,0,0,0,1,0
c3429572b.jpg,1,1,3,3,110037,0,0,110037,0,0,0,1,0
c34bf9bec.jpg,1,1,2,2,3422,0,3422,0,0,0,1,0,0
c34f14586.jpg,1,2,3|4,3,25019,0,0,14127,10892,0,0,1,1
c34fc79b6.jpg,1,1,3,3,5239,0,0,5239,0,0,0,1,0
c3528b146.jpg,0,0,,0,0,0,0,0,0,0,0,0,0
c357d41a1.jpg,1,1,3,3,11389,0,0,11389,0,0,0,1,0
c35fa49e2.jpg,1,2,1|2,1,10374,6407,3967,0,0,1,1,0,0
c374f493e.jpg,0,0,,0,0,0,0,0,0,0,0,0,0
c37633c03.jpg,1,1,3,3,12217,0,0,12217,0,0,0,1,0
c389100a5.jpg,1,2,1|3,1,2965,2557,0,408,0,1,0,1,0
c38ded308.jpg,0,0,,0,0,0,0,0,0,0,0,0,0
c38e52b4a.jpg,1,1,3,3,3742,0,0,3742,0,0,0,1,0
c38f307dd.jpg,1,1,3,3,12672,0,0,12672,0,0,0,1,0
c39185609.jpg,0,0,,0,0,0,0,0,0,0,0,0,0
c392baa9e.jpg,1,1,1,1,2165,2165,0,0,0,1,0,0,0
c3a1d6cd0.jpg,1,1,3,3,6124,0,0,6124,0,0,0,1,0
c3a2f51d0.jpg,1,1,3,3,27780,0,0,27780,0,0,0,1,0
c3a805375.jpg,0,0,,0,0,0,0,0,0,0,0,0,0
c3a93c97a.jpg,1,1,3,3,24506,0,0,24506,0,0,0,1,0
c3bffce10.jpg,1,1,3,3,1658,0,0,1658,0,0,0,1,0
c3c091454.jpg,1,1,4,4,6164,0,0,0,6164,0,0,0,1
c3c2bebd8.jpg,0,0,,0,0,0,0,0,0,0,0,0,0
c3c47c1c4.jpg,0,0,,0,0,0,0,0,0,0,0,0,0
c3cae8972.jpg,1,1,3,3,48231,0,0,48231,0,0,0,1,0
c3cca00ed.jpg,0,0,,0,0,0,0,0,0,0,0,0,0
c3d462329.jpg,0,0,,0,0,0,0,0,0,0,0,0,0
c3d61db2f.jpg,0,0,,0,0,0,0,0,0,0,0,0,0
c3d7412a0.jpg,1,1,3,3,54852,0,0,54852,0,0,0,1,0
c3dc05f58.jpg,1,1,3,3,14169,0,0,14169,0,0,0,1,0
c3e823e83.jpg,0,0,,0,0,0,0,0,0,0,0,0,0
c3ee7a878.jpg,1,1,1,1,3632,3632,0,0,0,1,0,0,0
c3fc438be.jpg,0,0,,0,0,0,0,0,0,0,0,0,0
c3ff1a7cd.jpg,1,1,3,3,74327,0,0,74327,0,0,0,1,0
c3ff6937c.jpg,1,1,1,1,1438,1438,0,0,0,1,0,0,0
c4042c9f4.jpg,0,0,,0,0,0,0,0,0,0,0,0,0
c404df4f4.jpg,1,1,3,3,16355,0,0,16355,0,0,0,1,0
c40a05198.jpg,1,1,3,3,9289,0,0,9289,0,0,0,1,0
c414ca6fe.jpg,0,0,,0,0,0,0,0,0,0,0,0,0
c41ca6add.jpg,0,0,,0,0,0,0,0,0,0,0,0,0
c42076330.jpg,1,1,3,3,8605,0,0,8605,0,0,0,1,0
c4260033a.jpg,0,0,,0,0,0,0,0,0,0,0,0,0
c42cd4f38.jpg,0,0,,0,0,0,0,0,0,0,0,0,0
c42e40dd9.jpg,0,0,,0,0,0,0,0,0,0,0,0,0
c4370b942.jpg,1,1,3,3,9456,0,0,9456,0,0,0,1,0
c4373a6ad.jpg,1,1,3,3,8808,0,0,8808,0,0,0,1,0
c43fb168b.jpg,0,0,,0,0,0,0,0,0,0,0,0,0
c44015e28.jpg,1,1,3,3,56376,0,0,56376,0,0,0,1,0
c446fae7d.jpg,0,0,,0,0,0,0,0,0,0,0,0,0
c44784905.jpg,1,2,3|4,4,89333,0,0,11263,78070,0,0,1,1
c448a41ee.jpg,1,2,1|3,3,6943,3305,0,3638,0,1,0,1,0
c44c93192.jpg,1,1,3,3,26555,0,0,26555,0,0,0,1,0
c4562eb61.jpg,0,0,,0,0,0,0,0,0,0,0,0,0
c45c92aa2.jpg,1,1,3,3,20716,0,0,20716,0,0,0,1,0
c45da738a.jpg,1,1,3,3,12874,0,0,12874,0,0,0,1,0
c46065903.jpg,1,1,4,4,40546,0,0,0,40546,0,0,0,1
c4628d422.jpg,0,0,,0,0,0,0,0,0,0,0,0,0
c46bd8459.jpg,1,1,3,3,84454,0,0,84454,0,0,0,1,0
c479762d3.jpg,0,0,,0,0,0,0,0,0,0,0,0,0
c480b0e1a.jpg,0,0,,0,0,0,0,0,0,0,0,0,0
c48774b2c.jpg,0,0,,0,0,0,0,0,0,0,0,0,0
c487b1ce1.jpg,1,1,3,3,47540,0,0,47540,0,0,0,1,0
c495e234e.jpg,1,1,3,3,65214,0,0,65214,0,0,0,1,0
c49d3da1b.jpg,1,2,3|4,4,91860,0,0,5249,86611,0,0,1,1
c4a074066.jpg,1,1,3,3,7643,0,0,7643,0,0,0,1,0
c4aa31fcb.jpg,0,0,,0,0,0,0,0,0,0,0,0,0
c4aeca424.jpg,1,1,3,3,6650,0,0,6650,0,0,0,1,0
c4c004e9d.jpg,0,0,,0,0,0,0,0,0,0,0,0,0
c4c5b8e2a.jpg,1,1,3,3,3261,0,0,3261,0,0,0,1,0
c4cde08c3.jpg,0,0,,0,0,0,0,0,0,0,0,0,0
c4d0af8e1.jpg,1,1,3,3,7783,0,0,7783,0,0,0,1,0
c4d13072d.jpg,1,1,1,1,22844,22844,0,0,0,1,0,0,0
c4d5657bc.jpg,1,1,3,3,35765,0,0,35765,0,0,0,1,0
c4dc92ef9.jpg,1,2,3|4,3,22466,0,0,15130,7336,0,0,1,1
c4dd4b18b.jpg,0,0,,0,0,0,0,0,0,0,0,0,0
c4ec6b06f.jpg,0,0,,0,0,0,0,0,0,0,0,0,0
c4ec74d18.jpg,0,0,,0,0,0,0,0,0,0,0,0,0
c4f5ebbb2.jpg,1,1,4,4,34722,0,0,0,34722,0,0,0,1
c4fc6bbdc.jpg,0,0,,0,0,0,0,0,0,0,0,0,0
c5054fd93.jpg,1,1,3,3,10941,0,0,10941,0,0,0,1,0
c5094dee9.jpg,0,0,,0,0,0,0,0,0,0,0,0,0
c50fd5e7b.jpg,0,0,,0,0,0,0,0,0,0,0,0,0
c51011137.jpg,1,1,3,3,3450,0,0,3450,0,0,0,1,0
c515ddabf.jpg,1,1,3,3,156036,0,0,156036,0,0,0,1,0
c51fb3d88.jpg,1,1,3,3,28713,0,0,28713,0,0,0,1,0
c521c444d.jpg,0,0,,0,0,0,0,0,0,0,0,0,0
c528593e7.jpg,0,0,,0,0,0,0,0,0,0,0,0,0
c53423923.jpg,1,1,3,3,50981,0,0,50981,0,0,0,1,0
c53577f91.jpg,0,0,,0,0,0,0,0,0,0,0,0,0
c53999687.jpg,0,0,,0,0,0,0,0,0,0,0,0,0
c539c7336.jpg,1,1,3,3,61808,0,0,61808,0,0,0,1,0
c5406794b.jpg,0,0,,0,0,0,0,0,0,0,0,0,0
c543e902b.jpg,1,1,3,3,126644,0,0,126644,0,0,0,1,0
c5452c0c8.jpg,0,0,,0,0,0,0,0,0,0,0,0,0
c54db71af.jpg,1,1,4,4,20565,0,0,0,20565,0,0,0,1
c54ee8ab4.jpg,0,0,,0,0,0,0,0,0,0,0,0,0
c54f5ce35.jpg,0,0,,0,0,0,0,0,0,0,0,0,0
c55802a79.jpg,1,1,3,3,3136,0,0,3136,0,0,0,1,0
c5615e977.jpg,1,1,3,3,616,0,0,616,0,0,0,1,0
c569ca145.jpg,0,0,,0,0,0,0,0,0,0,0,0,0
c56a476af.jpg,0,0,,0,0,0,0,0,0,0,0,0,0
c56baaa61.jpg,1,1,3,3,22323,0,0,22323,0,0,0,1,0
c56e3ffcb.jpg,1,1,3,3,9984,0,0,9984,0,0,0,1,0
c571c7c32.jpg,1,1,1,1,922,922,0,0,0,1,0,0,0
c57607580.jpg,1,1,3,3,12223,0,0,12223,0,0,0,1,0
c579d8413.jpg,1,1,3,3,12308,0,0,12308,0,0,0,1,0
c58d3772f.jpg,0,0,,0,0,0,0,0,0,0,0,0,0
c594616c8.jpg,0,0,,0,0,0,0,0,0,0,0,0,0
c59b8a59a.jpg,1,1,4,4,13745,0,0,0,13745,0,0,0,1
c59bddadd.jpg,0,0,,0,0,0,0,0,0,0,0,0,0
c59c7f789.jpg,1,1,4,4,70110,0,0,0,70110,0,0,0,1
c5a2172a9.jpg,1,1,1,1,1865,1865,0,0,0,1,0,0,0
c5a41d53c.jpg,1,1,3,3,8584,0,0,8584,0,0,0,1,0
c5a43f4e1.jpg,1,1,3,3,3298,0,0,3298,0,0,0,1,0
c5a65a795.jpg,1,1,3,3,36480,0,0,36480,0,0,0,1,0
c5a76e581.jpg,0,0,,0,0,0,0,0,0,0,0,0,0
c5af9872c.jpg,1,1,3,3,7607,0,0,7607,0,0,0,1,0
c5b08d4e3.jpg,1,2,3|4,4,78314,0,0,3829,74485,0,0,1,1
c5b0cfd34.jpg,0,0,,0,0,0,0,0,0,0,0,0,0
c5b83f5b3.jpg,0,0,,0,0,0,0,0,0,0,0,0,0
c5b9dccf7.jpg,1,1,3,3,103411,0,0,103411,0,0,0,1,0
c5c88f5ee.jpg,0,0,,0,0,0,0,0,0,0,0,0,0
c5cd270f2.jpg,1,1,4,4,28401,0,0,0,28401,0,0,0,1
c5cf9f24e.jpg,0,0,,0,0,0,0,0,0,0,0,0,0
c5d7c08da.jpg,0,0,,0,0,0,0,0,0,0,0,0,0
c5d85e8ec.jpg,0,0,,0,0,0,0,0,0,0,0,0,0
c5da9e8c7.jpg,1,1,4,4,12457,0,0,0,12457,0,0,0,1
c5dbdf433.jpg,1,1,3,3,53371,0,0,53371,0,0,0,1,0
c5e2b8fff.jpg,1,1,3,3,3614,0,0,3614,0,0,0,1,0
c5e69fd8f.jpg,1,1,3,3,16508,0,0,16508,0,0,0,1,0
c5ee627e2.jpg,1,1,3,3,3645,0,0,3645,0,0,0,1,0
c5f863ce3.jpg,0,0,,0,0,0,0,0,0,0,0,0,0
c5f88471b.jpg,1,1,1,1,2359,2359,0,0,0,1,0,0,0
c5fa2923b.jpg,1,1,3,3,1914,0,0,1914,0,0,0,1,0
c5fccc67c.jpg,0,0,,0,0,0,0,0,0,0,0,0,0
c60002bcd.jpg,1,1,3,3,3275,0,0,3275,0,0,0,1,0
c609cbe50.jpg,0,0,,0,0,0,0,0,0,0,0,0,0
c60f92f8b.jpg,1,1,3,3,1489,0,0,1489,0,0,0,1,0
c61d6422c.jpg,0,0,,0,0,0,0,0,0,0,0,0,0
c61d682a4.jpg,0,0,,0,0,0,0,0,0,0,0,0,0
c61f973ba.jpg,0,0,,0,0,0,0,0,0,0,0,0,0
c62b766cc.jpg,0,0,,0,0,0,0,0,0,0,0,0,0
c62ca3c1f.jpg,1,2,1|3,3,8613,4039,0,4574,0,1,0,1,0
c62da61d8.jpg,1,1,3,3,8930,0,0,8930,0,0,0,1,0
c633454bd.jpg,0,0,,0,0,0,0,0,0,0,0,0,0
c63388081.jpg,1,2,3|4,4,16751,0,0,6035,10716,0,0,1,1
c635aeb23.jpg,1,1,4,4,70265,0,0,0,70265,0,0,0,1
c63e60886.jpg,1,2,1|3,1,14178,9107,0,5071,0,1,0,1,0
c6458c18b.jpg,0,0,,0,0,0,0,0,0,0,0,0,0
c645ee923.jpg,0,0,,0,0,0,0,0,0,0,0,0,0
c646462b5.jpg,1,2,3|4,4,26367,0,0,2146,24221,0,0,1,1
c6510fb5a.jpg,1,1,3,3,11564,0,0,11564,0,0,0,1,0
c65471f28.jpg,1,1,3,3,77473,0,0,77473,0,0,0,1,0
c6632541a.jpg,0,0,,0,0,0,0,0,0,0,0,0,0
c66591b5f.jpg,0,0,,0,0,0,0,0,0,0,0,0,0
c66ba3e27.jpg,1,1,3,3,19047,0,0,19047,0,0,0,1,0
c678f0502.jpg,0,0,,0,0,0,0,0,0,0,0,0,0
c67e243c8.jpg,1,1,1,1,5761,5761,0,0,0,1,0,0,0
c683195bf.jpg,1,1,3,3,61309,0,0,61309,0,0,0,1,0
c6842bd61.jpg,1,1,3,3,2473,0,0,2473,0,0,0,1,0
c686055be.jpg,1,1,3,3,21895,0,0,21895,0,0,0,1,0
c695855a7.jpg,0,0,,0,0,0,0,0,0,0,0,0,0
c6a29f8f0.jpg,1,1,3,3,4721,0,0,4721,0,0,0,1,0
c6a37a198.jpg,0,0,,0,0,0,0,0,0,0,0,0,0
c6ad39495.jpg,0,0,,0,0,0,0,0,0,0,0,0,0
c6af2acac.jpg,0,0,,0,0,0,0,0,0,0,0,0,0
c6af59abe.jpg,0,0,,0,0,0,0,0,0,0,0,0,0
c6afe1599.jpg,1,1,3,3,3942,0,0,3942,0,0,0,1,0
c6b37cf7a.jpg,0,0,,0,0,0,0,0,0,0,0,0,0
c6b51947f.jpg,0,0,,0,0,0,0,0,0,0,0,0,0
c6bbd2e4f.jpg,0,0,,0,0,0,0,0,0,0,0,0,0
c6c2fb1c4.jpg,0,0,,0,0,0,0,0,0,0,0,0,0
c6c4d6ba7.jpg,0,0,,0,0,0,0,0,0,0,0,0,0
c6c8a3760.jpg,0,0,,0,0,0,0,0,0,0,0,0,0
c6cac1cac.jpg,1,1,3,3,8335,0,0,8335,0,0,0,1,0
c6cb040ad.jpg,1,1,3,3,5731,0,0,5731,0,0,0,1,0
c6cbf9f18.jpg,0,0,,0,0,0,0,0,0,0,0,0,0
c6d3371a8.jpg,1,1,1,1,6398,6398,0,0,0,1,0,0,0
c6d849ce2.jpg,0,0,,0,0,0,0,0,0,0,0,0,0
c6d8f17d0.jpg,0,0,,0,0,0,0,0,0,0,0,0,0
c6e9a9d66.jpg,1,1,3,3,3099,0,0,3099,0,0,0,1,0
c6ee10d49.jpg,0,0,,0,0,0,0,0,0,0,0,0,0
c6ef2006c.jpg,0,0,,0,0,0,0,0,0,0,0,0,0
c6f74537e.jpg,1,1,3,3,13717,0,0,13717,0,0,0,1,0
c6f7fe1d2.jpg,1,1,3,3,21469,0,0,21469,0,0,0,1,0
c6faa8c55.jpg,1,1,3,3,52498,0,0,52498,0,0,0,1,0
c704ec6ca.jpg,1,1,3,3,89464,0,0,89464,0,0,0,1,0
c70599c3a.jpg,0,0,,0,0,0,0,0,0,0,0,0,0
c70702ea2.jpg,1,1,4,4,118187,0,0,0,118187,0,0,0,1
c709f2ca6.jpg,0,0,,0,0,0,0,0,0,0,0,0,0
c70ef1294.jpg,0,0,,0,0,0,0,0,0,0,0,0,0
c71558eac.jpg,1,1,1,1,17868,17868,0,0,0,1,0,0,0
c71975362.jpg,0,0,,0,0,0,0,0,0,0,0,0,0
c71cc5004.jpg,0,0,,0,0,0,0,0,0,0,0,0,0
c720250a2.jpg,1,1,2,2,5928,0,5928,0,0,0,1,0,0
c7370d3be.jpg,0,0,,0,0,0,0,0,0,0,0,0,0
c7423a8c8.jpg,1,1,3,3,2349,0,0,2349,0,0,0,1,0
c746f473d.jpg,1,1,3,3,148337,0,0,148337,0,0,0,1,0
c74abe00a.jpg,1,1,3,3,66334,0,0,66334,0,0,0,1,0
c74b2baa5.jpg,0,0,,0,0,0,0,0,0,0,0,0,0
c75d53df5.jpg,0,0,,0,0,0,0,0,0,0,0,0,0
c75e6bd36.jpg,1,1,2,2,2649,0,2649,0,0,0,1,0,0
c7755caf9.jpg,1,1,3,3,74830,0,0,74830,0,0,0,1,0
c783a9679.jpg,0,0,,0,0,0,0,0,0,0,0,0,0
c78564801.jpg,0,0,,0,0,0,0,0,0,0,0,0,0
c78f55508.jpg,1,1,3,3,25104,0,0,25104,0,0,0,1,0
c79086497.jpg,1,1,3,3,70088,0,0,70088,0,0,0,1,0
c795455ba.jpg,1,1,3,3,2915,0,0,2915,0,0,0,1,0
c7a4a7472.jpg,1,1,4,4,37217,0,0,0,37217,0,0,0,1
c7a631017.jpg,0,0,,0,0,0,0,0,0,0,0,0,0
c7a7f24d9.jpg,1,1,4,4,16346,0,0,0,16346,0,0,0,1
c7adf7112.jpg,1,1,3,3,5575,0,0,5575,0,0,0,1,0
c7aeb9c82.jpg,1,2,3|4,4,36976,0,0,543,36433,0,0,1,1
c7af743ef.jpg,1,1,3,3,112115,0,0,112115,0,0,0,1,0
c7b41dbf4.jpg,1,2,3|4,4,42184,0,0,14194,27990,0,0,1,1
c7b4afcee.jpg,0,0,,0,0,0,0,0,0,0,0,0,0
c7b88e40a.jpg,1,1,1,1,4522,4522,0,0,0,1,0,0,0
c7bda2e09.jpg,0,0,,0,0,0,0,0,0,0,0,0,0
c7c7168ae.jpg,0,0,,0,0,0,0,0,0,0,0,0,0
c7c8c2424.jpg,1,1,3,3,5360,0,0,5360,0,0,0,1,0
c7d002c29.jpg,1,1,3,3,16114,0,0,16114,0,0,0,1,0
c7dc8ae5d.jpg,0,0,,0,0,0,0,0,0,0,0,0,0
c7dca83c0.jpg,0,0,,0,0,0,0,0,0,0,0,0,0
c7eb26d69.jpg,0,0,,0,0,0,0,0,0,0,0,0,0
c7edb8625.jpg,1,1,3,3,8277,0,0,8277,0,0,0,1,0
c7f5f72b0.jpg,0,0,,0,0,0,0,0,0,0,0,0,0
c7f93d8bd.jpg,1,1,3,3,5889,0,0,5889,0,0,0,1,0
c7fb9db8c.jpg,1,1,1,1,1612,1612,0,0,0,1,0,0,0
c7fdcc166.jpg,0,0,,0,0,0,0,0,0,0,0,0,0
c7fe435c0.jpg,1,1,2,2,1006,0,1006,0,0,0,1,0,0
c802d3e11.jpg,1,1,3,3,24049,0,0,24049,0,0,0,1,0
c804959b3.jpg,1,1,3,3,31514,0,0,31514,0,0,0,1,0
c80be4ee4.jpg,1,1,3,3,9417,0,0,9417,0,0,0,1,0
c80f387aa.jpg,1,1,3,3,32498,0,0,32498,0,0,0,1,0
c811d489f.jpg,1,1,3,3,35715,0,0,35715,0,0,0,1,0
c8157d623.jpg,0,0,,0,0,0,0,0,0,0,0,0,0
c81628edc.jpg,0,0,,0,0,0,0,0,0,0,0,0,0
c81c30ca0.jpg,1,1,3,3,100553,0,0,100553,0,0,0,1,0
c8216657a.jpg,1,1,3,3,64940,0,0,64940,0,0,0,1,0
c828ece4b.jpg,1,1,3,3,5641,0,0,5641,0,0,0,1,0
c8330f9d9.jpg,0,0,,0,0,0,0,0,0,0,0,0,0
c83361e9d.jpg,1,1,2,2,2657,0,2657,0,0,0,1,0,0
c838e1ba6.jpg,0,0,,0,0,0,0,0,0,0,0,0,0
c83a2e190.jpg,1,1,3,3,11144,0,0,11144,0,0,0,1,0
c83b606d1.jpg,1,1,1,1,4118,4118,0,0,0,1,0,0,0
c84c64ac0.jpg,1,1,3,3,3355,0,0,3355,0,0,0,1,0
c85251430.jpg,1,1,3,3,4749,0,0,4749,0,0,0,1,0
c85960383.jpg,1,1,3,3,17315,0,0,17315,0,0,0,1,0
c85cc3f7e.jpg,0,0,,0,0,0,0,0,0,0,0,0,0
c85dc059a.jpg,0,0,,0,0,0,0,0,0,0,0,0,0
c85ed5c64.jpg,1,1,3,3,9002,0,0,9002,0,0,0,1,0
c860271b4.jpg,0,0,,0,0,0,0,0,0,0,0,0,0
c8642ccd0.jpg,0,0,,0,0,0,0,0,0,0,0,0,0
c873d7724.jpg,1,1,3,3,316414,0,0,316414,0,0,0,1,0
c878411d7.jpg,1,1,3,3,7296,0,0,7296,0,0,0,1,0
c87ca8539.jpg,1,1,3,3,4359,0,0,4359,0,0,0,1,0
c88590b3f.jpg,1,1,4,4,24150,0,0,0,24150,0,0,0,1
c88792f29.jpg,0,0,,0,0,0,0,0,0,0,0,0,0
c892b744f.jpg,0,0,,0,0,0,0,0,0,0,0,0,0
c89490346.jpg,1,1,3,3,19570,0,0,19570,0,0,0,1,0
c89e96115.jpg,1,1,3,3,10584,0,0,10584,0,0,0,1,0
c8a11db96.jpg,0,0,,0,0,0,0,0,0,0,0,0,0
c8a9ae149.jpg,1,1,3,3,31896,0,0,31896,0,0,0,1,0
c8b9415d1.jpg,1,1,3,3,84511,0,0,84511,0,0,0,1,0
c8b9b27b9.jpg,0,0,,0,0,0,0,0,0,0,0,0,0
c8bb69681.jpg,0,0,,0,0,0,0,0,0,0,0,0,0
c8c0e5b9d.jpg,1,1,3,3,16064,0,0,16064,0,0,0,1,0
c8cf3e9bf.jpg,0,0,,0,0,0,0,0,0,0,0,0,0
c8de313f6.jpg,1,1,3,3,2179,0,0,2179,0,0,0,1,0
c8e26e892.jpg,1,1,3,3,2064,0,0,2064,0,0,0,1,0
c8e4b3a1e.jpg,1,1,3,3,26936,0,0,26936,0,0,0,1,0
c8e7c35ca.jpg,0,0,,0,0,0,0,0,0,0,0,0,0
c8ed5e8ab.jpg,1,1,3,3,49435,0,0,49435,0,0,0,1,0
c8f2eeaeb.jpg,0,0,,0,0,0,0,0,0,0,0,0,0
c8f6c1533.jpg,0,0,,0,0,0,0,0,0,0,0,0,0
c9091a2ef.jpg,1,1,3,3,44264,0,0,44264,0,0,0,1,0
c9091ca20.jpg,1,1,3,3,2717,0,0,2717,0,0,0,1,0
c910e9cbf.jpg,0,0,,0,0,0,0,0,0,0,0,0,0
c916658f1.jpg,1,1,3,3,25950,0,0,25950,0,0,0,1,0
c917a34f9.jpg,0,0,,0,0,0,0,0,0,0,0,0,0
c91c7b0ad.jpg,0,0,,0,0,0,0,0,0,0,0,0,0
c91f6f9ed.jpg,0,0,,0,0,0,0,0,0,0,0,0,0
c9215fb7a.jpg,1,1,3,3,28604,0,0,28604,0,0,0,1,0
c92192495.jpg,0,0,,0,0,0,0,0,0,0,0,0,0
c924ce298.jpg,1,1,4,4,18117,0,0,0,18117,0,0,0,1
c927281da.jpg,1,1,3,3,3145,0,0,3145,0,0,0,1,0
c92792c38.jpg,0,0,,0,0,0,0,0,0,0,0,0,0
c92d43a0f.jpg,0,0,,0,0,0,0,0,0,0,0,0,0
c92d8ef22.jpg,0,0,,0,0,0,0,0,0,0,0,0,0
c92de07ea.jpg,0,0,,0,0,0,0,0,0,0,0,0,0
c9358e43f.jpg,1,1,3,3,22024,0,0,22024,0,0,0,1,0
c93d081ca.jpg,0,0,,0,0,0,0,0,0,0,0,0,0
c9415c620.jpg,1,1,3,3,13445,0,0,13445,0,0,0,1,0
c94629328.jpg,1,1,4,4,81303,0,0,0,81303,0,0,0,1
c94938299.jpg,0,0,,0,0,0,0,0,0,0,0,0,0
c94bd179c.jpg,1,1,3,3,16256,0,0,16256,0,0,0,1,0
c94f78afa.jpg,1,1,3,3,938,0,0,938,0,0,0,1,0
c95db6975.jpg,1,1,3,3,2766,0,0,2766,0,0,0,1,0
c96f172ef.jpg,0,0,,0,0,0,0,0,0,0,0,0,0
c970d2407.jpg,1,1,4,4,50562,0,0,0,50562,0,0,0,1
c971ea296.jpg,0,0,,0,0,0,0,0,0,0,0,0,0
c98404d89.jpg,1,1,2,2,3381,0,3381,0,0,0,1,0,0
c98702129.jpg,1,2,3|4,3,81990,0,0,67837,14153,0,0,1,1
c9875cb08.jpg,0,0,,0,0,0,0,0,0,0,0,0,0
c987a8155.jpg,1,1,3,3,11016,0,0,11016,0,0,0,1,0
c9893033f.jpg,0,0,,0,0,0,0,0,0,0,0,0,0
c98cafcf4.jpg,0,0,,0,0,0,0,0,0,0,0,0,0
c98f15480.jpg,0,0,,0,0,0,0,0,0,0,0,0,0
c992477d4.jpg,1,2,1|3,1,9383,5431,0,3952,0,1,0,1,0
c9931e3fd.jpg,0,0,,0,0,0,0,0,0,0,0,0,0
c99ef85c9.jpg,1,1,3,3,18517,0,0,18517,0,0,0,1,0
c99ffee7e.jpg,0,0,,0,0,0,0,0,0,0,0,0,0
c9a28779c.jpg,0,0,,0,0,0,0,0,0,0,0,0,0
c9a42a79e.jpg,1,1,3,3,4981,0,0,4981,0,0,0,1,0
c9a52fbb7.jpg,0,0,,0,0,0,0,0,0,0,0,0,0
c9a8a25c4.jpg,0,0,,0,0,0,0,0,0,0,0,0,0
c9ae4cb29.jpg,1,2,3|4,4,44075,0,0,19015,25060,0,0,1,1
c9b12b9d3.jpg,0,0,,0,0,0,0,0,0,0,0,0,0
c9c1384be.jpg,1,1,3,3,5364,0,0,5364,0,0,0,1,0
c9c186f0b.jpg,0,0,,0,0,0,0,0,0,0,0,0,0
c9c5c1bdc.jpg,0,0,,0,0,0,0,0,0,0,0,0,0
c9c7d9ddb.jpg,1,1,3,3,1144,0,0,1144,0,0,0,1,0
c9cd221c5.jpg,1,1,3,3,53862,0,0,53862,0,0,0,1,0
c9cf804c1.jpg,0,0,,0,0,0,0,0,0,0,0,0,0
c9d24ef83.jpg,1,1,3,3,3475,0,0,3475,0,0,0,1,0
c9d2f6b05.jpg,1,1,3,3,13631,0,0,13631,0,0,0,1,0
c9e0634d0.jpg,1,1,4,4,64312,0,0,0,64312,0,0,0,1
c9f73af1b.jpg,1,1,3,3,974,0,0,974,0,0,0,1,0
c9fb9abd9.jpg,1,1,3,3,12887,0,0,12887,0,0,0,1,0
ca026733c.jpg,0,0,,0,0,0,0,0,0,0,0,0,0
ca02e9e92.jpg,1,1,3,3,11136,0,0,11136,0,0,0,1,0
ca19b9c48.jpg,0,0,,0,0,0,0,0,0,0,0,0,0
ca1abc5c8.jpg,0,0,,0,0,0,0,0,0,0,0,0,0
ca1ba152c.jpg,0,0,,0,0,0,0,0,0,0,0,0,0
ca2aeb52a.jpg,0,0,,0,0,0,0,0,0,0,0,0,0
ca30909ec.jpg,0,0,,0,0,0,0,0,0,0,0,0,0
ca32966ae.jpg,0,0,,0,0,0,0,0,0,0,0,0,0
ca3372f43.jpg,0,0,,0,0,0,0,0,0,0,0,0,0
ca3a80cea.jpg,0,0,,0,0,0,0,0,0,0,0,0,0
ca3f209ad.jpg,1,1,3,3,67053,0,0,67053,0,0,0,1,0
ca4309568.jpg,1,1,3,3,25203,0,0,25203,0,0,0,1,0
ca492d6f1.jpg,1,1,3,3,17061,0,0,17061,0,0,0,1,0
ca520c90f.jpg,1,1,4,4,54884,0,0,0,54884,0,0,0,1
ca55df343.jpg,0,0,,0,0,0,0,0,0,0,0,0,0
ca5709ed8.jpg,1,1,3,3,8091,0,0,8091,0,0,0,1,0
ca609ece8.jpg,1,1,3,3,5103,0,0,5103,0,0,0,1,0
ca65e7cbe.jpg,1,1,3,3,5813,0,0,5813,0,0,0,1,0
ca6b5420f.jpg,1,1,3,3,42234,0,0,42234,0,0,0,1,0
ca6b7eb23.jpg,0,0,,0,0,0,0,0,0,0,0,0,0
ca82d646f.jpg,1,1,3,3,6784,0,0,6784,0,0,0,1,0
ca850ca04.jpg,1,1,3,3,13101,0,0,13101,0,0,0,1,0
ca8d0b4e0.jpg,0,0,,0,0,0,0,0,0,0,0,0,0
ca98e7a24.jpg,0,0,,0,0,0,0,0,0,0,0,0,0
ca9d7749b.jpg,1,1,3,3,16480,0,0,16480,0,0,0,1,0
caab1635c.jpg,1,1,3,3,75254,0,0,75254,0,0,0,1,0
caab76443.jpg,0,0,,0,0,0,0,0,0,0,0,0,0
caad490a5.jpg,1,1,3,3,11841,0,0,11841,0,0,0,1,0
caaf0535e.jpg,0,0,,0,0,0,0,0,0,0,0,0,0
cab4a0c41.jpg,0,0,,0,0,0,0,0,0,0,0,0,0
cac001c04.jpg,1,1,3,3,2104,0,0,2104,0,0,0,1,0
cac09c825.jpg,1,1,3,3,61057,0,0,61057,0,0,0,1,0
cac7e2298.jpg,0,0,,0,0,0,0,0,0,0,0,0,0
cacd251d2.jpg,1,1,3,3,8348,0,0,8348,0,0,0,1,0
cadf3a94f.jpg,1,1,3,3,36594,0,0,36594,0,0,0,1,0
cae8be92c.jpg,0,0,,0,0,0,0,0,0,0,0,0,0
caead5f75.jpg,1,1,3,3,3045,0,0,3045,0,0,0,1,0
caf1289d0.jpg,1,1,3,3,25469,0,0,25469,0,0,0,1,0
caf2ca4e0.jpg,0,0,,0,0,0,0,0,0,0,0,0,0
caf3be05f.jpg,0,0,,0,0,0,0,0,0,0,0,0,0
caf49d870.jpg,1,2,1|2,1,3795,2325,1470,0,0,1,1,0,0
caf83e426.jpg,1,1,3,3,14016,0,0,14016,0,0,0,1,0
cb094c2cb.jpg,1,1,3,3,17055,0,0,17055,0,0,0,1,0
cb0ac6c6f.jpg,1,2,3|4,4,9538,0,0,1326,8212,0,0,1,1
cb18e0f90.jpg,0,0,,0,0,0,0,0,0,0,0,0,0
cb1f7d883.jpg,0,0,,0,0,0,0,0,0,0,0,0,0
cb2b5cbbe.jpg,0,0,,0,0,0,0,0,0,0,0,0,0
cb2dee2dd.jpg,1,1,3,3,21887,0,0,21887,0,0,0,1,0
cb2f34991.jpg,0,0,,0,0,0,0,0,0,0,0,0,0
cb3155db9.jpg,0,0,,0,0,0,0,0,0,0,0,0,0
cb37fc190.jpg,1,1,3,3,15962,0,0,15962,0,0,0,1,0
cb383b2f7.jpg,1,1,1,1,3102,3102,0,0,0,1,0,0,0
cb3ba3c45.jpg,0,0,,0,0,0,0,0,0,0,0,0,0
cb3e3974d.jpg,0,0,,0,0,0,0,0,0,0,0,0,0
cb43d7be5.jpg,1,1,3,3,12294,0,0,12294,0,0,0,1,0
cb4d72e56.jpg,1,2,1|3,3,6948,1855,0,5093,0,1,0,1,0
cb4f01ce6.jpg,0,0,,0,0,0,0,0,0,0,0,0,0
cb53b96ce.jpg,1,1,4,4,15992,0,0,0,15992,0,0,0,1
cb635172a.jpg,0,0,,0,0,0,0,0,0,0,0,0,0
cb6fa8f89.jpg,1,1,3,3,95213,0,0,95213,0,0,0,1,0
cb70a10d6.jpg,0,0,,0,0,0,0,0,0,0,0,0,0
cb7a45fa6.jpg,1,1,3,3,14290,0,0,14290,0,0,0,1,0
cb7bc1d2b.jpg,0,0,,0,0,0,0,0,0,0,0,0,0
cb7c34c05.jpg,1,1,1,1,9485,9485,0,0,0,1,0,0,0
cb933c3e8.jpg,1,2,3|4,4,32014,0,0,13299,18715,0,0,1,1
cb93f342e.jpg,1,2,3|4,3,12587,0,0,9507,3080,0,0,1,1
cb95ba6d9.jpg,1,1,3,3,5961,0,0,5961,0,0,0,1,0
cb9991b64.jpg,0,0,,0,0,0,0,0,0,0,0,0,0
cb9c3d622.jpg,1,1,4,4,17984,0,0,0,17984,0,0,0,1
cb9e7a337.jpg,1,1,3,3,3206,0,0,3206,0,0,0,1,0
cb9f5e3fc.jpg,0,0,,0,0,0,0,0,0,0,0,0,0
cb9fe5699.jpg,1,1,3,3,6587,0,0,6587,0,0,0,1,0
cba39a205.jpg,1,1,3,3,32076,0,0,32076,0,0,0,1,0
cba8dc603.jpg,0,0,,0,0,0,0,0,0,0,0,0,0
cbb495392.jpg,0,0,,0,0,0,0,0,0,0,0,0,0
cbb659739.jpg,1,1,1,1,1384,1384,0,0,0,1,0,0,0
cbba0f365.jpg,1,1,1,1,2568,2568,0,0,0,1,0,0,0
cbbe86379.jpg,1,1,1,1,3769,3769,0,0,0,1,0,0,0
cbc2172be.jpg,1,1,3,3,54002,0,0,54002,0,0,0,1,0
cbc2f9676.jpg,1,1,3,3,40881,0,0,40881,0,0,0,1,0
cbc433467.jpg,0,0,,0,0,0,0,0,0,0,0,0,0
cbc860446.jpg,1,1,4,4,8670,0,0,0,8670,0,0,0,1
cbcd45716.jpg,1,1,3,3,13914,0,0,13914,0,0,0,1,0
cbd13f6da.jpg,0,0,,0,0,0,0,0,0,0,0,0,0
cbd1444bd.jpg,0,0,,0,0,0,0,0,0,0,0,0,0
cbd27127f.jpg,1,1,3,3,45198,0,0,45198,0,0,0,1,0
cbd4afcc0.jpg,1,1,3,3,3370,0,0,3370,0,0,0,1,0
cbd81d5c5.jpg,0,0,,0,0,0,0,0,0,0,0,0,0
cbdb0828d.jpg,1,1,1,1,2152,2152,0,0,0,1,0,0,0
cbe07eb15.jpg,1,1,3,3,22075,0,0,22075,0,0,0,1,0
cbe5423d0.jpg,0,0,,0,0,0,0,0,0,0,0,0,0
cbf28f40f.jpg,0,0,,0,0,0,0,0,0,0,0,0,0
cbf837e30.jpg,0,0,,0,0,0,0,0,0,0,0,0,0
cbfbf3686.jpg,0,0,,0,0,0,0,0,0,0,0,0,0
cbfeaed02.jpg,1,1,4,4,36230,0,0,0,36230,0,0,0,1
cc00b69e7.jpg,0,0,,0,0,0,0,0,0,0,0,0,0
cc0113d2c.jpg,0,0,,0,0,0,0,0,0,0,0,0,0
cc02b6f5a.jpg,1,1,1,1,4258,4258,0,0,0,1,0,0,0
cc0723fde.jpg,0,0,,0,0,0,0,0,0,0,0,0,0
cc0bf97cf.jpg,1,1,3,3,10526,0,0,10526,0,0,0,1,0
cc0df4327.jpg,0,0,,0,0,0,0,0,0,0,0,0,0
cc0ef2b5b.jpg,0,0,,0,0,0,0,0,0,0,0,0,0
cc12d964f.jpg,0,0,,0,0,0,0,0,0,0,0,0,0
cc21f2f40.jpg,1,1,4,4,12018,0,0,0,12018,0,0,0,1
cc2a3d558.jpg,0,0,,0,0,0,0,0,0,0,0,0,0
cc3a294d4.jpg,0,0,,0,0,0,0,0,0,0,0,0,0
cc3b99f17.jpg,1,1,1,1,10910,10910,0,0,0,1,0,0,0
cc4f577af.jpg,0,0,,0,0,0,0,0,0,0,0,0,0
cc5401a6a.jpg,1,1,4,4,9130,0,0,0,9130,0,0,0,1
cc59639b2.jpg,1,2,3|4,4,65119,0,0,27507,37612,0,0,1,1
cc5bae861.jpg,1,1,1,1,2944,2944,0,0,0,1,0,0,0
cc5ef39e3.jpg,0,0,,0,0,0,0,0,0,0,0,0,0
cc5f6debe.jpg,0,0,,0,0,0,0,0,0,0,0,0,0
cc61104ff.jpg,1,1,3,3,17109,0,0,17109,0,0,0,1,0
cc69501eb.jpg,1,1,3,3,28831,0,0,28831,0,0,0,1,0
cc73c4765.jpg,1,1,3,3,1619,0,0,1619,0,0,0,1,0
cc7920c72.jpg,1,1,3,3,4159,0,0,4159,0,0,0,1,0
cc7c66720.jpg,1,1,4,4,62687,0,0,0,62687,0,0,0,1
cc82046b0.jpg,0,0,,0,0,0,0,0,0,0,0,0,0
cc897a7fe.jpg,0,0,,0,0,0,0,0,0,0,0,0,0
cc8f6ee56.jpg,1,1,3,3,40213,0,0,40213,0,0,0,1,0
cc9006402.jpg,1,1,3,3,17183,0,0,17183,0,0,0,1,0
cc93ff156.jpg,1,1,3,3,118419,0,0,118419,0,0,0,1,0
cc979e0ef.jpg,0,0,,0,0,0,0,0,0,0,0,0,0
cc9c8cb56.jpg,0,0,,0,0,0,0,0,0,0,0,0,0
cc9e159dd.jpg,1,1,3,3,7290,0,0,7290,0,0,0,1,0
ccb8bac74.jpg,0,0,,0,0,0,0,0,0,0,0,0,0
ccbd751f2.jpg,1,1,3,3,1812,0,0,1812,0,0,0,1,0
ccbeeb18a.jpg,1,1,2,2,4654,0,4654,0,0,0,1,0,0
ccd0ad960.jpg,1,1,3,3,12807,0,0,12807,0,0,0,1,0
ccd5a9004.jpg,0,0,,0,0,0,0,0,0,0,0,0,0
ccd8a89ee.jpg,0,0,,0,0,0,0,0,0,0,0,0,0
ccd94dc85.jpg,1,1,3,3,18683,0,0,18683,0,0,0,1,0
cceb73e77.jpg,0,0,,0,0,0,0,0,0,0,0,0,0
ccef0f068.jpg,0,0,,0,0,0,0,0,0,0,0,0,0
ccf39a604.jpg,1,1,3,3,8690,0,0,8690,0,0,0,1,0
cd04164a0.jpg,1,1,1,1,3656,3656,0,0,0,1,0,0,0
cd042da54.jpg,0,0,,0,0,0,0,0,0,0,0,0,0
cd0b64862.jpg,0,0,,0,0,0,0,0,0,0,0,0,0
cd0c2417f.jpg,1,1,1,1,5112,5112,0,0,0,1,0,0,0
cd0dd4ec7.jpg,0,0,,0,0,0,0,0,0,0,0,0,0
cd14c73db.jpg,1,2,1|3,1,8085,6687,0,1398,0,1,0,1,0
cd170ba56.jpg,0,0,,0,0,0,0,0,0,0,0,0,0
cd1f8d368.jpg,1,1,2,2,2765,0,2765,0,0,0,1,0,0
cd23a468a.jpg,1,1,3,3,2309,0,0,2309,0,0,0,1,0
cd23d4841.jpg,1,1,4,4,12908,0,0,0,12908,0,0,0,1
cd2ac68a2.jpg,0,0,,0,0,0,0,0,0,0,0,0,0
cd2afa0c5.jpg,0,0,,0,0,0,0,0,0,0,0,0,0
cd316b37e.jpg,1,1,3,3,19663,0,0,19663,0,0,0,1,0
cd38fd93a.jpg,0,0,,0,0,0,0,0,0,0,0,0,0
cd3b9899c.jpg,1,1,1,1,5579,5579,0,0,0,1,0,0,0
cd3c9a39d.jpg,0,0,,0,0,0,0,0,0,0,0,0,0
cd3cb2083.jpg,0,0,,0,0,0,0,0,0,0,0,0,0
cd465dc7d.jpg,1,1,3,3,12343,0,0,12343,0,0,0,1,0
cd475d2a3.jpg,1,1,3,3,175784,0,0,175784,0,0,0,1,0
cd4a71d17.jpg,0,0,,0,0,0,0,0,0,0,0,0,0
cd4bd2cca.jpg,1,1,3,3,24739,0,0,24739,0,0,0,1,0
cd4cd2c97.jpg,1,1,3,3,2061,0,0,2061,0,0,0,1,0
cd519713a.jpg,0,0,,0,0,0,0,0,0,0,0,0,0
cd52bfb5a.jpg,1,1,3,3,5078,0,0,5078,0,0,0,1,0
cd59b3ff5.jpg,1,1,3,3,4375,0,0,4375,0,0,0,1,0
cd5b14850.jpg,1,2,1|2,2,1012,163,849,0,0,1,1,0,0
cd634f053.jpg,1,1,3,3,6690,0,0,6690,0,0,0,1,0
cd6365314.jpg,1,1,3,3,134124,0,0,134124,0,0,0,1,0
cd64c39a7.jpg,1,1,1,1,9246,9246,0,0,0,1,0,0,0
cd662eda7.jpg,1,1,3,3,29465,0,0,29465,0,0,0,1,0
cd66a2861.jpg,0,0,,0,0,0,0,0,0,0,0,0,0
cd7186a59.jpg,0,0,,0,0,0,0,0,0,0,0,0,0
cd78d5408.jpg,0,0,,0,0,0,0,0,0,0,0,0,0
cd79fb3f4.jpg,0,0,,0,0,0,0,0,0,0,0,0,0
cd7cb28da.jpg,0,0,,0,0,0,0,0,0,0,0,0,0
cd7d4933e.jpg,1,1,4,4,24430,0,0,0,24430,0,0,0,1
cd7d5af6d.jpg,1,1,3,3,23939,0,0,23939,0,0,0,1,0
cd7f7f904.jpg,0,0,,0,0,0,0,0,0,0,0,0,0
cd835f121.jpg,1,1,3,3,6297,0,0,6297,0,0,0,1,0
cd8bf9803.jpg,0,0,,0,0,0,0,0,0,0,0,0,0
cd8c479c1.jpg,1,1,3,3,27980,0,0,27980,0,0,0,1,0
cd90bf095.jpg,0,0,,0,0,0,0,0,0,0,0,0,0
cd914e3f8.jpg,0,0,,0,0,0,0,0,0,0,0,0,0
cd940e191.jpg,1,1,3,3,3180,0,0,3180,0,0,0,1,0
cda8f98cb.jpg,0,0,,0,0,0,0,0,0,0,0,0,0
cda956cd7.jpg,0,0,,0,0,0,0,0,0,0,0,0,0
cdac57fe4.jpg,0,0,,0,0,0,0,0,0,0,0,0,0
cdaceb274.jpg,1,1,3,3,1599,0,0,1599,0,0,0,1,0
cdb3a875b.jpg,1,1,3,3,13004,0,0,13004,0,0,0,1,0
cdb3dd329.jpg,0,0,,0,0,0,0,0,0,0,0,0,0
cdb6b6c23.jpg,1,2,3|4,4,34760,0,0,4861,29899,0,0,1,1
cdbbb1967.jpg,1,1,3,3,27111,0,0,27111,0,0,0,1,0
cdbc4d8ec.jpg,1,1,3,3,29640,0,0,29640,0,0,0,1,0
cdbc80c3d.jpg,1,2,1|3,1,5355,3845,0,1510,0,1,0,1,0
cdc029021.jpg,0,0,,0,0,0,0,0,0,0,0,0,0
cdc267505.jpg,1,1,2,2,1976,0,1976,0,0,0,1,0,0
cdc2e0671.jpg,0,0,,0,0,0,0,0,0,0,0,0,0
cdc4a0cf8.jpg,0,0,,0,0,0,0,0,0,0,0,0,0
cdd3113af.jpg,1,1,3,3,22043,0,0,22043,0,0,0,1,0
cdd6cac95.jpg,1,1,3,3,67244,0,0,67244,0,0,0,1,0
cddba1672.jpg,0,0,,0,0,0,0,0,0,0,0,0,0
cde989d95.jpg,0,0,,0,0,0,0,0,0,0,0,0,0
cdef07364.jpg,1,1,1,1,4701,4701,0,0,0,1,0,0,0
cdf44eab9.jpg,0,0,,0,0,0,0,0,0,0,0,0,0
cdf523bf0.jpg,1,1,3,3,228266,0,0,228266,0,0,0,1,0
cdf669a1f.jpg,1,1,4,4,19715,0,0,0,19715,0,0,0,1
cdfc07953.jpg,0,0,,0,0,0,0,0,0,0,0,0,0
ce02060b9.jpg,1,1,4,4,12724,0,0,0,12724,0,0,0,1
ce02c322e.jpg,1,1,4,4,61158,0,0,0,61158,0,0,0,1
ce05c2c3f.jpg,1,1,3,3,32140,0,0,32140,0,0,0,1,0
ce067d78c.jpg,0,0,,0,0,0,0,0,0,0,0,0,0
ce0697dee.jpg,0,0,,0,0,0,0,0,0,0,0,0,0
ce06d92b1.jpg,0,0,,0,0,0,0,0,0,0,0,0,0
ce0b7102f.jpg,1,1,1,1,2496,2496,0,0,0,1,0,0,0
ce11ffd78.jpg,1,1,3,3,45948,0,0,45948,0,0,0,1,0
ce13a3739.jpg,1,1,1,1,2514,2514,0,0,0,1,0,0,0
ce1988f13.jpg,0,0,,0,0,0,0,0,0,0,0,0,0
ce22cd852.jpg,1,1,3,3,6959,0,0,6959,0,0,0,1,0
ce2da8536.jpg,1,1,3,3,66372,0,0,66372,0,0,0,1,0
ce32285f5.jpg,1,1,3,3,5007,0,0,5007,0,0,0,1,0
ce330fd8a.jpg,0,0,,0,0,0,0,0,0,0,0,0,0
ce34adc8c.jpg,1,1,3,3,13715,0,0,13715,0,0,0,1,0
ce3818dfd.jpg,1,1,3,3,37454,0,0,37454,0,0,0,1,0
ce408e4bc.jpg,0,0,,0,0,0,0,0,0,0,0,0,0
ce42693fb.jpg,1,1,3,3,54060,0,0,54060,0,0,0,1,0
ce43bdd06.jpg,1,1,3,3,55909,0,0,55909,0,0,0,1,0
ce44910a4.jpg,1,1,3,3,5331,0,0,5331,0,0,0,1,0
ce4d5f713.jpg,1,1,3,3,57617,0,0,57617,0,0,0,1,0
ce54cb872.jpg,1,1,3,3,2699,0,0,2699,0,0,0,1,0
ce58cf8e1.jpg,1,1,3,3,31380,0,0,31380,0,0,0,1,0
ce5f0cec3.jpg,1,1,3,3,5380,0,0,5380,0,0,0,1,0
ce61b565b.jpg,0,0,,0,0,0,0,0,0,0,0,0,0
ce6358d6f.jpg,0,0,,0,0,0,0,0,0,0,0,0,0
ce68af0bf.jpg,1,1,3,3,12236,0,0,12236,0,0,0,1,0
ce71311e1.jpg,1,1,3,3,4236,0,0,4236,0,0,0,1,0
ce72a126f.jpg,1,1,4,4,32426,0,0,0,32426,0,0,0,1
ce7570214.jpg,1,1,4,4,34304,0,0,0,34304,0,0,0,1
ce7b7ac0b.jpg,1,1,2,2,6672,0,6672,0,0,0,1,0,0
ce7dd1fac.jpg,0,0,,0,0,0,0,0,0,0,0,0,0
ce817d720.jpg,0,0,,0,0,0,0,0,0,0,0,0,0
ce8a0a234.jpg,0,0,,0,0,0,0,0,0,0,0,0,0
ce8c0267e.jpg,0,0,,0,0,0,0,0,0,0,0,0,0
ce8da6d72.jpg,1,1,1,1,1164,1164,0,0,0,1,0,0,0
ce93931e9.jpg,1,1,3,3,8800,0,0,8800,0,0,0,1,0
ce9c575ae.jpg,0,0,,0,0,0,0,0,0,0,0,0,0
cea2ea962.jpg,1,1,4,4,17564,0,0,0,17564,0,0,0,1
ceab96202.jpg,1,1,3,3,3847,0,0,3847,0,0,0,1,0
ceae95bea.jpg,0,0,,0,0,0,0,0,0,0,0,0,0
ceb4d3861.jpg,0,0,,0,0,0,0,0,0,0,0,0,0
ceba9dc16.jpg,1,2,3|4,3,16579,0,0,11497,5082,0,0,1,1
cebd47968.jpg,0,0,,0,0,0,0,0,0,0,0,0,0
cebdada28.jpg,0,0,,0,0,0,0,0,0,0,0,0,0
cec71df2a.jpg,0,0,,0,0,0,0,0,0,0,0,0,0
cecab5a39.jpg,1,1,3,3,44825,0,0,44825,0,0,0,1,0
ceccb1eef.jpg,1,1,1,1,5795,5795,0,0,0,1,0,0,0
cececa61c.jpg,0,0,,0,0,0,0,0,0,0,0,0,0
ced2b708b.jpg,0,0,,0,0,0,0,0,0,0,0,0,0
ced4439da.jpg,1,1,3,3,2071,0,0,2071,0,0,0,1,0
ced626afb.jpg,1,1,3,3,12280,0,0,12280,0,0,0,1,0
cedd9ca39.jpg,0,0,,0,0,0,0,0,0,0,0,0,0
cede14189.jpg,1,1,3,3,15125,0,0,15125,0,0,0,1,0
cedf1a460.jpg,0,0,,0,0,0,0,0,0,0,0,0,0
cee5fab38.jpg,1,1,1,1,2110,2110,0,0,0,1,0,0,0
cee644043.jpg,0,0,,0,0,0,0,0,0,0,0,0,0
cee6f5bec.jpg,1,1,3,3,4237,0,0,4237,0,0,0,1,0
ceeab1c90.jpg,0,0,,0,0,0,0,0,0,0,0,0,0
cef371355.jpg,1,1,3,3,5195,0,0,5195,0,0,0,1,0
cef5ff47d.jpg,1,1,2,2,1859,0,1859,0,0,0,1,0,0
cefae46dd.jpg,0,0,,0,0,0,0,0,0,0,0,0,0
cefbcc992.jpg,1,1,1,1,7320,7320,0,0,0,1,0,0,0
cf048c9d2.jpg,0,0,,0,0,0,0,0,0,0,0,0,0
cf0641053.jpg,1,2,3|4,4,16562,0,0,1539,15023,0,0,1,1
cf06584db.jpg,1,1,1,1,907,907,0,0,0,1,0,0,0
cf1152c44.jpg,1,1,3,3,10546,0,0,10546,0,0,0,1,0
cf1f3345c.jpg,1,1,3,3,22841,0,0,22841,0,0,0,1,0
cf29a866a.jpg,1,1,3,3,36897,0,0,36897,0,0,0,1,0
cf2af7292.jpg,0,0,,0,0,0,0,0,0,0,0,0,0
cf2c7e42c.jpg,0,0,,0,0,0,0,0,0,0,0,0,0
cf3589519.jpg,0,0,,0,0,0,0,0,0,0,0,0,0
cf37ed7ca.jpg,0,0,,0,0,0,0,0,0,0,0,0,0
cf384e2e4.jpg,0,0,,0,0,0,0,0,0,0,0,0,0
cf4008024.jpg,1,1,3,3,74156,0,0,74156,0,0,0,1,0
cf45f7a4a.jpg,0,0,,0,0,0,0,0,0,0,0,0,0
cf48232c6.jpg,1,2,3|4,4,30369,0,0,8857,21512,0,0,1,1
cf5231a23.jpg,1,1,3,3,2979,0,0,2979,0,0,0,1,0
cf5a6b951.jpg,0,0,,0,0,0,0,0,0,0,0,0,0
cf5df8ebd.jpg,0,0,,0,0,0,0,0,0,0,0,0,0
cf5e8eb2c.jpg,1,1,3,3,4776,0,0,4776,0,0,0,1,0
cf78b36e0.jpg,0,0,,0,0,0,0,0,0,0,0,0,0
cf7dbc448.jpg,1,1,3,3,18944,0,0,18944,0,0,0,1,0
cf853b06f.jpg,1,1,3,3,13029,0,0,13029,0,0,0,1,0
cf85856f2.jpg,0,0,,0,0,0,0,0,0,0,0,0,0
cf86d1632.jpg,0,0,,0,0,0,0,0,0,0,0,0,0
cf8e21964.jpg,1,1,3,3,5174,0,0,5174,0,0,0,1,0
cf938dcaa.jpg,0,0,,0,0,0,0,0,0,0,0,0,0
cfc00dc7f.jpg,0,0,,0,0,0,0,0,0,0,0,0,0
cfc45fdbf.jpg,0,0,,0,0,0,0,0,0,0,0,0,0
cfc4c57bd.jpg,0,0,,0,0,0,0,0,0,0,0,0,0
cfcd8a44e.jpg,0,0,,0,0,0,0,0,0,0,0,0,0
cfd9c074e.jpg,0,0,,0,0,0,0,0,0,0,0,0,0
cfe40128c.jpg,1,1,3,3,4042,0,0,4042,0,0,0,1,0
cfeaf9434.jpg,1,1,3,3,28377,0,0,28377,0,0,0,1,0
cfed66579.jpg,1,1,3,3,109316,0,0,109316,0,0,0,1,0
cfedba84c.jpg,1,1,3,3,79859,0,0,79859,0,0,0,1,0
cff20dde9.jpg,1,1,3,3,4344,0,0,4344,0,0,0,1,0
cff387e60.jpg,1,1,3,3,4991,0,0,4991,0,0,0,1,0
cff9230ae.jpg,1,1,3,3,83258,0,0,83258,0,0,0,1,0
cffc0e85b.jpg,1,1,3,3,875,0,0,875,0,0,0,1,0
d000d7ef5.jpg,1,1,3,3,5985,0,0,5985,0,0,0,1,0
d002b93da.jpg,1,1,3,3,15856,0,0,15856,0,0,0,1,0
d01d3e444.jpg,1,1,2,2,4600,0,4600,0,0,0,1,0,0
d0274160d.jpg,0,0,,0,0,0,0,0,0,0,0,0,0
d02f1b229.jpg,1,1,3,3,5470,0,0,5470,0,0,0,1,0
d0328c686.jpg,1,1,3,3,86385,0,0,86385,0,0,0,1,0
d03cc713b.jpg,0,0,,0,0,0,0,0,0,0,0,0,0
d03dd68d9.jpg,1,1,3,3,4478,0,0,4478,0,0,0,1,0
d048a5a71.jpg,1,1,1,1,12120,12120,0,0,0,1,0,0,0
d04b0722b.jpg,0,0,,0,0,0,0,0,0,0,0,0,0
d04e02d1f.jpg,1,1,4,4,30246,0,0,0,30246,0,0,0,1
d0557935f.jpg,0,0,,0,0,0,0,0,0,0,0,0,0
d0566a76a.jpg,0,0,,0,0,0,0,0,0,0,0,0,0
d0577e299.jpg,1,1,3,3,13011,0,0,13011,0,0,0,1,0
d0578ca87.jpg,1,1,3,3,25507,0,0,25507,0,0,0,1,0
d06052fa8.jpg,1,1,3,3,4486,0,0,4486,0,0,0,1,0
d068f2cd9.jpg,0,0,,0,0,0,0,0,0,0,0,0,0
d07524f7c.jpg,0,0,,0,0,0,0,0,0,0,0,0,0
d075922ef.jpg,0,0,,0,0,0,0,0,0,0,0,0,0
d07afd5bf.jpg,1,1,1,1,6155,6155,0,0,0,1,0,0,0
d081c88b5.jpg,0,0,,0,0,0,0,0,0,0,0,0,0
d0a0b9951.jpg,1,1,3,3,9355,0,0,9355,0,0,0,1,0
d0a4de7c8.jpg,1,1,3,3,3993,0,0,3993,0,0,0,1,0
d0a956f92.jpg,1,2,1|3,1,13383,6940,0,6443,0,1,0,1,0
d0aa4a6df.jpg,0,0,,0,0,0,0,0,0,0,0,0,0
d0ab4f210.jpg,0,0,,0,0,0,0,0,0,0,0,0,0
d0b18f33e.jpg,0,0,,0,0,0,0,0,0,0,0,0,0
d0b234faa.jpg,1,1,4,4,35172,0,0,0,35172,0,0,0,1
d0ba35b7f.jpg,1,1,1,1,607,607,0,0,0,1,0,0,0
d0befd683.jpg,1,1,1,1,726,726,0,0,0,1,0,0,0
d0c84eccb.jpg,0,0,,0,0,0,0,0,0,0,0,0,0
d0cf465a8.jpg,1,1,1,1,2897,2897,0,0,0,1,0,0,0
d0d0e589a.jpg,1,1,3,3,22140,0,0,22140,0,0,0,1,0
d0d472709.jpg,0,0,,0,0,0,0,0,0,0,0,0,0
d0d818b7d.jpg,1,1,2,2,1736,0,1736,0,0,0,1,0,0
d0da68d07.jpg,0,0,,0,0,0,0,0,0,0,0,0,0
d0dde3c93.jpg,0,0,,0,0,0,0,0,0,0,0,0,0
d0efba2d6.jpg,0,0,,0,0,0,0,0,0,0,0,0,0
d0f88f6d2.jpg,0,0,,0,0,0,0,0,0,0,0,0,0
d0fa0e7d6.jpg,0,0,,0,0,0,0,0,0,0,0,0,0
d0fb25531.jpg,1,1,3,3,13597,0,0,13597,0,0,0,1,0
d1023fa39.jpg,1,1,3,3,10216,0,0,10216,0,0,0,1,0
d103df723.jpg,0,0,,0,0,0,0,0,0,0,0,0,0
d10c885f3.jpg,1,1,1,1,4518,4518,0,0,0,1,0,0,0
d11130898.jpg,1,1,3,3,3609,0,0,3609,0,0,0,1,0
d111e8715.jpg,0,0,,0,0,0,0,0,0,0,0,0,0
d11f3fd35.jpg,1,1,3,3,6753,0,0,6753,0,0,0,1,0
d1202c95e.jpg,1,1,3,3,12568,0,0,12568,0,0,0,1,0
d1267facd.jpg,0,0,,0,0,0,0,0,0,0,0,0,0
d127abcc8.jpg,1,1,3,3,31237,0,0,31237,0,0,0,1,0
d129fe51e.jpg,1,1,3,3,32342,0,0,32342,0,0,0,1,0
d12cfc50a.jpg,1,1,3,3,3706,0,0,3706,0,0,0,1,0
d12e3a4dc.jpg,0,0,,0,0,0,0,0,0,0,0,0,0
d13688eac.jpg,1,1,3,3,9394,0,0,9394,0,0,0,1,0
d137859d1.jpg,0,0,,0,0,0,0,0,0,0,0,0,0
d13d67029.jpg,0,0,,0,0,0,0,0,0,0,0,0,0
d142b7f92.jpg,0,0,,0,0,0,0,0,0,0,0,0,0
d14c9c6e6.jpg,1,1,3,3,2420,0,0,2420,0,0,0,1,0
d1517f67e.jpg,0,0,,0,0,0,0,0,0,0,0,0,0
d15823291.jpg,1,1,3,3,21173,0,0,21173,0,0,0,1,0
d160b5de3.jpg,1,1,3,3,25287,0,0,25287,0,0,0,1,0
d1643488c.jpg,0,0,,0,0,0,0,0,0,0,0,0,0
d169e1b81.jpg,1,1,4,4,100837,0,0,0,100837,0,0,0,1
d174d21ae.jpg,0,0,,0,0,0,0,0,0,0,0,0,0
d178d246a.jpg,1,1,3,3,19971,0,0,19971,0,0,0,1,0
d178f1c42.jpg,1,1,3,3,8933,0,0,8933,0,0,0,1,0
d17a26f0c.jpg,0,0,,0,0,0,0,0,0,0,0,0,0
d183a7238.jpg,0,0,,0,0,0,0,0,0,0,0,0,0
d1867aa1d.jpg,0,0,,0,0,0,0,0,0,0,0,0,0
d1886af80.jpg,1,1,3,3,662,0,0,662,0,0,0,1,0
d1890b5e7.jpg,0,0,,0,0,0,0,0,0,0,0,0,0
d18bec611.jpg,1,1,3,3,9530,0,0,9530,0,0,0,1,0
d194687f4.jpg,0,0,,0,0,0,0,0,0,0,0,0,0
d1987c227.jpg,0,0,,0,0,0,0,0,0,0,0,0,0
d199a9843.jpg,0,0,,0,0,0,0,0,0,0,0,0,0
d19e7a3c2.jpg,0,0,,0,0,0,0,0,0,0,0,0,0
d1a618e4f.jpg,1,1,3,3,8326,0,0,8326,0,0,0,1,0
d1a774781.jpg,1,1,3,3,10240,0,0,10240,0,0,0,1,0
d1aaada08.jpg,1,1,1,1,3242,3242,0,0,0,1,0,0,0
d1ac060b3.jpg,0,0,,0,0,0,0,0,0,0,0,0,0
d1acc3cc2.jpg,0,0,,0,0,0,0,0,0,0,0,0,0
d1ba24779.jpg,0,0,,0,0,0,0,0,0,0,0,0,0
d1bc386ce.jpg,1,1,3,3,99289,0,0,99289,0,0,0,1,0
d1cd969d5.jpg,1,1,3,3,4211,0,0,4211,0,0,0,1,0
d1cea465b.jpg,1,1,1,1,1709,1709,0,0,0,1,0,0,0
d1cfa9327.jpg,0,0,,0,0,0,0,0,0,0,0,0,0
d1dc95b58.jpg,1,1,3,3,12101,0,0,12101,0,0,0,1,0
d1dd9098c.jpg,1,1,3,3,16408,0,0,16408,0,0,0,1,0
d1e1bf13e.jpg,1,1,1,1,14847,14847,0,0,0,1,0,0,0
d1e9e969f.jpg,1,1,3,3,8382,0,0,8382,0,0,0,1,0
d1ec80102.jpg,0,0,,0,0,0,0,0,0,0,0,0,0
d1ed49385.jpg,1,1,3,3,9793,0,0,9793,0,0,0,1,0
d1fdc8367.jpg,1,1,3,3,4608,0,0,4608,0,0,0,1,0
d1fedf96b.jpg,1,2,3|4,4,93123,0,0,17989,75134,0,0,1,1
d201f7d4b.jpg,1,1,3,3,1849,0,0,1849,0,0,0,1,0
d20bb7f7b.jpg,1,1,3,3,25243,0,0,25243,0,0,0,1,0
d20ee0a9b.jpg,0,0,,0,0,0,0,0,0,0,0,0,0
d2133ec61.jpg,0,0,,0,0,0,0,0,0,0,0,0,0
d21be4a4b.jpg,1,2,3|4,3,82392,0,0,50267,32125,0,0,1,1
d2291de5c.jpg,1,2,1|2,2,3858,887,2971,0,0,1,1,0,0
d23373fe5.jpg,0,0,,0,0,0,0,0,0,0,0,0,0
d238605c1.jpg,1,1,2,2,2392,0,2392,0,0,0,1,0,0
d2391cadf.jpg,0,0,,0,0,0,0,0,0,0,0,0,0
d239a83c4.jpg,1,1,3,3,5760,0,0,5760,0,0,0,1,0
d23a1bdc9.jpg,1,1,3,3,1239,0,0,1239,0,0,0,1,0
d23d243cc.jpg,1,1,3,3,48203,0,0,48203,0,0,0,1,0
d243bd0ac.jpg,0,0,,0,0,0,0,0,0,0,0,0,0
d2454fd68.jpg,1,1,1,1,1814,1814,0,0,0,1,0,0,0
d245c4e7f.jpg,1,1,1,1,5418,5418,0,0,0,1,0,0,0
d246ea324.jpg,1,1,3,3,38846,0,0,38846,0,0,0,1,0
d250196f8.jpg,0,0,,0,0,0,0,0,0,0,0,0,0
d251e9992.jpg,0,0,,0,0,0,0,0,0,0,0,0,0
d25356a51.jpg,1,1,3,3,21686,0,0,21686,0,0,0,1,0
d25a11fdd.jpg,1,1,3,3,22688,0,0,22688,0,0,0,1,0
d25a9387d.jpg,0,0,,0,0,0,0,0,0,0,0,0,0
d25e4bddc.jpg,0,0,,0,0,0,0,0,0,0,0,0,0
d26092cc6.jpg,0,0,,0,0,0,0,0,0,0,0,0,0
d2649178a.jpg,0,0,,0,0,0,0,0,0,0,0,0,0
d2670190d.jpg,1,1,3,3,2512,0,0,2512,0,0,0,1,0
d267355be.jpg,1,1,3,3,27780,0,0,27780,0,0,0,1,0
d26ead1d8.jpg,1,2,1|2,1,5612,3308,2304,0,0,1,1,0,0
d27ccc7d1.jpg,0,0,,0,0,0,0,0,0,0,0,0,0
d283f3744.jpg,1,1,3,3,9022,0,0,9022,0,0,0,1,0
d28dc89f1.jpg,0,0,,0,0,0,0,0,0,0,0,0,0
d28e2e457.jpg,0,0,,0,0,0,0,0,0,0,0,0,0
d291f8de6.jpg,1,1,3,3,78433,0,0,78433,0,0,0,1,0
d2938b2af.jpg,1,1,3,3,10919,0,0,10919,0,0,0,1,0
d2945fc9f.jpg,1,1,4,4,56839,0,0,0,56839,0,0,0,1
d2a854e69.jpg,1,1,1,1,8673,8673,0,0,0,1,0,0,0
d2bbde0a4.jpg,1,1,3,3,26497,0,0,26497,0,0,0,1,0
d2bf41a92.jpg,1,1,4,4,36851,0,0,0,36851,0,0,0,1
d2c14891a.jpg,1,1,3,3,4677,0,0,4677,0,0,0,1,0
d2dbe0265.jpg,0,0,,0,0,0,0,0,0,0,0,0,0
d2e68511e.jpg,0,0,,0,0,0,0,0,0,0,0,0,0
d2e7ba266.jpg,0,0,,0,0,0,0,0,0,0,0,0,0
d2e980156.jpg,0,0,,0,0,0,0,0,0,0,0,0,0
d2f07a8db.jpg,1,1,1,1,3556,3556,0,0,0,1,0,0,0
d2f6c8fa2.jpg,0,0,,0,0,0,0,0,0,0,0,0,0
d2f9dd85f.jpg,0,0,,0,0,0,0,0,0,0,0,0,0
d2fd4e0d5.jpg,1,1,1,1,15689,15689,0,0,0,1,0,0,0
d3034da7a.jpg,0,0,,0,0,0,0,0,0,0,0,0,0
d3053d477.jpg,1,1,3,3,15075,0,0,15075,0,0,0,1,0
d30ad2e83.jpg,1,1,1,1,1649,1649,0,0,0,1,0,0,0
d3162c193.jpg,0,0,,0,0,0,0,0,0,0,0,0,0
d31e0200c.jpg,1,1,1,1,1394,1394,0,0,0,1,0,0,0
d32cc0a14.jpg,1,1,3,3,11985,0,0,11985,0,0,0,1,0
d32f48999.jpg,1,1,3,3,14455,0,0,14455,0,0,0,1,0
d335a12b1.jpg,1,2,3|4,4,39493,0,0,10022,29471,0,0,1,1
d3369b607.jpg,1,1,3,3,15829,0,0,15829,0,0,0,1,0
d3478f166.jpg,0,0,,0,0,0,0,0,0,0,0,0,0
d34f96af3.jpg,0,0,,0,0,0,0,0,0,0,0,0,0
d352c88ea.jpg,0,0,,0,0,0,0,0,0,0,0,0,0
d357592ec.jpg,0,0,,0,0,0,0,0,0,0,0,0,0
d35fb7129.jpg,1,1,1,1,1720,1720,0,0,0,1,0,0,0
d36a3a7a8.jpg,0,0,,0,0,0,0,0,0,0,0,0,0
d36c6b5ec.jpg,0,0,,0,0,0,0,0,0,0,0,0,0
d36deb533.jpg,0,0,,0,0,0,0,0,0,0,0,0,0
d36df54f6.jpg,1,1,3,3,27129,0,0,27129,0,0,0,1,0
d3705e767.jpg,0,0,,0,0,0,0,0,0,0,0,0,0
d37231205.jpg,0,0,,0,0,0,0,0,0,0,0,0,0
d377de6cc.jpg,1,1,3,3,6253,0,0,6253,0,0,0,1,0
d37c88411.jpg,1,1,3,3,16738,0,0,16738,0,0,0,1,0
d37fb426f.jpg,1,2,3|4,4,25353,0,0,3498,21855,0,0,1,1
d38405dce.jpg,0,0,,0,0,0,0,0,0,0,0,0,0
d38a0784b.jpg,1,1,1,1,1117,1117,0,0,0,1,0,0,0
d3993f134.jpg,1,1,3,3,196549,0,0,196549,0,0,0,1,0
d3a0a3378.jpg,0,0,,0,0,0,0,0,0,0,0,0,0
d3b2a00de.jpg,1,1,4,4,6018,0,0,0,6018,0,0,0,1
d3ba7a242.jpg,0,0,,0,0,0,0,0,0,0,0,0,0
d3c436e76.jpg,0,0,,0,0,0,0,0,0,0,0,0,0
d3cb5f498.jpg,0,0,,0,0,0,0,0,0,0,0,0,0
d3ce7af90.jpg,0,0,,0,0,0,0,0,0,0,0,0,0
d3d281132.jpg,0,0,,0,0,0,0,0,0,0,0,0,0
d3d2df811.jpg,1,1,3,3,13184,0,0,13184,0,0,0,1,0
d3d6d9b6a.jpg,1,1,3,3,30733,0,0,30733,0,0,0,1,0
d3e44d1b4.jpg,1,1,3,3,32174,0,0,32174,0,0,0,1,0
d3e7c7c17.jpg,0,0,,0,0,0,0,0,0,0,0,0,0
d3ef0c943.jpg,1,1,3,3,12836,0,0,12836,0,0,0,1,0
d3ef4bac1.jpg,1,1,2,2,2897,0,2897,0,0,0,1,0,0
d3f297e2d.jpg,0,0,,0,0,0,0,0,0,0,0,0,0
d407563d4.jpg,1,1,3,3,31545,0,0,31545,0,0,0,1,0
d41b69a83.jpg,1,1,3,3,1800,0,0,1800,0,0,0,1,0
d422920e3.jpg,1,1,1,1,1938,1938,0,0,0,1,0,0,0
d426f0d76.jpg,1,1,3,3,10935,0,0,10935,0,0,0,1,0
d43062a18.jpg,0,0,,0,0,0,0,0,0,0,0,0,0
d43406cb3.jpg,0,0,,0,0,0,0,0,0,0,0,0,0
d43429032.jpg,0,0,,0,0,0,0,0,0,0,0,0,0
d4387afd3.jpg,1,1,3,3,3795,0,0,3795,0,0,0,1,0
d439bb2ad.jpg,0,0,,0,0,0,0,0,0,0,0,0,0
d43c06a93.jpg,1,1,4,4,8575,0,0,0,8575,0,0,0,1
d442be7a6.jpg,0,0,,0,0,0,0,0,0,0,0,0,0
d444fedff.jpg,0,0,,0,0,0,0,0,0,0,0,0,0
d4458a6bb.jpg,0,0,,0,0,0,0,0,0,0,0,0,0
d44663f51.jpg,1,1,3,3,7119,0,0,7119,0,0,0,1,0
d44910079.jpg,0,0,,0,0,0,0,0,0,0,0,0,0
d449eeae4.jpg,0,0,,0,0,0,0,0,0,0,0,0,0
d44db82d2.jpg,1,1,3,3,13247,0,0,13247,0,0,0,1,0
d451b5308.jpg,0,0,,0,0,0,0,0,0,0,0,0,0
d452dff24.jpg,0,0,,0,0,0,0,0,0,0,0,0,0
d46866225.jpg,1,1,3,3,28501,0,0,28501,0,0,0,1,0
d47afce21.jpg,0,0,,0,0,0,0,0,0,0,0,0,0
d47dfa0e4.jpg,1,1,3,3,10880,0,0,10880,0,0,0,1,0
d47e33408.jpg,0,0,,0,0,0,0,0,0,0,0,0,0
d48178eaa.jpg,1,1,3,3,30534,0,0,30534,0,0,0,1,0
d482f0159.jpg,1,1,4,4,96781,0,0,0,96781,0,0,0,1
d4841f891.jpg,0,0,,0,0,0,0,0,0,0,0,0,0
d484c6454.jpg,0,0,,0,0,0,0,0,0,0,0,0,0
d48b223c7.jpg,0,0,,0,0,0,0,0,0,0,0,0,0
d490180a3.jpg,1,1,1,1,4981,4981,0,0,0,1,0,0,0
d4932b31a.jpg,0,0,,0,0,0,0,0,0,0,0,0,0
d4935dbfe.jpg,1,1,3,3,23290,0,0,23290,0,0,0,1,0
d497baf53.jpg,1,1,3,3,144998,0,0,144998,0,0,0,1,0
d4a504f7c.jpg,0,0,,0,0,0,0,0,0,0,0,0,0
d4a80d75f.jpg,0,0,,0,0,0,0,0,0,0,0,0,0
d4aeee4c8.jpg,1,1,3,3,57663,0,0,57663,0,0,0,1,0
d4af6d206.jpg,1,1,3,3,6784,0,0,6784,0,0,0,1,0
d4b242b2a.jpg,0,0,,0,0,0,0,0,0,0,0,0,0
d4bd2a591.jpg,0,0,,0,0,0,0,0,0,0,0,0,0
d4c0b4c3b.jpg,1,1,3,3,20204,0,0,20204,0,0,0,1,0
d4c8f8461.jpg,1,1,3,3,4106,0,0,4106,0,0,0,1,0
d4ce2a21d.jpg,1,1,3,3,33097,0,0,33097,0,0,0,1,0
d4d05f3cf.jpg,0,0,,0,0,0,0,0,0,0,0,0,0
d4da4dc47.jpg,1,1,3,3,12386,0,0,12386,0,0,0,1,0
d4df89ff9.jpg,0,0,,0,0,0,0,0,0,0,0,0,0
d4e26768d.jpg,1,1,3,3,4125,0,0,4125,0,0,0,1,0
d4e66ad89.jpg,1,1,3,3,2393,0,0,2393,0,0,0,1,0
d4f486ee1.jpg,1,1,3,3,11877,0,0,11877,0,0,0,1,0
d4f7f47eb.jpg,0,0,,0,0,0,0,0,0,0,0,0,0
d4fc42b43.jpg,0,0,,0,0,0,0,0,0,0,0,0,0
d4ff02f24.jpg,0,0,,0,0,0,0,0,0,0,0,0,0
d50164a40.jpg,1,1,3,3,74705,0,0,74705,0,0,0,1,0
d501fc917.jpg,0,0,,0,0,0,0,0,0,0,0,0,0
d50c2bbae.jpg,0,0,,0,0,0,0,0,0,0,0,0,0
d50ea5181.jpg,0,0,,0,0,0,0,0,0,0,0,0,0
d51288846.jpg,0,0,,0,0,0,0,0,0,0,0,0,0
d5133ffca.jpg,0,0,,0,0,0,0,0,0,0,0,0,0
d51a45df9.jpg,1,1,3,3,6922,0,0,6922,0,0,0,1,0
d51ea5c21.jpg,1,1,3,3,22284,0,0,22284,0,0,0,1,0
d520b53fa.jpg,0,0,,0,0,0,0,0,0,0,0,0,0
d52150d70.jpg,0,0,,0,0,0,0,0,0,0,0,0,0
d525bc38a.jpg,0,0,,0,0,0,0,0,0,0,0,0,0
d529a0295.jpg,0,0,,0,0,0,0,0,0,0,0,0,0
d52b35e0e.jpg,1,1,3,3,7840,0,0,7840,0,0,0,1,0
d52f44bd0.jpg,0,0,,0,0,0,0,0,0,0,0,0,0
d531d3070.jpg,0,0,,0,0,0,0,0,0,0,0,0,0
d5345c3da.jpg,1,1,3,3,2049,0,0,2049,0,0,0,1,0
d5353adfc.jpg,1,1,3,3,48370,0,0,48370,0,0,0,1,0
d535c41bf.jpg,1,1,3,3,243166,0,0,243166,0,0,0,1,0
d5425f5f5.jpg,1,1,3,3,10989,0,0,10989,0,0,0,1,0
d54e6eb82.jpg,0,0,,0,0,0,0,0,0,0,0,0,0
d557c4ee7.jpg,0,0,,0,0,0,0,0,0,0,0,0,0
d55dd8719.jpg,1,1,3,3,5100,0,0,5100,0,0,0,1,0
d56eec590.jpg,1,1,3,3,11465,0,0,11465,0,0,0,1,0
d571030d2.jpg,1,1,3,3,54165,0,0,54165,0,0,0,1,0
d572dc596.jpg,1,1,3,3,3783,0,0,3783,0,0,0,1,0
d57629343.jpg,1,1,3,3,2458,0,0,2458,0,0,0,1,0
d57873aaa.jpg,1,2,3|4,4,62898,0,0,5535,57363,0,0,1,1
d57af4d8b.jpg,0,0,,0,0,0,0,0,0,0,0,0,0
d57d0d3d1.jpg,0,0,,0,0,0,0,0,0,0,0,0,0
d58350401.jpg,0,0,,0,0,0,0,0,0,0,0,0,0
d585a6acc.jpg,0,0,,0,0,0,0,0,0,0,0,0,0
d588537b9.jpg,1,1,3,3,28366,0,0,28366,0,0,0,1,0
d58a16a93.jpg,1,1,3,3,27468,0,0,27468,0,0,0,1,0
d58b336d8.jpg,1,1,4,4,8223,0,0,0,8223,0,0,0,1
d5918178b.jpg,0,0,,0,0,0,0,0,0,0,0,0,0
d598af62f.jpg,1,1,3,3,15577,0,0,15577,0,0,0,1,0
d598d9bef.jpg,0,0,,0,0,0,0,0,0,0,0,0,0
d59b4476a.jpg,1,1,1,1,4083,4083,0,0,0,1,0,0,0
d5a1067a2.jpg,1,1,1,1,2435,2435,0,0,0,1,0,0,0
d5a746371.jpg,0,0,,0,0,0,0,0,0,0,0,0,0
d5a7bd3de.jpg,0,0,,0,0,0,0,0,0,0,0,0,0
d5a8b7ba4.jpg,1,1,4,4,36365,0,0,0,36365,0,0,0,1
d5b0b7372.jpg,0,0,,0,0,0,0,0,0,0,0,0,0
d5b2ba152.jpg,1,1,3,3,8181,0,0,8181,0,0,0,1,0
d5b346386.jpg,0,0,,0,0,0,0,0,0,0,0,0,0
d5b37beb7.jpg,1,1,1,1,1752,1752,0,0,0,1,0,0,0
d5b5a1a10.jpg,0,0,,0,0,0,0,0,0,0,0,0,0
d5b6bb4bb.jpg,0,0,,0,0,0,0,0,0,0,0,0,0
d5bdfa378.jpg,1,1,3,3,13937,0,0,13937,0,0,0,1,0
d5cf4a417.jpg,1,1,3,3,81622,0,0,81622,0,0,0,1,0
d5d024e03.jpg,1,1,3,3,29034,0,0,29034,0,0,0,1,0
d5d900def.jpg,1,1,4,4,10021,0,0,0,10021,0,0,0,1
d5e8af85b.jpg,1,1,1,1,4635,4635,0,0,0,1,0,0,0
d5f4e7481.jpg,1,1,3,3,18329,0,0,18329,0,0,0,1,0
d5f7cde8a.jpg,1,1,3,3,37640,0,0,37640,0,0,0,1,0
d5f86c715.jpg,0,0,,0,0,0,0,0,0,0,0,0,0
d5ff65cd6.jpg,1,1,1,1,1267,1267,0,0,0,1,0,0,0
d6039d5d3.jpg,0,0,,0,0,0,0,0,0,0,0,0,0
d606a3bc4.jpg,0,0,,0,0,0,0,0,0,0,0,0,0
d60ae28dc.jpg,1,1,3,3,6937,0,0,6937,0,0,0,1,0
d60caeae2.jpg,0,0,,0,0,0,0,0,0,0,0,0,0
d60d97779.jpg,0,0,,0,0,0,0,0,0,0,0,0,0
d6102d7d2.jpg,1,1,3,3,2268,0,0,2268,0,0,0,1,0
d614b65db.jpg,1,1,3,3,18560,0,0,18560,0,0,0,1,0
d61dca6c7.jpg,1,1,3,3,19348,0,0,19348,0,0,0,1,0
d62a78499.jpg,0,0,,0,0,0,0,0,0,0,0,0,0
d62bdbfa6.jpg,0,0,,0,0,0,0,0,0,0,0,0,0
d62c3879c.jpg,1,1,3,3,4297,0,0,4297,0,0,0,1,0
d62e553a8.jpg,1,1,3,3,58413,0,0,58413,0,0,0,1,0
d6322390f.jpg,0,0,,0,0,0,0,0,0,0,0,0,0
d636cbd42.jpg,1,1,4,4,14635,0,0,0,14635,0,0,0,1
d6505b987.jpg,1,1,3,3,180645,0,0,180645,0,0,0,1,0
d652c9109.jpg,1,1,3,3,24611,0,0,24611,0,0,0,1,0
d6577ddc1.jpg,0,0,,0,0,0,0,0,0,0,0,0,0
d65ad4cfa.jpg,1,1,1,1,4851,4851,0,0,0,1,0,0,0
d65b30b32.jpg,1,1,3,3,127547,0,0,127547,0,0,0,1,0
d65fc70b5.jpg,1,1,3,3,34564,0,0,34564,0,0,0,1,0
d66219b6a.jpg,0,0,,0,0,0,0,0,0,0,0,0,0
d665abf9d.jpg,1,1,3,3,36582,0,0,36582,0,0,0,1,0
d6674b01e.jpg,1,1,3,3,13877,0,0,13877,0,0,0,1,0
d66b6be33.jpg,0,0,,0,0,0,0,0,0,0,0,0,0
d66e4eb3f.jpg,1,1,3,3,51647,0,0,51647,0,0,0,1,0
d67745c5b.jpg,1,1,2,2,4598,0,4598,0,0,0,1,0,0
d6777d642.jpg,1,1,4,4,25982,0,0,0,25982,0,0,0,1
d67f4b258.jpg,1,1,3,3,15716,0,0,15716,0,0,0,1,0
d68320987.jpg,1,2,1|2,2,5268,2043,3225,0,0,1,1,0,0
d68408f44.jpg,0,0,,0,0,0,0,0,0,0,0,0,0
d685dc83f.jpg,1,1,4,4,49605,0,0,0,49605,0,0,0,1
d68b1117c.jpg,1,1,4,4,40387,0,0,0,40387,0,0,0,1
d68f45dc5.jpg,1,1,3,3,6390,0,0,6390,0,0,0,1,0
d691b03b6.jpg,0,0,,0,0,0,0,0,0,0,0,0,0
d69cd7557.jpg,1,1,1,1,2418,2418,0,0,0,1,0,0,0
d6a450631.jpg,1,1,3,3,4339,0,0,4339,0,0,0,1,0
d6b6434e5.jpg,1,1,3,3,11834,0,0,11834,0,0,0,1,0
d6be92c8c.jpg,1,1,3,3,11933,0,0,11933,0,0,0,1,0
d6c91e8e7.jpg,1,1,3,3,3797,0,0,3797,0,0,0,1,0
d6cecaebc.jpg,0,0,,0,0,0,0,0,0,0,0,0,0
d6d275bb5.jpg,0,0,,0,0,0,0,0,0,0,0,0,0
d6d2ca6e1.jpg,1,2,2|3,3,14484,0,5244,9240,0,0,1,1,0
d6d3224d2.jpg,1,1,3,3,12904,0,0,12904,0,0,0,1,0
d6d71b8ec.jpg,1,1,3,3,5218,0,0,5218,0,0,0,1,0
d6d78fa78.jpg,0,0,,0,0,0,0,0,0,0,0,0,0
d6dab923a.jpg,1,1,3,3,38202,0,0,38202,0,0,0,1,0
d6dd8245a.jpg,0,0,,0,0,0,0,0,0,0,0,0,0
d6de5f24f.jpg,0,0,,0,0,0,0,0,0,0,0,0,0
d6deb1f35.jpg,0,0,,0,0,0,0,0,0,0,0,0,0
d6ef360e3.jpg,1,2,3|4,3,48293,0,0,38697,9596,0,0,1,1
d6f5d9247.jpg,1,1,3,3,10305,0,0,10305,0,0,0,1,0
d6f74b2a0.jpg,0,0,,0,0,0,0,0,0,0,0,0,0
d6f8c31a2.jpg,0,0,,0,0,0,0,0,0,0,0,0,0
d6ff87222.jpg,1,1,4,4,18467,0,0,0,18467,0,0,0,1
d70100be8.jpg,1,1,1,1,1443,1443,0,0,0,1,0,0,0
d706e7f5e.jpg,0,0,,0,0,0,0,0,0,0,0,0,0
d708fbaa0.jpg,0,0,,0,0,0,0,0,0,0,0,0,0
d70e75dca.jpg,1,1,1,1,1271,1271,0,0,0,1,0,0,0
d7145a746.jpg,0,0,,0,0,0,0,0,0,0,0,0,0
d717541d8.jpg,0,0,,0,0,0,0,0,0,0,0,0,0
d717685ea.jpg,0,0,,0,0,0,0,0,0,0,0,0,0
d71e73d6f.jpg,1,1,3,3,2507,0,0,2507,0,0,0,1,0
d72037f3c.jpg,1,1,3,3,15221,0,0,15221,0,0,0,1,0
d7221e8ce.jpg,1,1,1,1,7310,7310,0,0,0,1,0,0,0
d72237bd5.jpg,0,0,,0,0,0,0,0,0,0,0,0,0
d7311b37e.jpg,0,0,,0,0,0,0,0,0,0,0,0,0
d73e9b13b.jpg,1,1,3,3,3502,0,0,3502,0,0,0,1,0
d74442547.jpg,1,1,3,3,125140,0,0,125140,0,0,0,1,0
d7446a2b2.jpg,0,0,,0,0,0,0,0,0,0,0,0,0
d74c7c967.jpg,1,1,3,3,30300,0,0,30300,0,0,0,1,0
d75725fc3.jpg,1,1,2,2,2477,0,2477,0,0,0,1,0,0
d75a84b44.jpg,1,1,3,3,42153,0,0,42153,0,0,0,1,0
d75bc6f97.jpg,0,0,,0,0,0,0,0,0,0,0,0,0
d7608fbdb.jpg,1,1,1,1,2129,2129,0,0,0,1,0,0,0
d762461d5.jpg,1,1,3,3,51355,0,0,51355,0,0,0,1,0
d767630fe.jpg,0,0,,0,0,0,0,0,0,0,0,0,0
d7686d307.jpg,1,1,3,3,13912,0,0,13912,0,0,0,1,0
d76b0dc68.jpg,0,0,,0,0,0,0,0,0,0,0,0,0
d76dc5d62.jpg,0,0,,0,0,0,0,0,0,0,0,0,0
d773ff10c.jpg,1,1,3,3,4807,0,0,4807,0,0,0,1,0
d7749f865.jpg,1,2,3|4,3,123677,0,0,88313,35364,0,0,1,1
d77a3d70e.jpg,0,0,,0,0,0,0,0,0,0,0,0,0
d77e9ff45.jpg,1,1,4,4,3494,0,0,0,3494,0,0,0,1
d784bd04b.jpg,0,0,,0,0,0,0,0,0,0,0,0,0
d78b273c3.jpg,0,0,,0,0,0,0,0,0,0,0,0,0
d78e97810.jpg,1,1,3,3,3684,0,0,3684,0,0,0,1,0
d7939330f.jpg,0,0,,0,0,0,0,0,0,0,0,0,0
d79e948c4.jpg,1,1,1,1,7909,7909,0,0,0,1,0,0,0
d7a43c6f6.jpg,1,1,3,3,166628,0,0,166628,0,0,0,1,0
d7a6b31ea.jpg,1,2,3|4,4,62392,0,0,14745,47647,0,0,1,1
d7a966551.jpg,1,1,3,3,2822,0,0,2822,0,0,0,1,0
d7aa8391c.jpg,0,0,,0,0,0,0,0,0,0,0,0,0
d7ae2c9be.jpg,1,1,3,3,2030,0,0,2030,0,0,0,1,0
d7af729ba.jpg,0,0,,0,0,0,0,0,0,0,0,0,0
d7af73039.jpg,0,0,,0,0,0,0,0,0,0,0,0,0
d7b0f2130.jpg,1,1,3,3,12017,0,0,12017,0,0,0,1,0
d7b55e108.jpg,0,0,,0,0,0,0,0,0,0,0,0,0
d7b5d31e5.jpg,0,0,,0,0,0,0,0,0,0,0,0,0
d7bd3c79c.jpg,0,0,,0,0,0,0,0,0,0,0,0,0
d7c2c6ba8.jpg,1,1,3,3,10033,0,0,10033,0,0,0,1,0
d7c3e7334.jpg,0,0,,0,0,0,0,0,0,0,0,0,0
d7c4cd2dd.jpg,0,0,,0,0,0,0,0,0,0,0,0,0
d7c560ed5.jpg,1,1,3,3,91191,0,0,91191,0,0,0,1,0
d7c5eab80.jpg,0,0,,0,0,0,0,0,0,0,0,0,0
d7c7e1747.jpg,0,0,,0,0,0,0,0,0,0,0,0,0
d7dba3a05.jpg,1,1,3,3,29984,0,0,29984,0,0,0,1,0
d7e3d3784.jpg,1,1,3,3,38456,0,0,38456,0,0,0,1,0
d7e693160.jpg,1,1,4,4,93179,0,0,0,93179,0,0,0,1
d7eb453fe.jpg,1,1,1,1,4189,4189,0,0,0,1,0,0,0
d7f6f26c4.jpg,0,0,,0,0,0,0,0,0,0,0,0,0
d7fc606cd.jpg,0,0,,0,0,0,0,0,0,0,0,0,0
d802b10c5.jpg,1,1,3,3,36508,0,0,36508,0,0,0,1,0
d806c4bd6.jpg,1,1,1,1,5671,5671,0,0,0,1,0,0,0
d808c5310.jpg,0,0,,0,0,0,0,0,0,0,0,0,0
d80ccc3d8.jpg,0,0,,0,0,0,0,0,0,0,0,0,0
d80d59653.jpg,1,1,4,4,83432,0,0,0,83432,0,0,0,1
d810f2ad7.jpg,0,0,,0,0,0,0,0,0,0,0,0,0
d812de018.jpg,1,1,3,3,7598,0,0,7598,0,0,0,1,0
d81776111.jpg,0,0,,0,0,0,0,0,0,0,0,0,0
d81c1025c.jpg,0,0,,0,0,0,0,0,0,0,0,0,0
d81eb8a93.jpg,1,1,3,3,36423,0,0,36423,0,0,0,1,0
d81f90b35.jpg,1,1,3,3,2870,0,0,2870,0,0,0,1,0
d820dc2dd.jpg,0,0,,0,0,0,0,0,0,0,0,0,0
d8254a8ee.jpg,1,1,3,3,42321,0,0,42321,0,0,0,1,0
d8255f13a.jpg,1,1,1,1,1225,1225,0,0,0,1,0,0,0
d836aca54.jpg,0,0,,0,0,0,0,0,0,0,0,0,0
d846db3b6.jpg,1,1,3,3,3968,0,0,3968,0,0,0,1,0
d849d7a48.jpg,1,1,3,3,12017,0,0,12017,0,0,0,1,0
d84ad849e.jpg,1,1,1,1,4347,4347,0,0,0,1,0,0,0
d85c49519.jpg,0,0,,0,0,0,0,0,0,0,0,0,0
d85d973bd.jpg,0,0,,0,0,0,0,0,0,0,0,0,0
d85e86732.jpg,0,0,,0,0,0,0,0,0,0,0,0,0
d85f94a97.jpg,1,1,3,3,4419,0,0,4419,0,0,0,1,0
d860da430.jpg,1,1,3,3,8692,0,0,8692,0,0,0,1,0
d86727f32.jpg,1,1,3,3,25062,0,0,25062,0,0,0,1,0
d869026cd.jpg,1,2,3|4,3,12844,0,0,6795,6049,0,0,1,1
d86b373f5.jpg,0,0,,0,0,0,0,0,0,0,0,0,0
d86b4b652.jpg,0,0,,0,0,0,0,0,0,0,0,0,0
d8907a2aa.jpg,0,0,,0,0,0,0,0,0,0,0,0,0
d8978ca15.jpg,1,1,3,3,13674,0,0,13674,0,0,0,1,0
d89d52e53.jpg,1,1,1,1,5760,5760,0,0,0,1,0,0,0
d8a2472a7.jpg,0,0,,0,0,0,0,0,0,0,0,0,0
d8a7f9cab.jpg,1,1,4,4,4505,0,0,0,4505,0,0,0,1
d8a8fed32.jpg,1,1,3,3,91097,0,0,91097,0,0,0,1,0
d8aeec2d5.jpg,1,2,3|4,4,21173,0,0,5840,15333,0,0,1,1
d8b6334f7.jpg,1,1,3,3,13625,0,0,13625,0,0,0,1,0
d8bdca735.jpg,0,0,,0,0,0,0,0,0,0,0,0,0
d8be02bfa.jpg,0,0,,0,0,0,0,0,0,0,0,0,0
d8c10c73f.jpg,0,0,,0,0,0,0,0,0,0,0,0,0
d8c29060a.jpg,0,0,,0,0,0,0,0,0,0,0,0,0
d8cc693b1.jpg,0,0,,0,0,0,0,0,0,0,0,0,0
d8ce6ab59.jpg,0,0,,0,0,0,0,0,0,0,0,0,0
d8cf18d6b.jpg,0,0,,0,0,0,0,0,0,0,0,0,0
d8d7851ee.jpg,0,0,,0,0,0,0,0,0,0,0,0,0
d8d851749.jpg,1,1,3,3,5620,0,0,5620,0,0,0,1,0
d8dbdc59e.jpg,1,1,4,4,11113,0,0,0,11113,0,0,0,1
d8e11064e.jpg,0,0,,0,0,0,0,0,0,0,0,0,0
d8e21a2ae.jpg,1,1,3,3,9661,0,0,9661,0,0,0,1,0
d8e384009.jpg,0,0,,0,0,0,0,0,0,0,0,0,0
d8e9d10b6.jpg,0,0,,0,0,0,0,0,0,0,0,0,0
d8f40c205.jpg,0,0,,0,0,0,0,0,0,0,0,0,0
d8f5a6706.jpg,1,2,3|4,3,69001,0,0,44357,24644,0,0,1,1
d8fd862af.jpg,0,0,,0,0,0,0,0,0,0,0,0,0
d8fe48b12.jpg,0,0,,0,0,0,0,0,0,0,0,0,0
d9038cc42.jpg,0,0,,0,0,0,0,0,0,0,0,0,0
d90687600.jpg,0,0,,0,0,0,0,0,0,0,0,0,0
d9077b7f2.jpg,1,1,1,1,2650,2650,0,0,0,1,0,0,0
d9145f0fb.jpg,1,1,3,3,3765,0,0,3765,0,0,0,1,0
d91c205e6.jpg,0,0,,0,0,0,0,0,0,0,0,0,0
d9285f64c.jpg,0,0,,0,0,0,0,0,0,0,0,0,0
d930342a1.jpg,0,0,,0,0,0,0,0,0,0,0,0,0
d931d995f.jpg,0,0,,0,0,0,0,0,0,0,0,0,0
d9378a0a0.jpg,1,1,3,3,52075,0,0,52075,0,0,0,1,0
d94082fe6.jpg,1,1,3,3,95275,0,0,95275,0,0,0,1,0
d94942d60.jpg,1,1,3,3,13453,0,0,13453,0,0,0,1,0
d95598b3a.jpg,1,1,3,3,11356,0,0,11356,0,0,0,1,0
d95a9bc58.jpg,0,0,,0,0,0,0,0,0,0,0,0,0
d95b18cf8.jpg,0,0,,0,0,0,0,0,0,0,0,0,0
d95c9d342.jpg,1,1,1,1,2454,2454,0,0,0,1,0,0,0
d963739c3.jpg,0,0,,0,0,0,0,0,0,0,0,0,0
d96428a9e.jpg,1,1,3,3,4564,0,0,4564,0,0,0,1,0
d9697c9ab.jpg,0,0,,0,0,0,0,0,0,0,0,0,0
d96a243a2.jpg,0,0,,0,0,0,0,0,0,0,0,0,0
d96baa2ce.jpg,1,1,3,3,54264,0,0,54264,0,0,0,1,0
d96bf6404.jpg,0,0,,0,0,0,0,0,0,0,0,0,0
d96c0e264.jpg,1,1,4,4,6234,0,0,0,6234,0,0,0,1
d97933f5f.jpg,1,1,3,3,27923,0,0,27923,0,0,0,1,0
d97ec0357.jpg,0,0,,0,0,0,0,0,0,0,0,0,0
d9845d7ae.jpg,0,0,,0,0,0,0,0,0,0,0,0,0
d98592ff2.jpg,0,0,,0,0,0,0,0,0,0,0,0,0
d98664198.jpg,1,2,2|3,3,14005,0,5126,8879,0,0,1,1,0
d989f3b29.jpg,0,0,,0,0,0,0,0,0,0,0,0,0
d99f9f7ac.jpg,1,2,3|4,4,70081,0,0,31112,38969,0,0,1,1
d9a3af776.jpg,0,0,,0,0,0,0,0,0,0,0,0,0
d9a5c3aae.jpg,1,1,3,3,9856,0,0,9856,0,0,0,1,0
d9a63b372.jpg,1,1,4,4,123610,0,0,0,123610,0,0,0,1
d9aa04f0f.jpg,0,0,,0,0,0,0,0,0,0,0,0,0
d9acdf5cd.jpg,1,1,3,3,14171,0,0,14171,0,0,0,1,0
d9bfea1ea.jpg,1,1,3,3,3447,0,0,3447,0,0,0,1,0
d9ce68f4f.jpg,1,1,3,3,32916,0,0,32916,0,0,0,1,0
d9d94945c.jpg,0,0,,0,0,0,0,0,0,0,0,0,0
d9d9f2b25.jpg,1,1,3,3,74963,0,0,74963,0,0,0,1,0
d9e856cff.jpg,0,0,,0,0,0,0,0,0,0,0,0,0
d9efa06f0.jpg,0,0,,0,0,0,0,0,0,0,0,0,0
d9fb2247f.jpg,1,1,3,3,27043,0,0,27043,0,0,0,1,0
d9fc7e2f2.jpg,0,0,,0,0,0,0,0,0,0,0,0,0
da0262fcf.jpg,1,1,3,3,13440,0,0,13440,0,0,0,1,0
da0dfd191.jpg,0,0,,0,0,0,0,0,0,0,0,0,0
da1cc77a7.jpg,0,0,,0,0,0,0,0,0,0,0,0,0
da20fe743.jpg,1,1,3,3,6144,0,0,6144,0,0,0,1,0
da2c63b68.jpg,0,0,,0,0,0,0,0,0,0,0,0,0
da2ee0937.jpg,0,0,,0,0,0,0,0,0,0,0,0,0
da30cbaf7.jpg,1,1,3,3,40854,0,0,40854,0,0,0,1,0
da3d96f2f.jpg,1,1,3,3,72611,0,0,72611,0,0,0,1,0
da42cc9c1.jpg,0,0,,0,0,0,0,0,0,0,0,0,0
da505edce.jpg,1,1,3,3,6307,0,0,6307,0,0,0,1,0
da515d6df.jpg,0,0,,0,0,0,0,0,0,0,0,0,0
da522f333.jpg,1,1,3,3,113123,0,0,113123,0,0,0,1,0
da55b8d85.jpg,0,0,,0,0,0,0,0,0,0,0,0,0
da57134fa.jpg,0,0,,0,0,0,0,0,0,0,0,0,0
da5d7e692.jpg,0,0,,0,0,0,0,0,0,0,0,0,0
da691bc2e.jpg,1,1,3,3,5039,0,0,5039,0,0,0,1,0
da6fb7dc1.jpg,1,1,1,1,2195,2195,0,0,0,1,0,0,0
da730ca91.jpg,0,0,,0,0,0,0,0,0,0,0,0,0
da800944b.jpg,0,0,,0,0,0,0,0,0,0,0,0,0
da8ace073.jpg,1,1,3,3,6257,0,0,6257,0,0,0,1,0
daa45a546.jpg,0,0,,0,0,0,0,0,0,0,0,0,0
daacde94c.jpg,1,1,3,3,156106,0,0,156106,0,0,0,1,0
dab01ae21.jpg,0,0,,0,0,0,0,0,0,0,0,0,0
dab4aae2e.jpg,0,0,,0,0,0,0,0,0,0,0,0,0
dab5666d9.jpg,1,1,3,3,30759,0,0,30759,0,0,0,1,0
dabbc106c.jpg,1,1,4,4,27972,0,0,0,27972,0,0,0,1
dac8a53f7.jpg,0,0,,0,0,0,0,0,0,0,0,0,0
dac8b95fb.jpg,0,0,,0,0,0,0,0,0,0,0,0,0
dac8bf38a.jpg,1,1,1,1,3515,3515,0,0,0,1,0,0,0
dac94b2f6.jpg,0,0,,0,0,0,0,0,0,0,0,0,0
dae3c563a.jpg,1,1,3,3,12231,0,0,12231,0,0,0,1,0
daeb19735.jpg,0,0,,0,0,0,0,0,0,0,0,0,0
daeea39b1.jpg,1,1,3,3,79915,0,0,79915,0,0,0,1,0
daf0cb98c.jpg,0,0,,0,0,0,0,0,0,0,0,0,0
daf2897e4.jpg,1,1,3,3,5452,0,0,5452,0,0,0,1,0
daf330a10.jpg,0,0,,0,0,0,0,0,0,0,0,0,0
dafaf1165.jpg,1,1,3,3,14821,0,0,14821,0,0,0,1,0
db03ee270.jpg,1,1,3,3,37104,0,0,37104,0,0,0,1,0
db0547371.jpg,1,1,3,3,11417,0,0,11417,0,0,0,1,0
db064ce4a.jpg,1,1,1,1,903,903,0,0,0,1,0,0,0
db1203cf7.jpg,0,0,,0,0,0,0,0,0,0,0,0,0
db17c18f9.jpg,1,1,3,3,28162,0,0,28162,0,0,0,1,0
db17f3e99.jpg,1,1,3,3,2391,0,0,2391,0,0,0,1,0
db1b35480.jpg,1,1,3,3,12104,0,0,12104,0,0,0,1,0
db1b6f6b5.jpg,0,0,,0,0,0,0,0,0,0,0,0,0
db1c5b4f7.jpg,1,1,1,1,6157,6157,0,0,0,1,0,0,0
db2d6da08.jpg,1,1,3,3,7643,0,0,7643,0,0,0,1,0
db3531bcf.jpg,0,0,,0,0,0,0,0,0,0,0,0,0
db3712c6d.jpg,1,1,3,3,79096,0,0,79096,0,0,0,1,0
db37f7aee.jpg,1,1,3,3,10717,0,0,10717,0,0,0,1,0
db3ce9c95.jpg,1,2,3|4,4,25061,0,0,11947,13114,0,0,1,1
db3d85bc9.jpg,1,1,3,3,4115,0,0,4115,0,0,0,1,0
db4716807.jpg,1,1,4,4,30440,0,0,0,30440,0,0,0,1
db4867ee8.jpg,1,3,1|2|3,1,7702,3415,1215,3072,0,1,1,1,0
db5241f19.jpg,1,1,3,3,13897,0,0,13897,0,0,0,1,0
db5aabcb0.jpg,1,1,3,3,52183,0,0,52183,0,0,0,1,0
db5dd1ed3.jpg,1,1,4,4,30491,0,0,0,30491,0,0,0,1
db62a970a.jpg,1,1,4,4,6393,0,0,0,6393,0,0,0,1
db6b86601.jpg,1,1,3,3,5244,0,0,5244,0,0,0,1,0
db6e420b2.jpg,0,0,,0,0,0,0,0,0,0,0,0,0
db6f3871b.jpg,0,0,,0,0,0,0,0,0,0,0,0,0
db749e5a8.jpg,0,0,,0,0,0,0,0,0,0,0,0,0
db7670e3e.jpg,1,1,3,3,1741,0,0,1741,0,0,0,1,0
db82efbd9.jpg,0,0,,0,0,0,0,0,0,0,0,0,0
db8942667.jpg,0,0,,0,0,0,0,0,0,0,0,0,0
db89feeba.jpg,1,1,3,3,25978,0,0,25978,0,0,0,1,0
db8b09f05.jpg,1,1,3,3,4273,0,0,4273,0,0,0,1,0
db91bc8fd.jpg,0,0,,0,0,0,0,0,0,0,0,0,0
db9a3c664.jpg,0,0,,0,0,0,0,0,0,0,0,0,0
db9a5ede4.jpg,0,0,,0,0,0,0,0,0,0,0,0,0
dba57b15f.jpg,0,0,,0,0,0,0,0,0,0,0,0,0
dbac90dc5.jpg,1,1,2,2,3256,0,3256,0,0,0,1,0,0
dbb8a1051.jpg,0,0,,0,0,0,0,0,0,0,0,0,0
dbbd64250.jpg,0,0,,0,0,0,0,0,0,0,0,0,0
dbc93dc99.jpg,1,1,3,3,23465,0,0,23465,0,0,0,1,0
dbcd9e81c.jpg,1,1,3,3,5504,0,0,5504,0,0,0,1,0
dbd727558.jpg,0,0,,0,0,0,0,0,0,0,0,0,0
dbd7ba010.jpg,1,1,3,3,32868,0,0,32868,0,0,0,1,0
dbd7f1a99.jpg,0,0,,0,0,0,0,0,0,0,0,0,0
dbe255803.jpg,1,1,3,3,102136,0,0,102136,0,0,0,1,0
dbe26ec70.jpg,0,0,,0,0,0,0,0,0,0,0,0,0
dbe2d92ec.jpg,1,1,3,3,1464,0,0,1464,0,0,0,1,0
dbe3f3192.jpg,1,1,3,3,16079,0,0,16079,0,0,0,1,0
dbe808a3d.jpg,0,0,,0,0,0,0,0,0,0,0,0,0
dbed55a94.jpg,0,0,,0,0,0,0,0,0,0,0,0,0
dbf8177c1.jpg,1,1,4,4,45887,0,0,0,45887,0,0,0,1
dbfb99099.jpg,0,0,,0,0,0,0,0,0,0,0,0,0
dc03b4f94.jpg,0,0,,0,0,0,0,0,0,0,0,0,0
dc0c6c0de.jpg,1,1,3,3,8319,0,0,8319,0,0,0,1,0
dc0fc027e.jpg,0,0,,0,0,0,0,0,0,0,0,0,0
dc1acc527.jpg,1,1,3,3,40251,0,0,40251,0,0,0,1,0
dc2b020ba.jpg,1,1,3,3,1249,0,0,1249,0,0,0,1,0
dc319912e.jpg,1,1,3,3,6684,0,0,6684,0,0,0,1,0
dc3740c5c.jpg,1,1,3,3,5936,0,0,5936,0,0,0,1,0
dc3959c7b.jpg,0,0,,0,0,0,0,0,0,0,0,0,0
dc46bd374.jpg,1,1,3,3,70730,0,0,70730,0,0,0,1,0
dc46cd893.jpg,1,1,3,3,4334,0,0,4334,0,0,0,1,0
dc4900cb3.jpg,0,0,,0,0,0,0,0,0,0,0,0,0
dc499be11.jpg,1,1,1,1,4629,4629,0,0,0,1,0,0,0
dc4c76517.jpg,1,1,3,3,35662,0,0,35662,0,0,0,1,0
dc5110311.jpg,0,0,,0,0,0,0,0,0,0,0,0,0
dc58fa33b.jpg,1,1,2,2,405,0,405,0,0,0,1,0,0
dc59b5377.jpg,0,0,,0,0,0,0,0,0,0,0,0,0
dc5e7f2c8.jpg,0,0,,0,0,0,0,0,0,0,0,0,0
dc5f711fa.jpg,0,0,,0,0,0,0,0,0,0,0,0,0
dc6028399.jpg,1,1,3,3,6975,0,0,6975,0,0,0,1,0
dc607256d.jpg,1,1,3,3,13728,0,0,13728,0,0,0,1,0
dc636ab48.jpg,1,1,2,2,2632,0,2632,0,0,0,1,0,0
dc66cdc19.jpg,1,1,3,3,6277,0,0,6277,0,0,0,1,0
dc67d78bf.jpg,1,1,1,1,4929,4929,0,0,0,1,0,0,0
dc6ab466a.jpg,0,0,,0,0,0,0,0,0,0,0,0,0
dc6bc2963.jpg,1,1,3,3,184637,0,0,184637,0,0,0,1,0
dc702eb04.jpg,1,2,3|4,3,51206,0,0,41658,9548,0,0,1,1
dc7c4b465.jpg,0,0,,0,0,0,0,0,0,0,0,0,0
dc815052a.jpg,0,0,,0,0,0,0,0,0,0,0,0,0
dc845f534.jpg,0,0,,0,0,0,0,0,0,0,0,0,0
dc8e7690a.jpg,1,1,3,3,40749,0,0,40749,0,0,0,1,0
dc94faafc.jpg,1,1,4,4,42517,0,0,0,42517,0,0,0,1
dc9a471e6.jpg,0,0,,0,0,0,0,0,0,0,0,0,0
dca8e6597.jpg,0,0,,0,0,0,0,0,0,0,0,0,0
dcb12d9cc.jpg,0,0,,0,0,0,0,0,0,0,0,0,0
dcb3d23c8.jpg,1,1,3,3,19719,0,0,19719,0,0,0,1,0
dcb5c0ae0.jpg,0,0,,0,0,0,0,0,0,0,0,0,0
dcc2e4f93.jpg,1,1,3,3,3712,0,0,3712,0,0,0,1,0
dcc3c7a50.jpg,1,1,3,3,11247,0,0,11247,0,0,0,1,0
dcc4ae98f.jpg,1,1,3,3,40291,0,0,40291,0,0,0,1,0
dcc794850.jpg,0,0,,0,0,0,0,0,0,0,0,0,0
dccad1675.jpg,0,0,,0,0,0,0,0,0,0,0,0,0
dccd32def.jpg,1,1,4,4,17981,0,0,0,17981,0,0,0,1
dcd1ff127.jpg,1,1,4,4,38193,0,0,0,38193,0,0,0,1
dcd2b0763.jpg,0,0,,0,0,0,0,0,0,0,0,0,0
dcd6231d8.jpg,0,0,,0,0,0,0,0,0,0,0,0,0
dce018412.jpg,0,0,,0,0,0,0,0,0,0,0,0,0
dce70d399.jpg,1,1,1,1,4456,4456,0,0,0,1,0,0,0
dcebef38e.jpg,1,1,1,1,1031,1031,0,0,0,1,0,0,0
dcf0a3a06.jpg,1,1,3,3,11398,0,0,11398,0,0,0,1,0
dcf78e7eb.jpg,1,1,3,3,7648,0,0,7648,0,0,0,1,0
dcfd9b8c4.jpg,1,1,3,3,33012,0,0,33012,0,0,0,1,0
dd0435139.jpg,0,0,,0,0,0,0,0,0,0,0,0,0
dd1088aa8.jpg,0,0,,0,0,0,0,0,0,0,0,0,0
dd154baf9.jpg,0,0,,0,0,0,0,0,0,0,0,0,0
dd1683e7b.jpg,1,1,3,3,12011,0,0,12011,0,0,0,1,0
dd172eb82.jpg,1,1,3,3,1615,0,0,1615,0,0,0,1,0
dd175c50c.jpg,1,1,3,3,4951,0,0,4951,0,0,0,1,0
dd2390317.jpg,1,1,4,4,7849,0,0,0,7849,0,0,0,1
dd2a5ec17.jpg,0,0,,0,0,0,0,0,0,0,0,0,0
dd2c992b2.jpg,1,1,3,3,3861,0,0,3861,0,0,0,1,0
dd2f53d43.jpg,0,0,,0,0,0,0,0,0,0,0,0,0
dd3306311.jpg,0,0,,0,0,0,0,0,0,0,0,0,0
dd345169c.jpg,1,1,3,3,5071,0,0,5071,0,0,0,1,0
dd39e9c31.jpg,0,0,,0,0,0,0,0,0,0,0,0,0
dd3bf4f47.jpg,0,0,,0,0,0,0,0,0,0,0,0,0
dd3cc78a9.jpg,0,0,,0,0,0,0,0,0,0,0,0,0
dd3efb748.jpg,1,1,3,3,4681,0,0,4681,0,0,0,1,0
dd41bdd9e.jpg,0,0,,0,0,0,0,0,0,0,0,0,0
dd4364aa4.jpg,0,0,,0,0,0,0,0,0,0,0,0,0
dd441d6a0.jpg,1,2,1|3,3,23795,4965,0,18830,0,1,0,1,0
dd44675da.jpg,0,0,,0,0,0,0,0,0,0,0,0,0
dd4508ac4.jpg,0,0,,0,0,0,0,0,0,0,0,0,0
dd488d695.jpg,0,0,,0,0,0,0,0,0,0,0,0,0
dd5e8791e.jpg,0,0,,0,0,0,0,0,0,0,0,0,0
dd72a8eef.jpg,1,1,3,3,25126,0,0,25126,0,0,0,1,0
dd74ce9d1.jpg,1,1,4,4,34235,0,0,0,34235,0,0,0,1
dd7ddd0a8.jpg,1,1,3,3,6359,0,0,6359,0,0,0,1,0
dd7ef13fb.jpg,0,0,,0,0,0,0,0,0,0,0,0,0
dd7fcaf4e.jpg,1,2,3|4,4,61661,0,0,24358,37303,0,0,1,1
dd8af6471.jpg,1,1,3,3,429,0,0,429,0,0,0,1,0
dd8df432e.jpg,1,1,3,3,6750,0,0,6750,0,0,0,1,0
dd8e822bb.jpg,1,1,1,1,2525,2525,0,0,0,1,0,0,0
dd939d22f.jpg,0,0,,0,0,0,0,0,0,0,0,0,0
dd975164a.jpg,0,0,,0,0,0,0,0,0,0,0,0,0
dd97d4b45.jpg,1,1,3,3,6071,0,0,6071,0,0,0,1,0
dd9e0257b.jpg,1,1,3,3,20480,0,0,20480,0,0,0,1,0
dda75acd0.jpg,0,0,,0,0,0,0,0,0,0,0,0,0
ddb6adb93.jpg,0,0,,0,0,0,0,0,0,0,0,0,0
ddc1ce35c.jpg,0,0,,0,0,0,0,0,0,0,0,0,0
ddca3e643.jpg,1,1,3,3,14487,0,0,14487,0,0,0,1,0
ddce2a301.jpg,1,1,3,3,4676,0,0,4676,0,0,0,1,0
dddb213a1.jpg,0,0,,0,0,0,0,0,0,0,0,0,0
dde1f8ad2.jpg,0,0,,0,0,0,0,0,0,0,0,0,0
dde377e40.jpg,0,0,,0,0,0,0,0,0,0,0,0,0
ddef064ae.jpg,1,1,3,3,198285,0,0,198285,0,0,0,1,0
ddf1692c2.jpg,1,1,4,4,43430,0,0,0,43430,0,0,0,1
ddff7e914.jpg,0,0,,0,0,0,0,0,0,0,0,0,0
de001c4e1.jpg,1,2,3|4,3,97610,0,0,80062,17548,0,0,1,1
de049d393.jpg,1,1,3,3,29549,0,0,29549,0,0,0,1,0
de087910f.jpg,1,1,3,3,893,0,0,893,0,0,0,1,0
de09c0302.jpg,0,0,,0,0,0,0,0,0,0,0,0,0
de0b3e7fa.jpg,0,0,,0,0,0,0,0,0,0,0,0,0
de114dfdd.jpg,1,1,4,4,48610,0,0,0,48610,0,0,0,1
de144dd49.jpg,1,1,3,3,6643,0,0,6643,0,0,0,1,0
de15e1a31.jpg,1,1,3,3,2154,0,0,2154,0,0,0,1,0
de18da6c9.jpg,0,0,,0,0,0,0,0,0,0,0,0,0
de1983d54.jpg,1,1,3,3,45040,0,0,45040,0,0,0,1,0
de1ca5185.jpg,0,0,,0,0,0,0,0,0,0,0,0,0
de1f2b234.jpg,1,1,3,3,5568,0,0,5568,0,0,0,1,0
de3037e2a.jpg,0,0,,0,0,0,0,0,0,0,0,0,0
de30e1d91.jpg,0,0,,0,0,0,0,0,0,0,0,0,0
de37ca856.jpg,1,1,3,3,127911,0,0,127911,0,0,0,1,0
de3e52e11.jpg,1,1,3,3,2687,0,0,2687,0,0,0,1,0
de3feffe8.jpg,0,0,,0,0,0,0,0,0,0,0,0,0
de4a7df6e.jpg,1,1,3,3,1588,0,0,1588,0,0,0,1,0
de50ea03d.jpg,0,0,,0,0,0,0,0,0,0,0,0,0
de5a08726.jpg,1,1,1,1,1814,1814,0,0,0,1,0,0,0
de5c88140.jpg,0,0,,0,0,0,0,0,0,0,0,0,0
de5f11a6b.jpg,0,0,,0,0,0,0,0,0,0,0,0,0
de6c85c29.jpg,1,1,3,3,18392,0,0,18392,0,0,0,1,0
de6d967a7.jpg,0,0,,0,0,0,0,0,0,0,0,0,0
de7529941.jpg,0,0,,0,0,0,0,0,0,0,0,0,0
de79fa864.jpg,1,1,3,3,20199,0,0,20199,0,0,0,1,0
de7ccd490.jpg,1,1,3,3,6359,0,0,6359,0,0,0,1,0
de7e172fb.jpg,1,1,3,3,16562,0,0,16562,0,0,0,1,0
de7e1bfcb.jpg,0,0,,0,0,0,0,0,0,0,0,0,0
de7eb4006.jpg,0,0,,0,0,0,0,0,0,0,0,0,0
de85a0a75.jpg,1,1,3,3,161013,0,0,161013,0,0,0,1,0
de85c63cb.jpg,1,2,3|4,3,47364,0,0,39526,7838,0,0,1,1
de8718f9d.jpg,0,0,,0,0,0,0,0,0,0,0,0,0
de8913f2c.jpg,0,0,,0,0,0,0,0,0,0,0,0,0
de89591c4.jpg,1,1,1,1,5260,5260,0,0,0,1,0,0,0
de8aa269b.jpg,1,1,3,3,17577,0,0,17577,0,0,0,1,0
de90cb5f1.jpg,1,1,3,3,1492,0,0,1492,0,0,0,1,0
de964f1e4.jpg,1,1,3,3,12232,0,0,12232,0,0,0,1,0
de9737017.jpg,1,1,3,3,42377,0,0,42377,0,0,0,1,0
de9ce7271.jpg,1,1,1,1,3796,3796,0,0,0,1,0,0,0
dea277f4a.jpg,1,1,3,3,6922,0,0,6922,0,0,0,1,0
dea31c6e2.jpg,1,1,3,3,3388,0,0,3388,0,0,0,1,0
dea514023.jpg,0,0,,0,0,0,0,0,0,0,0,0,0
dea52fa7a.jpg,0,0,,0,0,0,0,0,0,0,0,0,0
deaa30604.jpg,1,1,1,1,6701,6701,0,0,0,1,0,0,0
deb036a27.jpg,1,1,3,3,23249,0,0,23249,0,0,0,1,0
deb491e54.jpg,0,0,,0,0,0,0,0,0,0,0,0,0
deb688828.jpg,0,0,,0,0,0,0,0,0,0,0,0,0
deb855665.jpg,0,0,,0,0,0,0,0,0,0,0,0,0
deb8bf4c3.jpg,0,0,,0,0,0,0,0,0,0,0,0,0
debacdfce.jpg,0,0,,0,0,0,0,0,0,0,0,0,0
dec7344c8.jpg,1,1,1,1,8907,8907,0,0,0,1,0,0,0
deca512a1.jpg,0,0,,0,0,0,0,0,0,0,0,0,0
ded190c2b.jpg,0,0,,0,0,0,0,0,0,0,0,0,0
ded3e76e3.jpg,1,1,3,3,1705,0,0,1705,0,0,0,1,0
ded434019.jpg,0,0,,0,0,0,0,0,0,0,0,0,0
ded5c87e8.jpg,1,1,3,3,22024,0,0,22024,0,0,0,1,0
dedd68ca3.jpg,0,0,,0,0,0,0,0,0,0,0,0,0
dee367c77.jpg,1,1,3,3,24893,0,0,24893,0,0,0,1,0
dee68db68.jpg,1,1,3,3,1652,0,0,1652,0,0,0,1,0
deeaf3acf.jpg,0,0,,0,0,0,0,0,0,0,0,0,0
def010af5.jpg,1,1,3,3,23925,0,0,23925,0,0,0,1,0
def2ac19d.jpg,1,1,3,3,53621,0,0,53621,0,0,0,1,0
def2e3f57.jpg,1,1,3,3,51004,0,0,51004,0,0,0,1,0
def2ff0c5.jpg,1,1,3,3,147352,0,0,147352,0,0,0,1,0
defcae4cc.jpg,1,1,1,1,9539,9539,0,0,0,1,0,0,0
defee8509.jpg,1,1,3,3,4482,0,0,4482,0,0,0,1,0
deff23782.jpg,1,1,1,1,4659,4659,0,0,0,1,0,0,0
df0168063.jpg,1,1,3,3,9148,0,0,9148,0,0,0,1,0
df0430717.jpg,1,1,3,3,5789,0,0,5789,0,0,0,1,0
df052e6d3.jpg,0,0,,0,0,0,0,0,0,0,0,0,0
df17684d1.jpg,1,1,3,3,8192,0,0,8192,0,0,0,1,0
df233f70a.jpg,0,0,,0,0,0,0,0,0,0,0,0,0
df3241f54.jpg,0,0,,0,0,0,0,0,0,0,0,0,0
df404d739.jpg,0,0,,0,0,0,0,0,0,0,0,0,0
df4b00e66.jpg,0,0,,0,0,0,0,0,0,0,0,0,0
df4d01acb.jpg,1,1,3,3,23849,0,0,23849,0,0,0,1,0
df501d7c9.jpg,0,0,,0,0,0,0,0,0,0,0,0,0
df55b085a.jpg,1,1,4,4,14932,0,0,0,14932,0,0,0,1
df562f187.jpg,0,0,,0,0,0,0,0,0,0,0,0,0
df5a28d84.jpg,0,0,,0,0,0,0,0,0,0,0,0,0
df5c68422.jpg,1,1,3,3,349106,0,0,349106,0,0,0,1,0
df5fa0c40.jpg,0,0,,0,0,0,0,0,0,0,0,0,0
df656b199.jpg,1,1,3,3,24264,0,0,24264,0,0,0,1,0
df6e8da02.jpg,1,1,3,3,4771,0,0,4771,0,0,0,1,0
df70a7e07.jpg,1,1,1,1,1305,1305,0,0,0,1,0,0,0
df7597610.jpg,0,0,,0,0,0,0,0,0,0,0,0,0
df76ae5b5.jpg,0,0,,0,0,0,0,0,0,0,0,0,0
df79cce6c.jpg,0,0,,0,0,0,0,0,0,0,0,0,0
df79e76af.jpg,0,0,,0,0,0,0,0,0,0,0,0,0
df8db80e1.jpg,0,0,,0,0,0,0,0,0,0,0,0,0
df8e56f94.jpg,1,1,3,3,9856,0,0,9856,0,0,0,1,0
df917bee3.jpg,0,0,,0,0,0,0,0,0,0,0,0,0
df957cf27.jpg,0,0,,0,0,0,0,0,0,0,0,0,0
df983abed.jpg,1,1,3,3,170517,0,0,170517,0,0,0,1,0
df997913a.jpg,0,0,,0,0,0,0,0,0,0,0,0,0
df9f30a8f.jpg,0,0,,0,0,0,0,0,0,0,0,0,0
dfaf08628.jpg,0,0,,0,0,0,0,0,0,0,0,0,0
dfb34ff29.jpg,0,0,,0,0,0,0,0,0,0,0,0,0
dfbd6656a.jpg,1,1,3,3,16640,0,0,16640,0,0,0,1,0
dfc4b8d29.jpg,1,1,3,3,122417,0,0,122417,0,0,0,1,0
dfc895f18.jpg,1,1,4,4,24173,0,0,0,24173,0,0,0,1
dfc9f643d.jpg,0,0,,0,0,0,0,0,0,0,0,0,0
dfcbbe004.jpg,0,0,,0,0,0,0,0,0,0,0,0,0
dfcc8d751.jpg,1,1,3,3,5828,0,0,5828,0,0,0,1,0
dfd0385e1.jpg,0,0,,0,0,0,0,0,0,0,0,0,0
dfd8a544d.jpg,1,1,3,3,4173,0,0,4173,0,0,0,1,0
dfe59369c.jpg,0,0,,0,0,0,0,0,0,0,0,0,0
dfe79ed0f.jpg,1,1,3,3,20424,0,0,20424,0,0,0,1,0
dfefd11c4.jpg,0,0,,0,0,0,0,0,0,0,0,0,0
dff0b1993.jpg,0,0,,0,0,0,0,0,0,0,0,0,0
dff14f87b.jpg,1,1,4,4,46290,0,0,0,46290,0,0,0,1
dff1d028a.jpg,1,1,3,3,15736,0,0,15736,0,0,0,1,0
dff8ecef4.jpg,1,1,1,1,1178,1178,0,0,0,1,0,0,0
dffdd2aba.jpg,0,0,,0,0,0,0,0,0,0,0,0,0
e00119994.jpg,0,0,,0,0,0,0,0,0,0,0,0,0
e003d691f.jpg,1,1,3,3,12528,0,0,12528,0,0,0,1,0
e006b532b.jpg,1,1,1,1,8471,8471,0,0,0,1,0,0,0
e007cfe77.jpg,1,1,3,3,2404,0,0,2404,0,0,0,1,0
e00ad65a3.jpg,0,0,,0,0,0,0,0,0,0,0,0,0
e013286ef.jpg,1,1,4,4,84157,0,0,0,84157,0,0,0,1
e02ffc95b.jpg,1,1,3,3,45381,0,0,45381,0,0,0,1,0
e03364e95.jpg,0,0,,0,0,0,0,0,0,0,0,0,0
e0354613c.jpg,0,0,,0,0,0,0,0,0,0,0,0,0
e036add44.jpg,1,1,3,3,11473,0,0,11473,0,0,0,1,0
e03bf53d8.jpg,1,1,3,3,6393,0,0,6393,0,0,0,1,0
e03dd6e96.jpg,1,1,3,3,6083,0,0,6083,0,0,0,1,0
e047325fc.jpg,0,0,,0,0,0,0,0,0,0,0,0,0
e0490b7cf.jpg,1,1,3,3,46451,0,0,46451,0,0,0,1,0
e04be8eca.jpg,1,1,3,3,7736,0,0,7736,0,0,0,1,0
e04f1f2a6.jpg,1,1,3,3,3068,0,0,3068,0,0,0,1,0
e04f5c163.jpg,1,1,3,3,9846,0,0,9846,0,0,0,1,0
e0524919c.jpg,0,0,,0,0,0,0,0,0,0,0,0,0
e0546380b.jpg,0,0,,0,0,0,0,0,0,0,0,0,0
e054a983d.jpg,1,1,3,3,5424,0,0,5424,0,0,0,1,0
e055a603c.jpg,1,1,3,3,33925,0,0,33925,0,0,0,1,0
e055afd50.jpg,1,1,3,3,2981,0,0,2981,0,0,0,1,0
e0593f542.jpg,1,1,3,3,4670,0,0,4670,0,0,0,1,0
e06b62ce3.jpg,0,0,,0,0,0,0,0,0,0,0,0,0
e06eb8f50.jpg,0,0,,0,0,0,0,0,0,0,0,0,0
e06ffc6cb.jpg,0,0,,0,0,0,0,0,0,0,0,0,0
e078bff60.jpg,1,2,3|4,3,121192,0,0,90765,30427,0,0,1,1
e07c94229.jpg,1,1,3,3,9799,0,0,9799,0,0,0,1,0
e07f3eb4b.jpg,1,1,3,3,4908,0,0,4908,0,0,0,1,0
e07f3f1b3.jpg,1,1,3,3,22323,0,0,22323,0,0,0,1,0
e082660b1.jpg,0,0,,0,0,0,0,0,0,0,0,0,0
e083ac9a7.jpg,0,0,,0,0,0,0,0,0,0,0,0,0
e097b9586.jpg,0,0,,0,0,0,0,0,0,0,0,0,0
e09da86ae.jpg,0,0,,0,0,0,0,0,0,0,0,0,0
e09fc9a60.jpg,0,0,,0,0,0,0,0,0,0,0,0,0
e0a10c8dc.jpg,0,0,,0,0,0,0,0,0,0,0,0,0
e0a16fca0.jpg,0,0,,0,0,0,0,0,0,0,0,0,0
e0a29a9da.jpg,0,0,,0,0,0,0,0,0,0,0,0,0
e0ad8fed3.jpg,1,1,3,3,5092,0,0,5092,0,0,0,1,0
e0b3e7b3f.jpg,1,2,3|4,3,74277,0,0,48232,26045,0,0,1,1
e0bbfc7b9.jpg,0,0,,0,0,0,0,0,0,0,0,0,0
e0c12a442.jpg,0,0,,0,0,0,0,0,0,0,0,0,0
e0c2546c3.jpg,0,0,,0,0,0,0,0,0,0,0,0,0
e0c5c05ad.jpg,0,0,,0,0,0,0,0,0,0,0,0,0
e0cc2a416.jpg,1,1,3,3,31141,0,0,31141,0,0,0,1,0
e0cf5558b.jpg,1,1,3,3,14204,0,0,14204,0,0,0,1,0
e0eade7b1.jpg,1,2,3|4,4,4461,0,0,1974,2487,0,0,1,1
e0eefb4a2.jpg,1,2,3|4,4,58399,0,0,7826,50573,0,0,1,1
e0ef5458c.jpg,0,0,,0,0,0,0,0,0,0,0,0,0
e0f80254f.jpg,1,1,3,3,9251,0,0,9251,0,0,0,1,0
e0fc2a4c2.jpg,1,1,1,1,5696,5696,0,0,0,1,0,0,0
e104181f2.jpg,1,1,3,3,5837,0,0,5837,0,0,0,1,0
e112722b3.jpg,0,0,,0,0,0,0,0,0,0,0,0,0
e11ed6a65.jpg,1,1,3,3,5074,0,0,5074,0,0,0,1,0
e11fba57d.jpg,0,0,,0,0,0,0,0,0,0,0,0,0
e12136afc.jpg,1,1,3,3,9658,0,0,9658,0,0,0,1,0
e122028b3.jpg,0,0,,0,0,0,0,0,0,0,0,0,0
e1260600a.jpg,0,0,,0,0,0,0,0,0,0,0,0,0
e1295bfa5.jpg,0,0,,0,0,0,0,0,0,0,0,0,0
e131b10b3.jpg,1,1,3,3,4287,0,0,4287,0,0,0,1,0
e1375b0a1.jpg,0,0,,0,0,0,0,0,0,0,0,0,0
e13c443d5.jpg,1,1,3,3,8069,0,0,8069,0,0,0,1,0
e13c54eb6.jpg,0,0,,0,0,0,0,0,0,0,0,0,0
e13e952d1.jpg,1,1,3,3,17069,0,0,17069,0,0,0,1,0
e1560e1d0.jpg,1,1,3,3,12612,0,0,12612,0,0,0,1,0
e15a18c3e.jpg,1,1,3,3,86020,0,0,86020,0,0,0,1,0
e15eff9bd.jpg,0,0,,0,0,0,0,0,0,0,0,0,0
e1662a8c3.jpg,1,1,3,3,31119,0,0,31119,0,0,0,1,0
e16b7d494.jpg,1,1,4,4,50113,0,0,0,50113,0,0,0,1
e1727840b.jpg,0,0,,0,0,0,0,0,0,0,0,0,0
e1811b98f.jpg,0,0,,0,0,0,0,0,0,0,0,0,0
e18358461.jpg,0,0,,0,0,0,0,0,0,0,0,0,0
e18453e79.jpg,0,0,,0,0,0,0,0,0,0,0,0,0
e195c6b17.jpg,1,1,3,3,3693,0,0,3693,0,0,0,1,0
e19ca4457.jpg,1,1,3,3,2601,0,0,2601,0,0,0,1,0
e19dec218.jpg,0,0,,0,0,0,0,0,0,0,0,0,0
e1a1a00a7.jpg,0,0,,0,0,0,0,0,0,0,0,0,0
e1a9e7c49.jpg,1,1,4,4,35148,0,0,0,35148,0,0,0,1
e1aec490e.jpg,0,0,,0,0,0,0,0,0,0,0,0,0
e1b18d841.jpg,1,1,3,3,13104,0,0,13104,0,0,0,1,0
e1b97f71c.jpg,0,0,,0,0,0,0,0,0,0,0,0,0
e1bc34727.jpg,1,1,3,3,6478,0,0,6478,0,0,0,1,0
e1bf6b458.jpg,0,0,,0,0,0,0,0,0,0,0,0,0
e1c960f0b.jpg,0,0,,0,0,0,0,0,0,0,0,0,0
e1db7ee54.jpg,1,1,3,3,7710,0,0,7710,0,0,0,1,0
e1de957d4.jpg,0,0,,0,0,0,0,0,0,0,0,0,0
e1e0a91b8.jpg,1,1,3,3,294668,0,0,294668,0,0,0,1,0
e1eaea5df.jpg,0,0,,0,0,0,0,0,0,0,0,0,0
e1ef0b25d.jpg,0,0,,0,0,0,0,0,0,0,0,0,0
e1f08c59c.jpg,1,1,3,3,4186,0,0,4186,0,0,0,1,0
e1fd49274.jpg,0,0,,0,0,0,0,0,0,0,0,0,0
e2037da93.jpg,1,2,3|4,3,20618,0,0,13788,6830,0,0,1,1
e20a13965.jpg,0,0,,0,0,0,0,0,0,0,0,0,0
e215c6958.jpg,0,0,,0,0,0,0,0,0,0,0,0,0
e21fd95ad.jpg,1,1,4,4,34220,0,0,0,34220,0,0,0,1
e225d313b.jpg,0,0,,0,0,0,0,0,0,0,0,0,0
e22b027ee.jpg,1,1,3,3,135194,0,0,135194,0,0,0,1,0
e22b3105b.jpg,0,0,,0,0,0,0,0,0,0,0,0,0
e22c8bee8.jpg,0,0,,0,0,0,0,0,0,0,0,0,0
e23f2d103.jpg,1,1,4,4,192780,0,0,0,192780,0,0,0,1
e24be9ec4.jpg,0,0,,0,0,0,0,0,0,0,0,0,0
e2512d5f4.jpg,1,1,3,3,26962,0,0,26962,0,0,0,1,0
e252d3b42.jpg,0,0,,0,0,0,0,0,0,0,0,0,0
e252d3c98.jpg,0,0,,0,0,0,0,0,0,0,0,0,0
e2793bad2.jpg,0,0,,0,0,0,0,0,0,0,0,0,0
e279406f9.jpg,0,0,,0,0,0,0,0,0,0,0,0,0
e29a708e0.jpg,1,1,1,1,10245,10245,0,0,0,1,0,0,0
e29d6c141.jpg,1,1,3,3,3252,0,0,3252,0,0,0,1,0
e29f1a47a.jpg,1,1,3,3,131715,0,0,131715,0,0,0,1,0
e2a6c57b8.jpg,0,0,,0,0,0,0,0,0,0,0,0,0
e2abceace.jpg,1,1,3,3,26738,0,0,26738,0,0,0,1,0
e2ad8a12a.jpg,1,1,3,3,6254,0,0,6254,0,0,0,1,0
e2b3cf9a4.jpg,1,1,1,1,2405,2405,0,0,0,1,0,0,0
e2b67b778.jpg,0,0,,0,0,0,0,0,0,0,0,0,0
e2bdd4236.jpg,1,1,3,3,96270,0,0,96270,0,0,0,1,0
e2c071661.jpg,0,0,,0,0,0,0,0,0,0,0,0,0
e2c203a0f.jpg,1,1,3,3,4829,0,0,4829,0,0,0,1,0
e2c3cb4ec.jpg,0,0,,0,0,0,0,0,0,0,0,0,0
e2c3eb1ff.jpg,0,0,,0,0,0,0,0,0,0,0,0,0
e2c4275d6.jpg,1,1,2,2,1468,0,1468,0,0,0,1,0,0
e2cc5ba4f.jpg,0,0,,0,0,0,0,0,0,0,0,0,0
e2d02393b.jpg,1,1,3,3,15947,0,0,15947,0,0,0,1,0
e2d64c010.jpg,1,2,1|3,1,6803,3849,0,2954,0,1,0,1,0
e2d7cf5a9.jpg,1,1,4,4,13751,0,0,0,13751,0,0,0,1
e2ec0b2fc.jpg,0,0,,0,0,0,0,0,0,0,0,0,0
e2f004578.jpg,1,1,3,3,4718,0,0,4718,0,0,0,1,0
e2f3d138a.jpg,1,1,3,3,8077,0,0,8077,0,0,0,1,0
e2f601a45.jpg,0,0,,0,0,0,0,0,0,0,0,0,0
e2fa1744f.jpg,0,0,,0,0,0,0,0,0,0,0,0,0
e30a322d7.jpg,1,2,3|4,3,36219,0,0,28057,8162,0,0,1,1
e30ea20d9.jpg,1,1,3,3,144898,0,0,144898,0,0,0,1,0
e3134b6c1.jpg,0,0,,0,0,0,0,0,0,0,0,0,0
e3143c8d2.jpg,1,1,3,3,2619,0,0,2619,0,0,0,1,0
e31906f91.jpg,0,0,,0,0,0,0,0,0,0,0,0,0
e31ec1eb2.jpg,0,0,,0,0,0,0,0,0,0,0,0,0
e31f8c3de.jpg,1,1,4,4,43872,0,0,0,43872,0,0,0,1
e3228a3cf.jpg,0,0,,0,0,0,0,0,0,0,0,0,0
e3275fb2f.jpg,0,0,,0,0,0,0,0,0,0,0,0,0
e3279f86e.jpg,1,1,3,3,1356,0,0,1356,0,0,0,1,0
e32bb7b41.jpg,1,1,3,3,6120,0,0,6120,0,0,0,1,0
e32bba07f.jpg,1,1,3,3,44579,0,0,44579,0,0,0,1,0
e32dfbf22.jpg,0,0,,0,0,0,0,0,0,0,0,0,0
e33294689.jpg,0,0,,0,0,0,0,0,0,0,0,0,0
e335e17b2.jpg,0,0,,0,0,0,0,0,0,0,0,0,0
e336d67b7.jpg,0,0,,0,0,0,0,0,0,0,0,0,0
e3382c0b9.jpg,0,0,,0,0,0,0,0,0,0,0,0,0
e34486a68.jpg,0,0,,0,0,0,0,0,0,0,0,0,0
e3485d08f.jpg,1,1,3,3,74420,0,0,74420,0,0,0,1,0
e3497bffb.jpg,0,0,,0,0,0,0,0,0,0,0,0,0
e34f68168.jpg,1,1,3,3,713,0,0,713,0,0,0,1,0
e35988507.jpg,0,0,,0,0,0,0,0,0,0,0,0,0
e35a68f07.jpg,1,1,1,1,2294,2294,0,0,0,1,0,0,0
e35d1e99c.jpg,0,0,,0,0,0,0,0,0,0,0,0,0
e364fb7b7.jpg,0,0,,0,0,0,0,0,0,0,0,0,0
e36a70d40.jpg,1,1,3,3,6656,0,0,6656,0,0,0,1,0
e385380e1.jpg,1,2,3|4,3,65817,0,0,52857,12960,0,0,1,1
e387ce326.jpg,0,0,,0,0,0,0,0,0,0,0,0,0
e38fb8774.jpg,0,0,,0,0,0,0,0,0,0,0,0,0
e3988634c.jpg,1,1,3,3,194446,0,0,194446,0,0,0,1,0
e39c0bbac.jpg,0,0,,0,0,0,0,0,0,0,0,0,0
e39ce3e34.jpg,0,0,,0,0,0,0,0,0,0,0,0,0
e3abf3c7a.jpg,0,0,,0,0,0,0,0,0,0,0,0,0
e3adffbc1.jpg,0,0,,0,0,0,0,0,0,0,0,0,0
e3b9a7b07.jpg,1,2,3|4,4,141216,0,0,31424,109792,0,0,1,1
e3c8b3a70.jpg,1,1,3,3,21885,0,0,21885,0,0,0,1,0
e3cb41559.jpg,0,0,,0,0,0,0,0,0,0,0,0,0
e3d92bcc1.jpg,0,0,,0,0,0,0,0,0,0,0,0,0
e3e1bb16a.jpg,1,1,3,3,2689,0,0,2689,0,0,0,1,0
e3e8594fa.jpg,1,1,3,3,7128,0,0,7128,0,0,0,1,0
e3ef636f3.jpg,0,0,,0,0,0,0,0,0,0,0,0,0
e3f979ef5.jpg,1,1,3,3,8141,0,0,8141,0,0,0,1,0
e3fe831b7.jpg,1,1,3,3,3043,0,0,3043,0,0,0,1,0
e401b6539.jpg,1,1,1,1,6133,6133,0,0,0,1,0,0,0
e40347dd6.jpg,0,0,,0,0,0,0,0,0,0,0,0,0
e40b5fde7.jpg,0,0,,0,0,0,0,0,0,0,0,0,0
e40e068f3.jpg,1,1,1,1,4991,4991,0,0,0,1,0,0,0
e414bb64e.jpg,0,0,,0,0,0,0,0,0,0,0,0,0
e4173df9a.jpg,0,0,,0,0,0,0,0,0,0,0,0,0
e42311f08.jpg,1,1,4,4,25616,0,0,0,25616,0,0,0,1
e430d4f76.jpg,0,0,,0,0,0,0,0,0,0,0,0,0
e4329f291.jpg,0,0,,0,0,0,0,0,0,0,0,0,0
e43a0ca28.jpg,0,0,,0,0,0,0,0,0,0,0,0,0
e43b67340.jpg,1,1,3,3,76671,0,0,76671,0,0,0,1,0
e44250e76.jpg,0,0,,0,0,0,0,0,0,0,0,0,0
e4454f42e.jpg,1,1,3,3,17548,0,0,17548,0,0,0,1,0
e44a065d8.jpg,1,1,3,3,7552,0,0,7552,0,0,0,1,0
e45010a6a.jpg,1,1,3,3,5120,0,0,5120,0,0,0,1,0
e4547788b.jpg,1,1,3,3,131162,0,0,131162,0,0,0,1,0
e461fe709.jpg,1,1,4,4,72418,0,0,0,72418,0,0,0,1
e4645dffc.jpg,1,1,3,3,6521,0,0,6521,0,0,0,1,0
e46526f80.jpg,0,0,,0,0,0,0,0,0,0,0,0,0
e47028cb2.jpg,0,0,,0,0,0,0,0,0,0,0,0,0
e473f2647.jpg,1,1,3,3,1384,0,0,1384,0,0,0,1,0
e4757c6fc.jpg,0,0,,0,0,0,0,0,0,0,0,0,0
e475fb44e.jpg,1,1,3,3,16094,0,0,16094,0,0,0,1,0
e479a2e88.jpg,1,1,1,1,1284,1284,0,0,0,1,0,0,0
e47ea998e.jpg,1,1,3,3,122317,0,0,122317,0,0,0,1,0
e481c68fd.jpg,1,1,3,3,3869,0,0,3869,0,0,0,1,0
e482bf630.jpg,1,1,3,3,3083,0,0,3083,0,0,0,1,0
e48411a83.jpg,0,0,,0,0,0,0,0,0,0,0,0,0
e490e1b5b.jpg,0,0,,0,0,0,0,0,0,0,0,0,0
e4911993d.jpg,1,1,3,3,11737,0,0,11737,0,0,0,1,0
e493a8167.jpg,1,1,3,3,37645,0,0,37645,0,0,0,1,0
e49407f6c.jpg,1,1,3,3,3998,0,0,3998,0,0,0,1,0
e495d5456.jpg,1,2,3|4,4,58673,0,0,24133,34540,0,0,1,1
e4a08cef1.jpg,0,0,,0,0,0,0,0,0,0,0,0,0
e4a7202d9.jpg,1,1,2,2,2150,0,2150,0,0,0,1,0,0
e4a964382.jpg,1,1,3,3,194397,0,0,194397,0,0,0,1,0
e4acd9063.jpg,0,0,,0,0,0,0,0,0,0,0,0,0
e4ad9f339.jpg,0,0,,0,0,0,0,0,0,0,0,0,0
e4b3b7491.jpg,1,1,3,3,10541,0,0,10541,0,0,0,1,0
e4b71594a.jpg,0,0,,0,0,0,0,0,0,0,0,0,0
e4c674de4.jpg,0,0,,0,0,0,0,0,0,0,0,0,0
e4c74d00a.jpg,1,1,4,4,48017,0,0,0,48017,0,0,0,1
e4c9c8ab3.jpg,1,1,3,3,5320,0,0,5320,0,0,0,1,0
e4cf989d9.jpg,0,0,,0,0,0,0,0,0,0,0,0,0
e4d0d99fd.jpg,0,0,,0,0,0,0,0,0,0,0,0,0
e4d2933d9.jpg,1,1,3,3,14382,0,0,14382,0,0,0,1,0
e4d31b81a.jpg,0,0,,0,0,0,0,0,0,0,0,0,0
e4d59620c.jpg,0,0,,0,0,0,0,0,0,0,0,0,0
e4d934562.jpg,0,0,,0,0,0,0,0,0,0,0,0,0
e4d9efbaa.jpg,1,2,1|3,3,6981,1376,0,5605,0,1,0,1,0
e4da37c1e.jpg,1,2,1|2,1,6355,4040,2315,0,0,1,1,0,0
e4dffa21c.jpg,0,0,,0,0,0,0,0,0,0,0,0,0
e4e295238.jpg,0,0,,0,0,0,0,0,0,0,0,0,0
e4e9700de.jpg,1,1,4,4,16303,0,0,0,16303,0,0,0,1
e4f4ee905.jpg,1,1,3,3,5658,0,0,5658,0,0,0,1,0
e4f959925.jpg,0,0,,0,0,0,0,0,0,0,0,0,0
e4fe95209.jpg,1,1,3,3,14962,0,0,14962,0,0,0,1,0
e4fefe327.jpg,0,0,,0,0,0,0,0,0,0,0,0,0
e4ffb90cb.jpg,0,0,,0,0,0,0,0,0,0,0,0,0
e514a96ce.jpg,0,0,,0,0,0,0,0,0,0,0,0,0
e518fa6aa.jpg,0,0,,0,0,0,0,0,0,0,0,0,0
e51c76beb.jpg,1,1,3,3,2836,0,0,2836,0,0,0,1,0
e523f2341.jpg,0,0,,0,0,0,0,0,0,0,0,0,0
e529500db.jpg,0,0,,0,0,0,0,0,0,0,0,0,0
e52f2f2de.jpg,1,1,1,1,10852,10852,0,0,0,1,0,0,0
e5396a44e.jpg,1,1,3,3,41600,0,0,41600,0,0,0,1,0
e54b50c33.jpg,0,0,,0,0,0,0,0,0,0,0,0,0
e55bc715f.jpg,1,1,4,4,5058,0,0,0,5058,0,0,0,1
e564abf31.jpg,0,0,,0,0,0,0,0,0,0,0,0,0
e56c928ee.jpg,1,1,3,3,49862,0,0,49862,0,0,0,1,0
e56d5dfde.jpg,1,1,2,2,1537,0,1537,0,0,0,1,0,0
e56f52c1e.jpg,1,1,2,2,3112,0,3112,0,0,0,1,0,0
e573261f9.jpg,0,0,,0,0,0,0,0,0,0,0,0,0
e573ac857.jpg,1,2,3|4,4,33586,0,0,16695,16891,0,0,1,1
e57c6ff76.jpg,1,1,3,3,8669,0,0,8669,0,0,0,1,0
e57efd4b4.jpg,1,1,3,3,1825,0,0,1825,0,0,0,1,0
e5875ecbd.jpg,0,0,,0,0,0,0,0,0,0,0,0,0
e58764ee5.jpg,1,1,3,3,3704,0,0,3704,0,0,0,1,0
e589cb68b.jpg,1,1,3,3,69352,0,0,69352,0,0,0,1,0
e58a3db1c.jpg,0,0,,0,0,0,0,0,0,0,0,0,0
e58d23f69.jpg,0,0,,0,0,0,0,0,0,0,0,0,0
e59a4b5cb.jpg,1,1,2,2,4487,0,4487,0,0,0,1,0,0
e59ee3b8e.jpg,0,0,,0,0,0,0,0,0,0,0,0,0
e5a19c1ea.jpg,0,0,,0,0,0,0,0,0,0,0,0,0
e5a59184b.jpg,1,1,3,3,146803,0,0,146803,0,0,0,1,0
e5acd8af8.jpg,1,1,3,3,38820,0,0,38820,0,0,0,1,0
e5b65b5ec.jpg,1,1,3,3,2166,0,0,2166,0,0,0,1,0
e5c50b997.jpg,1,1,3,3,2258,0,0,2258,0,0,0,1,0
e5cc898b6.jpg,1,1,3,3,44039,0,0,44039,0,0,0,1,0
e5ccbb1b8.jpg,0,0,,0,0,0,0,0,0,0,0,0,0
e5d954e34.jpg,1,1,3,3,13773,0,0,13773,0,0,0,1,0
e5dc1f3a9.jpg,0,0,,0,0,0,0,0,0,0,0,0,0
e5dd1ea97.jpg,1,1,3,3,45327,0,0,45327,0,0,0,1,0
e5dfaf632.jpg,1,1,3,3,9366,0,0,9366,0,0,0,1,0
e5e0fe470.jpg,1,1,3,3,88647,0,0,88647,0,0,0,1,0
e5e22441b.jpg,0,0,,0,0,0,0,0,0,0,0,0,0
e5ea04944.jpg,1,1,3,3,30781,0,0,30781,0,0,0,1,0
e5f1d5a38.jpg,1,1,3,3,12638,0,0,12638,0,0,0,1,0
e5f9a5bb9.jpg,1,2,3|4,4,76675,0,0,9483,67192,0,0,1,1
e6042b9a7.jpg,0,0,,0,0,0,0,0,0,0,0,0,0
e60c46d38.jpg,0,0,,0,0,0,0,0,0,0,0,0,0
e6123fb08.jpg,1,1,1,1,3156,3156,0,0,0,1,0,0,0
e616ad745.jpg,1,1,3,3,20256,0,0,20256,0,0,0,1,0
e616d2879.jpg,0,0,,0,0,0,0,0,0,0,0,0,0
e6207db1a.jpg,0,0,,0,0,0,0,0,0,0,0,0,0
e622e319f.jpg,1,1,3,3,4492,0,0,4492,0,0,0,1,0
e626f4152.jpg,0,0,,0,0,0,0,0,0,0,0,0,0
e628d230c.jpg,1,1,3,3,4318,0,0,4318,0,0,0,1,0
e63a509d7.jpg,0,0,,0,0,0,0,0,0,0,0,0,0
e63aa9aaa.jpg,1,1,3,3,31349,0,0,31349,0,0,0,1,0
e63ad114c.jpg,1,1,3,3,6486,0,0,6486,0,0,0,1,0
e642dfc8d.jpg,0,0,,0,0,0,0,0,0,0,0,0,0
e658a2891.jpg,1,1,3,3,41086,0,0,41086,0,0,0,1,0
e658c360c.jpg,0,0,,0,0,0,0,0,0,0,0,0,0
e65c374a9.jpg,0,0,,0,0,0,0,0,0,0,0,0,0
e65e78f68.jpg,0,0,,0,0,0,0,0,0,0,0,0,0
e6654d18f.jpg,0,0,,0,0,0,0,0,0,0,0,0,0
e665a434f.jpg,1,1,3,3,7307,0,0,7307,0,0,0,1,0
e6678c621.jpg,0,0,,0,0,0,0,0,0,0,0,0,0
e667de6f9.jpg,1,1,1,1,1759,1759,0,0,0,1,0,0,0
e668e4735.jpg,0,0,,0,0,0,0,0,0,0,0,0,0
e669ef644.jpg,1,1,3,3,3026,0,0,3026,0,0,0,1,0
e66eb3d68.jpg,1,1,3,3,30141,0,0,30141,0,0,0,1,0
e66ed68e9.jpg,0,0,,0,0,0,0,0,0,0,0,0,0
e66f146bd.jpg,0,0,,0,0,0,0,0,0,0,0,0,0
e67d2a5b6.jpg,0,0,,0,0,0,0,0,0,0,0,0,0
e67ffcc83.jpg,1,1,3,3,16325,0,0,16325,0,0,0,1,0
e685f521b.jpg,1,1,3,3,8448,0,0,8448,0,0,0,1,0
e6866fc42.jpg,0,0,,0,0,0,0,0,0,0,0,0,0
e687fcab8.jpg,0,0,,0,0,0,0,0,0,0,0,0,0
e690329c1.jpg,1,1,3,3,14106,0,0,14106,0,0,0,1,0
e696ac71b.jpg,1,1,3,3,16085,0,0,16085,0,0,0,1,0
e6a44cda3.jpg,1,1,3,3,6218,0,0,6218,0,0,0,1,0
e6ac69712.jpg,1,1,2,2,2020,0,2020,0,0,0,1,0,0
e6ae8285e.jpg,0,0,,0,0,0,0,0,0,0,0,0,0
e6b97f991.jpg,1,1,3,3,11026,0,0,11026,0,0,0,1,0
e6bf1f9ef.jpg,0,0,,0,0,0,0,0,0,0,0,0,0
e6bf58db7.jpg,1,1,3,3,13370,0,0,13370,0,0,0,1,0
e6c0fca2a.jpg,0,0,,0,0,0,0,0,0,0,0,0,0
e6c277ee2.jpg,0,0,,0,0,0,0,0,0,0,0,0,0
e6c32de72.jpg,1,1,3,3,10869,0,0,10869,0,0,0,1,0
e6c3e78f4.jpg,0,0,,0,0,0,0,0,0,0,0,0,0
e6c67a7f2.jpg,0,0,,0,0,0,0,0,0,0,0,0,0
e6c89d5fd.jpg,1,1,3,3,35056,0,0,35056,0,0,0,1,0
e6c97a0fe.jpg,0,0,,0,0,0,0,0,0,0,0,0,0
e6c9dba7f.jpg,0,0,,0,0,0,0,0,0,0,0,0,0
e6d535148.jpg,0,0,,0,0,0,0,0,0,0,0,0,0
e6d66fce2.jpg,0,0,,0,0,0,0,0,0,0,0,0,0
e6da1179b.jpg,0,0,,0,0,0,0,0,0,0,0,0,0
e6f273c0f.jpg,0,0,,0,0,0,0,0,0,0,0,0,0
e6f8789d6.jpg,1,1,3,3,8742,0,0,8742,0,0,0,1,0
e6f9e427b.jpg,0,0,,0,0,0,0,0,0,0,0,0,0
e6fd24165.jpg,1,1,3,3,35604,0,0,35604,0,0,0,1,0
e6feea803.jpg,1,2,1|3,1,9257,7450,0,1807,0,1,0,1,0
e7016d2fe.jpg,0,0,,0,0,0,0,0,0,0,0,0,0
e7047e396.jpg,1,1,3,3,9088,0,0,9088,0,0,0,1,0
e70c4768b.jpg,1,1,3,3,15817,0,0,15817,0,0,0,1,0
e715ab77a.jpg,0,0,,0,0,0,0,0,0,0,0,0,0
e717b8fb9.jpg,0,0,,0,0,0,0,0,0,0,0,0,0
e717ccca6.jpg,1,1,3,3,20455,0,0,20455,0,0,0,1,0
e72232b05.jpg,0,0,,0,0,0,0,0,0,0,0,0,0
e7268620b.jpg,1,1,3,3,52168,0,0,52168,0,0,0,1,0
e72dc1d19.jpg,1,1,3,3,36947,0,0,36947,0,0,0,1,0
e72f4f080.jpg,0,0,,0,0,0,0,0,0,0,0,0,0
e736e9daf.jpg,0,0,,0,0,0,0,0,0,0,0,0,0
e73e6271d.jpg,0,0,,0,0,0,0,0,0,0,0,0,0
e741e43bd.jpg,1,1,3,3,8054,0,0,8054,0,0,0,1,0
e744a55c6.jpg,1,1,3,3,10827,0,0,10827,0,0,0,1,0
e74522431.jpg,0,0,,0,0,0,0,0,0,0,0,0,0
e745c7388.jpg,1,1,3,3,1717,0,0,1717,0,0,0,1,0
e74cf51d9.jpg,1,1,3,3,11453,0,0,11453,0,0,0,1,0
e75c7bbd9.jpg,1,1,1,1,3484,3484,0,0,0,1,0,0,0
e75d92916.jpg,0,0,,0,0,0,0,0,0,0,0,0,0
e7634e770.jpg,1,1,3,3,49959,0,0,49959,0,0,0,1,0
e764efaa9.jpg,1,1,3,3,17215,0,0,17215,0,0,0,1,0
e76e3e8a5.jpg,1,1,1,1,4396,4396,0,0,0,1,0,0,0
e7758b305.jpg,1,1,1,1,746,746,0,0,0,1,0,0,0
e77710d02.jpg,1,1,1,1,1504,1504,0,0,0,1,0,0,0
e77ab758f.jpg,0,0,,0,0,0,0,0,0,0,0,0,0
e77b1fe1c.jpg,0,0,,0,0,0,0,0,0,0,0,0,0
e77d57652.jpg,1,1,2,2,2850,0,2850,0,0,0,1,0,0
e78034bbe.jpg,0,0,,0,0,0,0,0,0,0,0,0,0
e78a524d2.jpg,0,0,,0,0,0,0,0,0,0,0,0,0
e78fbf89f.jpg,0,0,,0,0,0,0,0,0,0,0,0,0
e7916b283.jpg,0,0,,0,0,0,0,0,0,0,0,0,0
e7a980a8f.jpg,0,0,,0,0,0,0,0,0,0,0,0,0
e7aa7746f.jpg,1,1,3,3,18136,0,0,18136,0,0,0,1,0
e7aec2b3d.jpg,1,1,3,3,10169,0,0,10169,0,0,0,1,0
e7aff0392.jpg,1,1,3,3,2297,0,0,2297,0,0,0,1,0
e7b061629.jpg,1,1,3,3,8192,0,0,8192,0,0,0,1,0
e7bfb9172.jpg,0,0,,0,0,0,0,0,0,0,0,0,0
e7c3d93b7.jpg,0,0,,0,0,0,0,0,0,0,0,0,0
e7c69aea5.jpg,1,1,3,3,3910,0,0,3910,0,0,0,1,0
e7c8bb535.jpg,0,0,,0,0,0,0,0,0,0,0,0,0
e7c915edc.jpg,1,1,3,3,7919,0,0,7919,0,0,0,1,0
e7ca69c59.jpg,0,0,,0,0,0,0,0,0,0,0,0,0
e7ced5b76.jpg,1,1,3,3,5840,0,0,5840,0,0,0,1,0
e7d7c87e2.jpg,1,1,3,3,10842,0,0,10842,0,0,0,1,0
e7deb929f.jpg,1,1,3,3,19904,0,0,19904,0,0,0,1,0
e7e2036ef.jpg,1,1,3,3,31327,0,0,31327,0,0,0,1,0
e7e3c3df2.jpg,0,0,,0,0,0,0,0,0,0,0,0,0
e7e8fd526.jpg,0,0,,0,0,0,0,0,0,0,0,0,0
e7eebb438.jpg,1,1,1,1,4094,4094,0,0,0,1,0,0,0
e7f6f95c4.jpg,0,0,,0,0,0,0,0,0,0,0,0,0
e7fb372da.jpg,1,1,3,3,25160,0,0,25160,0,0,0,1,0
e806a6fd3.jpg,1,1,3,3,2012,0,0,2012,0,0,0,1,0
e808d020e.jpg,1,1,3,3,67161,0,0,67161,0,0,0,1,0
e81458200.jpg,0,0,,0,0,0,0,0,0,0,0,0,0
e816d6d9a.jpg,1,1,1,1,1978,1978,0,0,0,1,0,0,0
e81ee8548.jpg,1,1,3,3,102471,0,0,102471,0,0,0,1,0
e8226144f.jpg,1,1,3,3,9423,0,0,9423,0,0,0,1,0
e831de714.jpg,1,1,3,3,33269,0,0,33269,0,0,0,1,0
e8340339d.jpg,1,1,3,3,25511,0,0,25511,0,0,0,1,0
e837ab860.jpg,0,0,,0,0,0,0,0,0,0,0,0,0
e83d27de8.jpg,1,1,3,3,36227,0,0,36227,0,0,0,1,0
e840cf262.jpg,1,1,3,3,4332,0,0,4332,0,0,0,1,0
e848a32dd.jpg,1,1,1,1,3631,3631,0,0,0,1,0,0,0
e850c3a86.jpg,0,0,,0,0,0,0,0,0,0,0,0,0
e851fc03a.jpg,1,1,1,1,2012,2012,0,0,0,1,0,0,0
e857c7372.jpg,1,1,1,1,1074,1074,0,0,0,1,0,0,0
e859410a7.jpg,0,0,,0,0,0,0,0,0,0,0,0,0
e862448c8.jpg,0,0,,0,0,0,0,0,0,0,0,0,0
e863b1467.jpg,1,1,3,3,42659,0,0,42659,0,0,0,1,0
e865201fb.jpg,0,0,,0,0,0,0,0,0,0,0,0,0
e8673ecfe.jpg,0,0,,0,0,0,0,0,0,0,0,0,0
e868908d6.jpg,1,1,3,3,16666,0,0,16666,0,0,0,1,0
e869118bb.jpg,1,1,3,3,12153,0,0,12153,0,0,0,1,0
e869869f0.jpg,0,0,,0,0,0,0,0,0,0,0,0,0
e86b2f3e2.jpg,1,1,2,2,1438,0,1438,0,0,0,1,0,0
e86fa030c.jpg,0,0,,0,0,0,0,0,0,0,0,0,0
e8748c3e9.jpg,0,0,,0,0,0,0,0,0,0,0,0,0
e874f3235.jpg,1,1,3,3,1717,0,0,1717,0,0,0,1,0
e880e3468.jpg,1,1,3,3,30266,0,0,30266,0,0,0,1,0
e8814afd2.jpg,1,1,4,4,12601,0,0,0,12601,0,0,0,1
e8843df4c.jpg,0,0,,0,0,0,0,0,0,0,0,0,0
e8986ebbe.jpg,0,0,,0,0,0,0,0,0,0,0,0,0
e899be178.jpg,0,0,,0,0,0,0,0,0,0,0,0,0
e89c99064.jpg,1,1,3,3,40885,0,0,40885,0,0,0,1,0
e89d1f0d8.jpg,1,1,3,3,191174,0,0,191174,0,0,0,1,0
e89dfa2ad.jpg,0,0,,0,0,0,0,0,0,0,0,0,0
e89f352f1.jpg,0,0,,0,0,0,0,0,0,0,0,0,0
e8a04b4f8.jpg,1,1,3,3,1662,0,0,1662,0,0,0,1,0
e8a40861a.jpg,1,1,3,3,34494,0,0,34494,0,0,0,1,0
e8a8676e0.jpg,0,0,,0,0,0,0,0,0,0,0,0,0
e8aacce9c.jpg,1,1,3,3,16288,0,0,16288,0,0,0,1,0
e8b114d2a.jpg,0,0,,0,0,0,0,0,0,0,0,0,0
e8b4ddc4d.jpg,1,1,2,2,1215,0,1215,0,0,0,1,0,0
e8c73d030.jpg,1,1,3,3,2824,0,0,2824,0,0,0,1,0
e8ea20f7f.jpg,1,1,3,3,21487,0,0,21487,0,0,0,1,0
e8f6b3f16.jpg,0,0,,0,0,0,0,0,0,0,0,0,0
e8fefd824.jpg,1,1,3,3,17121,0,0,17121,0,0,0,1,0
e9068360c.jpg,0,0,,0,0,0,0,0,0,0,0,0,0
e90b5cff0.jpg,0,0,,0,0,0,0,0,0,0,0,0,0
e90bfe49b.jpg,0,0,,0,0,0,0,0,0,0,0,0,0
e90c62d96.jpg,0,0,,0,0,0,0,0,0,0,0,0,0
e90e3e9e3.jpg,1,1,3,3,3853,0,0,3853,0,0,0,1,0
e91814529.jpg,1,1,1,1,952,952,0,0,0,1,0,0,0
e91e8cf28.jpg,0,0,,0,0,0,0,0,0,0,0,0,0
e91f2be81.jpg,0,0,,0,0,0,0,0,0,0,0,0,0
e92a31190.jpg,0,0,,0,0,0,0,0,0,0,0,0,0
e9309d54e.jpg,0,0,,0,0,0,0,0,0,0,0,0,0
e93bfa412.jpg,1,2,3|4,4,57201,0,0,12547,44654,0,0,1,1
e93c77e0f.jpg,0,0,,0,0,0,0,0,0,0,0,0,0
e93f92e53.jpg,0,0,,0,0,0,0,0,0,0,0,0,0
e941885fb.jpg,1,1,1,1,3048,3048,0,0,0,1,0,0,0
e943bbc5b.jpg,0,0,,0,0,0,0,0,0,0,0,0,0
e9463eb04.jpg,1,1,3,3,15689,0,0,15689,0,0,0,1,0
e95faa0b1.jpg,1,1,3,3,9560,0,0,9560,0,0,0,1,0
e96249f5a.jpg,1,2,3|4,3,23510,0,0,11825,11685,0,0,1,1
e97006670.jpg,1,2,1|2,2,4609,2067,2542,0,0,1,1,0,0
e970f97d5.jpg,0,0,,0,0,0,0,0,0,0,0,0,0
e98824ca8.jpg,1,1,3,3,28160,0,0,28160,0,0,0,1,0
e98a1dd4a.jpg,0,0,,0,0,0,0,0,0,0,0,0,0
e98ffbe3d.jpg,1,1,3,3,10138,0,0,10138,0,0,0,1,0
e998b2a8c.jpg,0,0,,0,0,0,0,0,0,0,0,0,0
e9a938877.jpg,1,1,2,2,4736,0,4736,0,0,0,1,0,0
e9ab2fa1c.jpg,0,0,,0,0,0,0,0,0,0,0,0,0
e9b05db06.jpg,0,0,,0,0,0,0,0,0,0,0,0,0
e9b0ea466.jpg,0,0,,0,0,0,0,0,0,0,0,0,0
e9b10d130.jpg,0,0,,0,0,0,0,0,0,0,0,0,0
e9b77950e.jpg,1,2,1|3,3,1091,264,0,827,0,1,0,1,0
e9ba8349b.jpg,0,0,,0,0,0,0,0,0,0,0,0,0
e9bb31483.jpg,0,0,,0,0,0,0,0,0,0,0,0,0
e9c4686f0.jpg,1,1,3,3,2775,0,0,2775,0,0,0,1,0
e9c57b010.jpg,1,2,3|4,4,84414,0,0,16293,68121,0,0,1,1
e9c9ac12d.jpg,1,1,3,3,27317,0,0,27317,0,0,0,1,0
e9ccb6f17.jpg,1,1,3,3,5628,0,0,5628,0,0,0,1,0
e9ccf81cf.jpg,1,1,1,1,7044,7044,0,0,0,1,0,0,0
e9ccfe4b5.jpg,0,0,,0,0,0,0,0,0,0,0,0,0
e9cd3ae87.jpg,0,0,,0,0,0,0,0,0,0,0,0,0
e9cff204e.jpg,0,0,,0,0,0,0,0,0,0,0,0,0
e9d0de676.jpg,1,1,3,3,22521,0,0,22521,0,0,0,1,0
e9d556855.jpg,0,0,,0,0,0,0,0,0,0,0,0,0
e9d70c726.jpg,0,0,,0,0,0,0,0,0,0,0,0,0
e9e04715b.jpg,1,1,4,4,8761,0,0,0,8761,0,0,0,1
e9e65d5f1.jpg,0,0,,0,0,0,0,0,0,0,0,0,0
e9e95609c.jpg,0,0,,0,0,0,0,0,0,0,0,0,0
e9eb5a464.jpg,0,0,,0,0,0,0,0,0,0,0,0,0
e9ed21340.jpg,1,1,3,3,29056,0,0,29056,0,0,0,1,0
e9f18d64d.jpg,0,0,,0,0,0,0,0,0,0,0,0,0
e9f4baa36.jpg,1,1,1,1,2120,2120,0,0,0,1,0,0,0
e9fa75516.jpg,1,1,3,3,4172,0,0,4172,0,0,0,1,0
ea0cac9af.jpg,0,0,,0,0,0,0,0,0,0,0,0,0
ea13e9557.jpg,1,1,3,3,14732,0,0,14732,0,0,0,1,0
ea168de6c.jpg,1,1,3,3,209276,0,0,209276,0,0,0,1,0
ea17260aa.jpg,0,0,,0,0,0,0,0,0,0,0,0,0
ea1e42b6a.jpg,1,1,3,3,8350,0,0,8350,0,0,0,1,0
ea23dae53.jpg,1,1,3,3,2680,0,0,2680,0,0,0,1,0
ea28bb97c.jpg,1,1,3,3,6987,0,0,6987,0,0,0,1,0
ea2ebb194.jpg,1,1,3,3,28422,0,0,28422,0,0,0,1,0
ea2f3714a.jpg,0,0,,0,0,0,0,0,0,0,0,0,0
ea30f095d.jpg,1,1,3,3,7385,0,0,7385,0,0,0,1,0
ea3af526f.jpg,0,0,,0,0,0,0,0,0,0,0,0,0
ea414b9da.jpg,0,0,,0,0,0,0,0,0,0,0,0,0
ea463471d.jpg,1,1,3,3,6844,0,0,6844,0,0,0,1,0
ea476b31f.jpg,1,1,3,3,25944,0,0,25944,0,0,0,1,0
ea48b3962.jpg,0,0,,0,0,0,0,0,0,0,0,0,0
ea497a14e.jpg,0,0,,0,0,0,0,0,0,0,0,0,0
ea4f8eb1d.jpg,1,1,3,3,59721,0,0,59721,0,0,0,1,0
ea54f9247.jpg,1,1,3,3,2666,0,0,2666,0,0,0,1,0
ea56440ac.jpg,0,0,,0,0,0,0,0,0,0,0,0,0
ea5c8ec19.jpg,1,1,3,3,22963,0,0,22963,0,0,0,1,0
ea5d87b7d.jpg,0,0,,0,0,0,0,0,0,0,0,0,0
ea6227174.jpg,1,2,3|4,3,54485,0,0,32733,21752,0,0,1,1
ea64f7fc8.jpg,0,0,,0,0,0,0,0,0,0,0,0,0
ea675dd1e.jpg,1,1,3,3,57036,0,0,57036,0,0,0,1,0
ea69073bd.jpg,1,1,3,3,8526,0,0,8526,0,0,0,1,0
ea699b78f.jpg,0,0,,0,0,0,0,0,0,0,0,0,0
ea766c268.jpg,0,0,,0,0,0,0,0,0,0,0,0,0
ea7752e39.jpg,0,0,,0,0,0,0,0,0,0,0,0,0
ea7a4f8ca.jpg,0,0,,0,0,0,0,0,0,0,0,0,0
ea80c7670.jpg,0,0,,0,0,0,0,0,0,0,0,0,0
ea87a105c.jpg,0,0,,0,0,0,0,0,0,0,0,0,0
ea8acd661.jpg,1,1,3,3,5680,0,0,5680,0,0,0,1,0
ea8e93bb5.jpg,1,1,1,1,1034,1034,0,0,0,1,0,0,0
ea970bedf.jpg,1,1,3,3,14358,0,0,14358,0,0,0,1,0
ea9f9985a.jpg,1,2,3|4,4,33199,0,0,10398,22801,0,0,1,1
eaa65effb.jpg,1,1,4,4,14434,0,0,0,14434,0,0,0,1
eaaa61b15.jpg,1,1,3,3,8494,0,0,8494,0,0,0,1,0
eab4edf22.jpg,1,1,3,3,5487,0,0,5487,0,0,0,1,0
eab6bfdea.jpg,1,1,3,3,1861,0,0,1861,0,0,0,1,0
eab9d667f.jpg,1,1,3,3,5028,0,0,5028,0,0,0,1,0
eabbbc433.jpg,0,0,,0,0,0,0,0,0,0,0,0,0
eabd4acaa.jpg,1,1,3,3,570,0,0,570,0,0,0,1,0
ead245f1f.jpg,0,0,,0,0,0,0,0,0,0,0,0,0
ead253ed7.jpg,1,1,3,3,1792,0,0,1792,0,0,0,1,0
ead262ba8.jpg,0,0,,0,0,0,0,0,0,0,0,0,0
ead7d8e70.jpg,0,0,,0,0,0,0,0,0,0,0,0,0
eadff74bc.jpg,1,1,3,3,29508,0,0,29508,0,0,0,1,0
eae840b74.jpg,1,1,3,3,1486,0,0,1486,0,0,0,1,0
eae952e95.jpg,0,0,,0,0,0,0,0,0,0,0,0,0
eaebc549c.jpg,1,1,3,3,5519,0,0,5519,0,0,0,1,0
eaf7443a7.jpg,1,1,3,3,62018,0,0,62018,0,0,0,1,0
eafa8d983.jpg,0,0,,0,0,0,0,0,0,0,0,0,0
eb082ef3e.jpg,0,0,,0,0,0,0,0,0,0,0,0,0
eb0969906.jpg,1,1,3,3,9103,0,0,9103,0,0,0,1,0
eb0c5c725.jpg,0,0,,0,0,0,0,0,0,0,0,0,0
eb10d7ae4.jpg,1,1,3,3,17797,0,0,17797,0,0,0,1,0
eb1195bcc.jpg,1,1,4,4,21692,0,0,0,21692,0,0,0,1
eb18f69ed.jpg,1,1,3,3,10875,0,0,10875,0,0,0,1,0
eb1f38f03.jpg,1,2,3|4,4,46710,0,0,23342,23368,0,0,1,1
eb2008abd.jpg,1,1,3,3,34603,0,0,34603,0,0,0,1,0
eb27105ee.jpg,0,0,,0,0,0,0,0,0,0,0,0,0
eb2b64947.jpg,0,0,,0,0,0,0,0,0,0,0,0,0
eb2b76683.jpg,1,1,1,1,528,528,0,0,0,1,0,0,0
eb38788df.jpg,0,0,,0,0,0,0,0,0,0,0,0,0
eb3f5c9c8.jpg,1,1,3,3,38193,0,0,38193,0,0,0,1,0
eb41bc619.jpg,0,0,,0,0,0,0,0,0,0,0,0,0
eb4225311.jpg,1,1,3,3,2848,0,0,2848,0,0,0,1,0
eb44ad79d.jpg,1,2,3|4,4,61804,0,0,21818,39986,0,0,1,1
eb4c89edf.jpg,1,1,3,3,23652,0,0,23652,0,0,0,1,0
eb529d1e2.jpg,0,0,,0,0,0,0,0,0,0,0,0,0
eb5677124.jpg,0,0,,0,0,0,0,0,0,0,0,0,0
eb5a90623.jpg,0,0,,0,0,0,0,0,0,0,0,0,0
eb5aec756.jpg,0,0,,0,0,0,0,0,0,0,0,0,0
eb5d79866.jpg,1,2,3|4,3,35251,0,0,33449,1802,0,0,1,1
eb6240583.jpg,0,0,,0,0,0,0,0,0,0,0,0,0
eb62ffab1.jpg,0,0,,0,0,0,0,0,0,0,0,0,0
eb630c931.jpg,1,1,1,1,1116,1116,0,0,0,1,0,0,0
eb68932f0.jpg,0,0,,0,0,0,0,0,0,0,0,0,0
eb6983d21.jpg,1,1,3,3,7292,0,0,7292,0,0,0,1,0
eb6e21966.jpg,0,0,,0,0,0,0,0,0,0,0,0,0
eb7ec1f85.jpg,1,1,3,3,45157,0,0,45157,0,0,0,1,0
eb81bea67.jpg,1,1,3,3,1719,0,0,1719,0,0,0,1,0
eb8aa849b.jpg,1,1,3,3,1748,0,0,1748,0,0,0,1,0
eb8fe7e47.jpg,1,1,3,3,11904,0,0,11904,0,0,0,1,0
eb9a7b893.jpg,0,0,,0,0,0,0,0,0,0,0,0,0
eba3998d7.jpg,0,0,,0,0,0,0,0,0,0,0,0,0
eba817e8d.jpg,1,1,3,3,19655,0,0,19655,0,0,0,1,0
ebb794625.jpg,0,0,,0,0,0,0,0,0,0,0,0,0
ebb817ec9.jpg,1,1,4,4,13620,0,0,0,13620,0,0,0,1
ebb8247c6.jpg,0,0,,0,0,0,0,0,0,0,0,0,0
ebce68542.jpg,1,1,3,3,6963,0,0,6963,0,0,0,1,0
ebcfa79fd.jpg,1,1,3,3,233493,0,0,233493,0,0,0,1,0
ebd992f54.jpg,0,0,,0,0,0,0,0,0,0,0,0,0
ebdc35de8.jpg,1,1,2,2,3678,0,3678,0,0,0,1,0,0
ebde18416.jpg,0,0,,0,0,0,0,0,0,0,0,0,0
ebe0d614b.jpg,1,1,3,3,123141,0,0,123141,0,0,0,1,0
ebe4ba4f4.jpg,0,0,,0,0,0,0,0,0,0,0,0,0
ebeaefa1b.jpg,0,0,,0,0,0,0,0,0,0,0,0,0
ebedf35c7.jpg,1,1,3,3,68683,0,0,68683,0,0,0,1,0
ebf129ba9.jpg,0,0,,0,0,0,0,0,0,0,0,0,0
ebf1e3a5e.jpg,0,0,,0,0,0,0,0,0,0,0,0,0
ebfa0cc57.jpg,0,0,,0,0,0,0,0,0,0,0,0,0
ebfe6e61d.jpg,0,0,,0,0,0,0,0,0,0,0,0,0
ebffb5d31.jpg,1,1,3,3,46131,0,0,46131,0,0,0,1,0
ec0c4dd47.jpg,1,1,3,3,24651,0,0,24651,0,0,0,1,0
ec0e3a1c2.jpg,1,1,3,3,274,0,0,274,0,0,0,1,0
ec10e45db.jpg,1,1,4,4,101415,0,0,0,101415,0,0,0,1
ec1ab47d4.jpg,0,0,,0,0,0,0,0,0,0,0,0,0
ec1ffc4eb.jpg,1,1,3,3,12940,0,0,12940,0,0,0,1,0
ec2ade8c1.jpg,0,0,,0,0,0,0,0,0,0,0,0,0
ec2ce528a.jpg,0,0,,0,0,0,0,0,0,0,0,0,0
ec37ebae6.jpg,1,1,3,3,15190,0,0,15190,0,0,0,1,0
ec3e9deb2.jpg,0,0,,0,0,0,0,0,0,0,0,0,0
ec3f302f2.jpg,1,1,3,3,3210,0,0,3210,0,0,0,1,0
ec3fe85d6.jpg,1,2,3|4,4,26568,0,0,3509,23059,0,0,1,1
ec4b5010d.jpg,0,0,,0,0,0,0,0,0,0,0,0,0
ec52fac2d.jpg,1,1,3,3,4815,0,0,4815,0,0,0,1,0
ec58aa10d.jpg,1,1,3,3,41724,0,0,41724,0,0,0,1,0
ec5949047.jpg,0,0,,0,0,0,0,0,0,0,0,0,0
ec5abc2f0.jpg,1,1,3,3,8249,0,0,8249,0,0,0,1,0
ec6a951ba.jpg,1,1,3,3,25101,0,0,25101,0,0,0,1,0
ec6d6e7ea.jpg,0,0,,0,0,0,0,0,0,0,0,0,0
ec6e13f9c.jpg,0,0,,0,0,0,0,0,0,0,0,0,0
ec72d1ebd.jpg,0,0,,0,0,0,0,0,0,0,0,0,0
ec80b6b6d.jpg,0,0,,0,0,0,0,0,0,0,0,0,0
ec87938ad.jpg,0,0,,0,0,0,0,0,0,0,0,0,0
ec8c34113.jpg,1,1,1,1,1118,1118,0,0,0,1,0,0,0
ec90adfcb.jpg,0,0,,0,0,0,0,0,0,0,0,0,0
ec921fcc7.jpg,1,1,3,3,1594,0,0,1594,0,0,0,1,0
ec9f97e66.jpg,1,1,1,1,12884,12884,0,0,0,1,0,0,0
eca0aa4ff.jpg,1,1,3,3,6680,0,0,6680,0,0,0,1,0
eca85078d.jpg,0,0,,0,0,0,0,0,0,0,0,0,0
ecad316bb.jpg,1,1,3,3,1575,0,0,1575,0,0,0,1,0
ecb2bea37.jpg,0,0,,0,0,0,0,0,0,0,0,0,0
ecb3a4be6.jpg,1,1,3,3,74678,0,0,74678,0,0,0,1,0
ecb50399d.jpg,1,1,4,4,73735,0,0,0,73735,0,0,0,1
ecbab23d0.jpg,1,1,3,3,3066,0,0,3066,0,0,0,1,0
ecc0bf094.jpg,1,1,3,3,7975,0,0,7975,0,0,0,1,0
ecc3a7d10.jpg,0,0,,0,0,0,0,0,0,0,0,0,0
ecca5b079.jpg,1,1,3,3,29244,0,0,29244,0,0,0,1,0
ecd0a3e9d.jpg,0,0,,0,0,0,0,0,0,0,0,0,0
ecd0a7a42.jpg,1,1,2,2,1745,0,1745,0,0,0,1,0,0
ecd358e7b.jpg,0,0,,0,0,0,0,0,0,0,0,0,0
ecd7ecf7e.jpg,1,1,3,3,8259,0,0,8259,0,0,0,1,0
ecd8fc5e7.jpg,0,0,,0,0,0,0,0,0,0,0,0,0
ecdebc6ad.jpg,1,1,3,3,2460,0,0,2460,0,0,0,1,0
ece053dec.jpg,0,0,,0,0,0,0,0,0,0,0,0,0
eceb96837.jpg,1,1,3,3,29761,0,0,29761,0,0,0,1,0
ecf1f5bb7.jpg,0,0,,0,0,0,0,0,0,0,0,0,0
ed0d0866c.jpg,0,0,,0,0,0,0,0,0,0,0,0,0
ed1c6be8d.jpg,1,1,3,3,1676,0,0,1676,0,0,0,1,0
ed1e66f9c.jpg,1,1,3,3,39808,0,0,39808,0,0,0,1,0
ed22af554.jpg,1,1,3,3,7858,0,0,7858,0,0,0,1,0
ed2871d8f.jpg,0,0,,0,0,0,0,0,0,0,0,0,0
ed2d06ff7.jpg,1,1,1,1,2202,2202,0,0,0,1,0,0,0
ed30f8ba4.jpg,0,0,,0,0,0,0,0,0,0,0,0,0
ed3276a76.jpg,1,1,1,1,8505,8505,0,0,0,1,0,0,0
ed32e2939.jpg,0,0,,0,0,0,0,0,0,0,0,0,0
ed3615966.jpg,1,1,3,3,17267,0,0,17267,0,0,0,1,0
ed3942a81.jpg,0,0,,0,0,0,0,0,0,0,0,0,0
ed3f080c3.jpg,1,1,1,1,15120,15120,0,0,0,1,0,0,0
ed466b4df.jpg,0,0,,0,0,0,0,0,0,0,0,0,0
ed4b2a7b2.jpg,0,0,,0,0,0,0,0,0,0,0,0,0
ed4cff821.jpg,0,0,,0,0,0,0,0,0,0,0,0,0
ed4db5cf7.jpg,1,1,3,3,65765,0,0,65765,0,0,0,1,0
ed5030539.jpg,0,0,,0,0,0,0,0,0,0,0,0,0
ed54a41e1.jpg,1,1,3,3,154365,0,0,154365,0,0,0,1,0
ed5d6f10a.jpg,1,1,1,1,8197,8197,0,0,0,1,0,0,0
ed60642e0.jpg,0,0,,0,0,0,0,0,0,0,0,0,0
ed62608bc.jpg,0,0,,0,0,0,0,0,0,0,0,0,0
ed64babcf.jpg,0,0,,0,0,0,0,0,0,0,0,0,0
ed69c5fcf.jpg,1,1,1,1,3148,3148,0,0,0,1,0,0,0
ed73c3216.jpg,0,0,,0,0,0,0,0,0,0,0,0,0
ed7b0a225.jpg,0,0,,0,0,0,0,0,0,0,0,0,0
ed861754e.jpg,1,1,3,3,64918,0,0,64918,0,0,0,1,0
ed8678cea.jpg,1,1,1,1,3056,3056,0,0,0,1,0,0,0
ed8985a80.jpg,0,0,,0,0,0,0,0,0,0,0,0,0
ed8d0e78c.jpg,1,1,3,3,22598,0,0,22598,0,0,0,1,0
ed8edd8a1.jpg,0,0,,0,0,0,0,0,0,0,0,0,0
ed9182a4f.jpg,0,0,,0,0,0,0,0,0,0,0,0,0
ed94e8b34.jpg,1,1,3,3,86777,0,0,86777,0,0,0,1,0
ed992aa5a.jpg,0,0,,0,0,0,0,0,0,0,0,0,0
ed9f33dc2.jpg,1,1,3,3,57023,0,0,57023,0,0,0,1,0
ed9f593a2.jpg,1,1,2,2,1624,0,1624,0,0,0,1,0,0
eda0fd38d.jpg,0,0,,0,0,0,0,0,0,0,0,0,0
eda5114ee.jpg,1,1,3,3,36627,0,0,36627,0,0,0,1,0
edb00bf08.jpg,0,0,,0,0,0,0,0,0,0,0,0,0
edb2ae02b.jpg,0,0,,0,0,0,0,0,0,0,0,0,0
edb3ff5b5.jpg,1,1,3,3,4262,0,0,4262,0,0,0,1,0
edbb46a8e.jpg,1,1,3,3,32561,0,0,32561,0,0,0,1,0
edbd80289.jpg,1,1,3,3,33818,0,0,33818,0,0,0,1,0
edc0d2bf8.jpg,1,1,1,1,1240,1240,0,0,0,1,0,0,0
edcf5abf7.jpg,1,1,1,1,1443,1443,0,0,0,1,0,0,0
edd2ff0dd.jpg,1,1,3,3,851,0,0,851,0,0,0,1,0
edd793914.jpg,0,0,,0,0,0,0,0,0,0,0,0,0
edf12f5f1.jpg,1,1,3,3,7788,0,0,7788,0,0,0,1,0
edfc18176.jpg,1,1,3,3,5116,0,0,5116,0,0,0,1,0
edfe6ee4c.jpg,1,2,3|4,4,12501,0,0,3697,8804,0,0,1,1
ee036e6f9.jpg,0,0,,0,0,0,0,0,0,0,0,0,0
ee0979b81.jpg,1,1,3,3,79826,0,0,79826,0,0,0,1,0
ee0ad947e.jpg,1,1,3,3,3566,0,0,3566,0,0,0,1,0
ee0f815a0.jpg,1,1,3,3,6784,0,0,6784,0,0,0,1,0
ee1450e82.jpg,1,1,3,3,1237,0,0,1237,0,0,0,1,0
ee1861a8a.jpg,0,0,,0,0,0,0,0,0,0,0,0,0
ee1a3dcd6.jpg,0,0,,0,0,0,0,0,0,0,0,0,0
ee1ab393a.jpg,0,0,,0,0,0,0,0,0,0,0,0,0
ee1fd46e5.jpg,0,0,,0,0,0,0,0,0,0,0,0,0
ee20efe66.jpg,1,1,1,1,3889,3889,0,0,0,1,0,0,0
ee21b4b2d.jpg,1,1,3,3,8495,0,0,8495,0,0,0,1,0
ee329c310.jpg,0,0,,0,0,0,0,0,0,0,0,0,0
ee346cc79.jpg,1,1,3,3,8320,0,0,8320,0,0,0,1,0
ee37864ff.jpg,0,0,,0,0,0,0,0,0,0,0,0,0
ee3ace56f.jpg,1,1,4,4,21912,0,0,0,21912,0,0,0,1
ee3be2a71.jpg,0,0,,0,0,0,0,0,0,0,0,0,0
ee44ebd2f.jpg,1,1,4,4,34022,0,0,0,34022,0,0,0,1
ee45a1736.jpg,1,1,3,3,13762,0,0,13762,0,0,0,1,0
ee4c5ab7f.jpg,1,1,3,3,70242,0,0,70242,0,0,0,1,0
ee57ddb83.jpg,1,1,3,3,1559,0,0,1559,0,0,0,1,0
ee6241bbf.jpg,0,0,,0,0,0,0,0,0,0,0,0,0
ee63f3e1e.jpg,0,0,,0,0,0,0,0,0,0,0,0,0
ee65fc6d8.jpg,1,1,3,3,7084,0,0,7084,0,0,0,1,0
ee68de193.jpg,0,0,,0,0,0,0,0,0,0,0,0,0
ee73f4685.jpg,0,0,,0,0,0,0,0,0,0,0,0,0
ee83f88d5.jpg,1,2,3|4,4,39768,0,0,19633,20135,0,0,1,1
ee8ab74c9.jpg,1,1,3,3,14762,0,0,14762,0,0,0,1,0
ee8e55668.jpg,0,0,,0,0,0,0,0,0,0,0,0,0
ee9a247ad.jpg,1,1,3,3,13469,0,0,13469,0,0,0,1,0
eea014d25.jpg,1,1,3,3,7039,0,0,7039,0,0,0,1,0
eeaccd41b.jpg,0,0,,0,0,0,0,0,0,0,0,0,0
eeae0a244.jpg,1,1,3,3,18338,0,0,18338,0,0,0,1,0
eebc69ef5.jpg,0,0,,0,0,0,0,0,0,0,0,0,0
eebcc0af3.jpg,1,1,1,1,6284,6284,0,0,0,1,0,0,0
eec244672.jpg,1,1,3,3,7543,0,0,7543,0,0,0,1,0
eec5da0ae.jpg,1,1,3,3,20843,0,0,20843,0,0,0,1,0
eed32de1b.jpg,1,1,1,1,7744,7744,0,0,0,1,0,0,0
eed74bec9.jpg,1,1,3,3,7232,0,0,7232,0,0,0,1,0
eed932172.jpg,1,1,1,1,762,762,0,0,0,1,0,0,0
eedb60662.jpg,0,0,,0,0,0,0,0,0,0,0,0,0
eedbd0c92.jpg,1,1,3,3,854,0,0,854,0,0,0,1,0
eee142d9a.jpg,1,1,3,3,2361,0,0,2361,0,0,0,1,0
eee687cf1.jpg,0,0,,0,0,0,0,0,0,0,0,0,0
eef087050.jpg,1,1,1,1,8293,8293,0,0,0,1,0,0,0
eef10580b.jpg,1,1,3,3,12162,0,0,12162,0,0,0,1,0
eef2cc092.jpg,1,1,3,3,7006,0,0,7006,0,0,0,1,0
eef394782.jpg,0,0,,0,0,0,0,0,0,0,0,0,0
eef6ec80a.jpg,1,1,3,3,3423,0,0,3423,0,0,0,1,0
eefe5b710.jpg,1,1,4,4,53400,0,0,0,53400,0,0,0,1
eeffa4c49.jpg,1,2,1|3,1,4397,2663,0,1734,0,1,0,1,0
ef0f5ac32.jpg,1,1,3,3,13432,0,0,13432,0,0,0,1,0
ef17a2418.jpg,0,0,,0,0,0,0,0,0,0,0,0,0
ef21b3e57.jpg,1,1,3,3,11904,0,0,11904,0,0,0,1,0
ef2286f15.jpg,0,0,,0,0,0,0,0,0,0,0,0,0
ef24240a0.jpg,1,1,3,3,154025,0,0,154025,0,0,0,1,0
ef24da2ba.jpg,1,3,1|2|3,3,8700,732,2115,5853,0,1,1,1,0
ef25cc709.jpg,0,0,,0,0,0,0,0,0,0,0,0,0
ef3894ac2.jpg,1,1,3,3,3039,0,0,3039,0,0,0,1,0
ef3c774d4.jpg,1,1,3,3,13642,0,0,13642,0,0,0,1,0
ef5c1b08e.jpg,1,1,1,1,1799,1799,0,0,0,1,0,0,0
ef60f8163.jpg,1,1,3,3,16080,0,0,16080,0,0,0,1,0
ef6f50a86.jpg,0,0,,0,0,0,0,0,0,0,0,0,0
ef6febf17.jpg,0,0,,0,0,0,0,0,0,0,0,0,0
ef70641e3.jpg,1,1,3,3,19040,0,0,19040,0,0,0,1,0
ef7331888.jpg,0,0,,0,0,0,0,0,0,0,0,0,0
ef88e0b13.jpg,0,0,,0,0,0,0,0,0,0,0,0,0
ef8ba30c0.jpg,1,2,3|4,4,114581,0,0,46256,68325,0,0,1,1
ef8c8a263.jpg,1,2,3|4,3,76069,0,0,45738,30331,0,0,1,1
ef94ca813.jpg,1,1,4,4,80554,0,0,0,80554,0,0,0,1
ef96ba685.jpg,0,0,,0,0,0,0,0,0,0,0,0,0
efa1000e0.jpg,0,0,,0,0,0,0,0,0,0,0,0,0
efa39707e.jpg,0,0,,0,0,0,0,0,0,0,0,0,0
efa836d61.jpg,1,1,3,3,27841,0,0,27841,0,0,0,1,0
efa879d07.jpg,0,0,,0,0,0,0,0,0,0,0,0,0
efb89f410.jpg,1,1,3,3,5712,0,0,5712,0,0,0,1,0
efb8d2080.jpg,0,0,,0,0,0,0,0,0,0,0,0,0
efbd9e66b.jpg,0,0,,0,0,0,0,0,0,0,0,0,0
efbe1db43.jpg,0,0,,0,0,0,0,0,0,0,0,0,0
efc63b0b9.jpg,1,1,3,3,33784,0,0,33784,0,0,0,1,0
efca9c938.jpg,1,1,1,1,3191,3191,0,0,0,1,0,0,0
efcf1ddbe.jpg,0,0,,0,0,0,0,0,0,0,0,0,0
efd258b19.jpg,0,0,,0,0,0,0,0,0,0,0,0,0
efd4c37d9.jpg,0,0,,0,0,0,0,0,0,0,0,0,0
efda1f523.jpg,0,0,,0,0,0,0,0,0,0,0,0,0
efdad5db3.jpg,1,1,3,3,12398,0,0,12398,0,0,0,1,0
efe30162b.jpg,1,1,3,3,25232,0,0,25232,0,0,0,1,0
efe5694bf.jpg,1,1,2,2,3564,0,3564,0,0,0,1,0,0
efe80376f.jpg,0,0,,0,0,0,0,0,0,0,0,0,0
efe81e1da.jpg,0,0,,0,0,0,0,0,0,0,0,0,0
eff2074df.jpg,1,1,3,3,45910,0,0,45910,0,0,0,1,0
eff908342.jpg,0,0,,0,0,0,0,0,0,0,0,0,0
effb2ffd3.jpg,0,0,,0,0,0,0,0,0,0,0,0,0
f00185797.jpg,1,1,3,3,1964,0,0,1964,0,0,0,1,0
f0074b888.jpg,1,1,3,3,2835,0,0,2835,0,0,0,1,0
f0075e43c.jpg,1,1,3,3,43454,0,0,43454,0,0,0,1,0
f00c6d4b2.jpg,0,0,,0,0,0,0,0,0,0,0,0,0
f01e4eec6.jpg,1,1,3,3,6520,0,0,6520,0,0,0,1,0
f024c4789.jpg,0,0,,0,0,0,0,0,0,0,0,0,0
f02c1a600.jpg,1,1,3,3,22284,0,0,22284,0,0,0,1,0
f02f4630b.jpg,0,0,,0,0,0,0,0,0,0,0,0,0
f03379160.jpg,1,1,1,1,1267,1267,0,0,0,1,0,0,0
f0344b3ad.jpg,0,0,,0,0,0,0,0,0,0,0,0,0
f035b1e71.jpg,0,0,,0,0,0,0,0,0,0,0,0,0
f03d88c73.jpg,1,1,4,4,12109,0,0,0,12109,0,0,0,1
f0437a9c3.jpg,1,1,3,3,2073,0,0,2073,0,0,0,1,0
f046dc5fa.jpg,0,0,,0,0,0,0,0,0,0,0,0,0
f04d32eeb.jpg,1,1,3,3,9056,0,0,9056,0,0,0,1,0
f061c7c53.jpg,0,0,,0,0,0,0,0,0,0,0,0,0
f0625054e.jpg,0,0,,0,0,0,0,0,0,0,0,0,0
f06b3cff2.jpg,0,0,,0,0,0,0,0,0,0,0,0,0
f06fbd0e7.jpg,1,1,3,3,4904,0,0,4904,0,0,0,1,0
f07399cf6.jpg,0,0,,0,0,0,0,0,0,0,0,0,0
f07969848.jpg,1,1,4,4,29747,0,0,0,29747,0,0,0,1
f07e9ccda.jpg,0,0,,0,0,0,0,0,0,0,0,0,0
f0859ea87.jpg,0,0,,0,0,0,0,0,0,0,0,0,0
f08716423.jpg,1,1,3,3,2245,0,0,2245,0,0,0,1,0
f0a08a10c.jpg,1,1,3,3,3614,0,0,3614,0,0,0,1,0
f0b2483fa.jpg,0,0,,0,0,0,0,0,0,0,0,0,0
f0d32ba71.jpg,0,0,,0,0,0,0,0,0,0,0,0,0
f0dbecd3d.jpg,1,2,3|4,4,37819,0,0,11076,26743,0,0,1,1
f0dc068a8.jpg,1,1,3,3,28160,0,0,28160,0,0,0,1,0
f0df48da0.jpg,1,1,1,1,2127,2127,0,0,0,1,0,0,0
f0e205516.jpg,1,1,3,3,4501,0,0,4501,0,0,0,1,0
f0e6210ea.jpg,0,0,,0,0,0,0,0,0,0,0,0,0
f0f70d7ad.jpg,1,1,3,3,3477,0,0,3477,0,0,0,1,0
f0fdd6b7f.jpg,1,1,3,3,18829,0,0,18829,0,0,0,1,0
f0fe4df29.jpg,1,1,3,3,43502,0,0,43502,0,0,0,1,0
f10768627.jpg,1,2,1|3,1,13752,9628,0,4124,0,1,0,1,0
f10e66f64.jpg,0,0,,0,0,0,0,0,0,0,0,0,0
f10f625fd.jpg,1,1,3,3,4280,0,0,4280,0,0,0,1,0
f1119e073.jpg,1,1,3,3,6431,0,0,6431,0,0,0,1,0
f11471db2.jpg,0,0,,0,0,0,0,0,0,0,0,0,0
f114d1a28.jpg,1,1,1,1,4059,4059,0,0,0,1,0,0,0
f11d59e33.jpg,1,1,3,3,4839,0,0,4839,0,0,0,1,0
f12206185.jpg,1,1,1,1,4474,4474,0,0,0,1,0,0,0
f13107ec5.jpg,1,1,3,3,15917,0,0,15917,0,0,0,1,0
f1317e0c9.jpg,0,0,,0,0,0,0,0,0,0,0,0,0
f1396bc02.jpg,0,0,,0,0,0,0,0,0,0,0,0,0
f13f86ab1.jpg,0,0,,0,0,0,0,0,0,0,0,0,0
f14611c67.jpg,0,0,,0,0,0,0,0,0,0,0,0,0
f14b1878e.jpg,0,0,,0,0,0,0,0,0,0,0,0,0
f14cec989.jpg,1,1,3,3,34549,0,0,34549,0,0,0,1,0
f14f39ad8.jpg,0,0,,0,0,0,0,0,0,0,0,0,0
f1529241c.jpg,0,0,,0,0,0,0,0,0,0,0,0,0
f157238ea.jpg,0,0,,0,0,0,0,0,0,0,0,0,0
f1611c743.jpg,0,0,,0,0,0,0,0,0,0,0,0,0
f1691b37f.jpg,0,0,,0,0,0,0,0,0,0,0,0,0
f1699acad.jpg,1,1,2,2,2411,0,2411,0,0,0,1,0,0
f1699cb5a.jpg,1,1,3,3,36770,0,0,36770,0,0,0,1,0
f16c5b437.jpg,0,0,,0,0,0,0,0,0,0,0,0,0
f17e982f9.jpg,1,1,2,2,1102,0,1102,0,0,0,1,0,0
f1807fbdd.jpg,1,1,3,3,7221,0,0,7221,0,0,0,1,0
f180b829c.jpg,0,0,,0,0,0,0,0,0,0,0,0,0
f183f0192.jpg,1,1,3,3,51302,0,0,51302,0,0,0,1,0
f18461ad5.jpg,0,0,,0,0,0,0,0,0,0,0,0,0
f186527ee.jpg,1,1,3,3,22375,0,0,22375,0,0,0,1,0
f1889c7bd.jpg,0,0,,0,0,0,0,0,0,0,0,0,0
f195eeda7.jpg,1,1,2,2,2944,0,2944,0,0,0,1,0,0
f1a782eb5.jpg,0,0,,0,0,0,0,0,0,0,0,0,0
f1bd3a48a.jpg,0,0,,0,0,0,0,0,0,0,0,0,0
f1becb8a5.jpg,1,2,3|4,4,49021,0,0,5055,43966,0,0,1,1
f1bee5caa.jpg,0,0,,0,0,0,0,0,0,0,0,0,0
f1bf46783.jpg,1,1,3,3,18893,0,0,18893,0,0,0,1,0
f1c0e4d32.jpg,1,1,1,1,9832,9832,0,0,0,1,0,0,0
f1d7871fd.jpg,0,0,,0,0,0,0,0,0,0,0,0,0
f1e00a7fb.jpg,1,1,3,3,77356,0,0,77356,0,0,0,1,0
f1e348d35.jpg,1,1,3,3,43155,0,0,43155,0,0,0,1,0
f1ee117a1.jpg,0,0,,0,0,0,0,0,0,0,0,0,0
f1f00ee31.jpg,0,0,,0,0,0,0,0,0,0,0,0,0
f1f6b0f09.jpg,1,1,3,3,4814,0,0,4814,0,0,0,1,0
f1feaa507.jpg,0,0,,0,0,0,0,0,0,0,0,0,0
f20023b87.jpg,1,1,3,3,10240,0,0,10240,0,0,0,1,0
f210c637e.jpg,1,1,3,3,1039,0,0,1039,0,0,0,1,0
f21b0be46.jpg,1,1,3,3,15987,0,0,15987,0,0,0,1,0
f21d3541c.jpg,0,0,,0,0,0,0,0,0,0,0,0,0
f22ad3b42.jpg,1,1,4,4,23647,0,0,0,23647,0,0,0,1
f22b67de8.jpg,1,1,3,3,8177,0,0,8177,0,0,0,1,0
f22da130b.jpg,1,1,4,4,111597,0,0,0,111597,0,0,0,1
f23288425.jpg,1,1,3,3,2673,0,0,2673,0,0,0,1,0
f2370bcfb.jpg,0,0,,0,0,0,0,0,0,0,0,0,0
f23c857a4.jpg,1,1,3,3,6830,0,0,6830,0,0,0,1,0
f2444c793.jpg,1,1,1,1,3002,3002,0,0,0,1,0,0,0
f24af31d1.jpg,1,1,4,4,40261,0,0,0,40261,0,0,0,1
f254f1765.jpg,1,1,3,3,12032,0,0,12032,0,0,0,1,0
f25c52683.jpg,0,0,,0,0,0,0,0,0,0,0,0,0
f2613b2c4.jpg,1,1,3,3,29613,0,0,29613,0,0,0,1,0
f26715715.jpg,0,0,,0,0,0,0,0,0,0,0,0,0
f2675f133.jpg,0,0,,0,0,0,0,0,0,0,0,0,0
f26a1060f.jpg,1,1,1,1,685,685,0,0,0,1,0,0,0
f273460c7.jpg,0,0,,0,0,0,0,0,0,0,0,0,0
f2739a7ca.jpg,1,1,3,3,23117,0,0,23117,0,0,0,1,0
f274086c4.jpg,0,0,,0,0,0,0,0,0,0,0,0,0
f27526824.jpg,0,0,,0,0,0,0,0,0,0,0,0,0
f276116b0.jpg,1,1,1,1,5169,5169,0,0,0,1,0,0,0
f278ce929.jpg,0,0,,0,0,0,0,0,0,0,0,0,0
f27cf9c58.jpg,1,1,2,2,3399,0,3399,0,0,0,1,0,0
f27d7bda2.jpg,0,0,,0,0,0,0,0,0,0,0,0,0
f27dfe80a.jpg,1,1,3,3,62517,0,0,62517,0,0,0,1,0
f2853b5b6.jpg,0,0,,0,0,0,0,0,0,0,0,0,0
f294b84ed.jpg,1,1,3,3,115,0,0,115,0,0,0,1,0
f297f6838.jpg,1,1,2,2,1740,0,1740,0,0,0,1,0,0
f298b80d1.jpg,1,1,3,3,11631,0,0,11631,0,0,0,1,0
f2991ba3c.jpg,1,1,3,3,3193,0,0,3193,0,0,0,1,0
f2a06c929.jpg,0,0,,0,0,0,0,0,0,0,0,0,0
f2a7da76d.jpg,1,1,1,1,1127,1127,0,0,0,1,0,0,0
f2aa8fa9e.jpg,0,0,,0,0,0,0,0,0,0,0,0,0
f2aaef344.jpg,0,0,,0,0,0,0,0,0,0,0,0,0
f2ad0871c.jpg,1,1,3,3,119426,0,0,119426,0,0,0,1,0
f2b20ecf8.jpg,0,0,,0,0,0,0,0,0,0,0,0,0
f2b6d2c32.jpg,0,0,,0,0,0,0,0,0,0,0,0,0
f2c12070d.jpg,1,1,3,3,63850,0,0,63850,0,0,0,1,0
f2cc60a91.jpg,0,0,,0,0,0,0,0,0,0,0,0,0
f2ce832a0.jpg,1,1,3,3,4864,0,0,4864,0,0,0,1,0
f2f5ab55c.jpg,1,1,3,3,16222,0,0,16222,0,0,0,1,0
f2f69d7a4.jpg,0,0,,0,0,0,0,0,0,0,0,0,0
f2ff5cfd7.jpg,1,1,3,3,63635,0,0,63635,0,0,0,1,0
f3045532b.jpg,0,0,,0,0,0,0,0,0,0,0,0,0
f30897f72.jpg,0,0,,0,0,0,0,0,0,0,0,0,0
f30beded6.jpg,1,1,2,2,3051,0,3051,0,0,0,1,0,0
f30cde286.jpg,0,0,,0,0,0,0,0,0,0,0,0,0
f32454873.jpg,1,1,3,3,4708,0,0,4708,0,0,0,1,0
f327ae983.jpg,1,1,3,3,3360,0,0,3360,0,0,0,1,0
f32bb5699.jpg,1,1,3,3,12737,0,0,12737,0,0,0,1,0
f33469843.jpg,1,1,1,1,2600,2600,0,0,0,1,0,0,0
f338038be.jpg,1,1,3,3,52665,0,0,52665,0,0,0,1,0
f33e7a4b3.jpg,1,1,1,1,1285,1285,0,0,0,1,0,0,0
f33e7fc05.jpg,1,1,3,3,1418,0,0,1418,0,0,0,1,0
f33f47596.jpg,0,0,,0,0,0,0,0,0,0,0,0,0
f34262e93.jpg,0,0,,0,0,0,0,0,0,0,0,0,0
f348bf060.jpg,1,1,3,3,5385,0,0,5385,0,0,0,1,0
f35093ccb.jpg,0,0,,0,0,0,0,0,0,0,0,0,0
f357575a6.jpg,0,0,,0,0,0,0,0,0,0,0,0,0
f36729b47.jpg,0,0,,0,0,0,0,0,0,0,0,0,0
f36acf83d.jpg,1,1,3,3,7632,0,0,7632,0,0,0,1,0
f36bc094e.jpg,1,1,3,3,47634,0,0,47634,0,0,0,1,0
f36cf3058.jpg,0,0,,0,0,0,0,0,0,0,0,0,0
f37003c14.jpg,1,1,1,1,3132,3132,0,0,0,1,0,0,0
f375d814f.jpg,1,1,3,3,115398,0,0,115398,0,0,0,1,0
f37af29b7.jpg,1,1,3,3,46703,0,0,46703,0,0,0,1,0
f37f07255.jpg,0,0,,0,0,0,0,0,0,0,0,0,0
f3805c0a8.jpg,0,0,,0,0,0,0,0,0,0,0,0,0
f380e604c.jpg,1,1,3,3,5067,0,0,5067,0,0,0,1,0
f383950e8.jpg,1,2,3|4,4,48057,0,0,12055,36002,0,0,1,1
f3862285d.jpg,1,1,1,1,3060,3060,0,0,0,1,0,0,0
f39c2310c.jpg,1,1,3,3,32066,0,0,32066,0,0,0,1,0
f3a39de53.jpg,0,0,,0,0,0,0,0,0,0,0,0,0
f3a5748e2.jpg,0,0,,0,0,0,0,0,0,0,0,0,0
f3a589343.jpg,0,0,,0,0,0,0,0,0,0,0,0,0
f3a5aa94c.jpg,1,1,3,3,8832,0,0,8832,0,0,0,1,0
f3a9b7ad1.jpg,1,2,1|3,3,11423,5125,0,6298,0,1,0,1,0
f3b180e26.jpg,1,1,3,3,1535,0,0,1535,0,0,0,1,0
f3b2ffe61.jpg,0,0,,0,0,0,0,0,0,0,0,0,0
f3c12bd05.jpg,0,0,,0,0,0,0,0,0,0,0,0,0
f3c800e30.jpg,0,0,,0,0,0,0,0,0,0,0,0,0
f3c9fefb0.jpg,1,1,3,3,96700,0,0,96700,0,0,0,1,0
f3d2fbd91.jpg,1,1,1,1,6340,6340,0,0,0,1,0,0,0
f3d855e66.jpg,1,1,3,3,6990,0,0,6990,0,0,0,1,0
f3dca27d6.jpg,0,0,,0,0,0,0,0,0,0,0,0,0
f3e1e7c47.jpg,1,1,2,2,2341,0,2341,0,0,0,1,0,0
f3e9dc39c.jpg,0,0,,0,0,0,0,0,0,0,0,0,0
f3ef25974.jpg,0,0,,0,0,0,0,0,0,0,0,0,0
f3f049f32.jpg,0,0,,0,0,0,0,0,0,0,0,0,0
f3f18f763.jpg,0,0,,0,0,0,0,0,0,0,0,0,0
f3f8f84d8.jpg,0,0,,0,0,0,0,0,0,0,0,0,0
f3fcb4c7f.jpg,1,1,3,3,48526,0,0,48526,0,0,0,1,0
f400d2c23.jpg,1,1,4,4,5017,0,0,0,5017,0,0,0,1
f4077b312.jpg,1,1,3,3,5759,0,0,5759,0,0,0,1,0
f40bb2e24.jpg,1,1,3,3,1405,0,0,1405,0,0,0,1,0
f40be459c.jpg,1,1,3,3,5760,0,0,5760,0,0,0,1,0
f40da0c0d.jpg,0,0,,0,0,0,0,0,0,0,0,0,0
f40f6db0e.jpg,0,0,,0,0,0,0,0,0,0,0,0,0
f415f1afc.jpg,0,0,,0,0,0,0,0,0,0,0,0,0
f41732c94.jpg,1,1,4,4,37837,0,0,0,37837,0,0,0,1
f41aa7979.jpg,0,0,,0,0,0,0,0,0,0,0,0,0
f41c0d27c.jpg,0,0,,0,0,0,0,0,0,0,0,0,0
f4222bcd7.jpg,0,0,,0,0,0,0,0,0,0,0,0,0
f4223a623.jpg,0,0,,0,0,0,0,0,0,0,0,0,0
f42768e5d.jpg,0,0,,0,0,0,0,0,0,0,0,0,0
f4296a45d.jpg,1,1,3,3,43837,0,0,43837,0,0,0,1,0
f430ab232.jpg,1,1,3,3,18942,0,0,18942,0,0,0,1,0
f438726f9.jpg,0,0,,0,0,0,0,0,0,0,0,0,0
f4413e172.jpg,1,1,3,3,12897,0,0,12897,0,0,0,1,0
f44229f4b.jpg,1,1,3,3,12590,0,0,12590,0,0,0,1,0
f444c57a7.jpg,1,1,4,4,11520,0,0,0,11520,0,0,0,1
f4495532f.jpg,1,1,4,4,24466,0,0,0,24466,0,0,0,1
f44bc4cf4.jpg,0,0,,0,0,0,0,0,0,0,0,0,0
f45b2b2b0.jpg,1,1,3,3,12448,0,0,12448,0,0,0,1,0
f45d1ea03.jpg,0,0,,0,0,0,0,0,0,0,0,0,0
f45dffa97.jpg,0,0,,0,0,0,0,0,0,0,0,0,0
f45ea237c.jpg,0,0,,0,0,0,0,0,0,0,0,0,0
f46d86fbe.jpg,1,1,3,3,24249,0,0,24249,0,0,0,1,0
f46e63337.jpg,1,1,3,3,26490,0,0,26490,0,0,0,1,0
f4743bc1c.jpg,0,0,,0,0,0,0,0,0,0,0,0,0
f47f238a3.jpg,1,1,3,3,4482,0,0,4482,0,0,0,1,0
f480125b7.jpg,0,0,,0,0,0,0,0,0,0,0,0,0
f4818a932.jpg,0,0,,0,0,0,0,0,0,0,0,0,0
f4829742c.jpg,0,0,,0,0,0,0,0,0,0,0,0,0
f482c3553.jpg,1,1,1,1,3895,3895,0,0,0,1,0,0,0
f48988d6a.jpg,1,1,3,3,4571,0,0,4571,0,0,0,1,0
f49a67645.jpg,0,0,,0,0,0,0,0,0,0,0,0,0
f49e1cc05.jpg,0,0,,0,0,0,0,0,0,0,0,0,0
f4a852272.jpg,0,0,,0,0,0,0,0,0,0,0,0,0
f4a8adfd2.jpg,0,0,,0,0,0,0,0,0,0,0,0,0
f4a98f891.jpg,1,1,3,3,7253,0,0,7253,0,0,0,1,0
f4ac05153.jpg,0,0,,0,0,0,0,0,0,0,0,0,0
f4b3ac661.jpg,0,0,,0,0,0,0,0,0,0,0,0,0
f4b95bb65.jpg,0,0,,0,0,0,0,0,0,0,0,0,0
f4c5a6321.jpg,1,1,3,3,4153,0,0,4153,0,0,0,1,0
f4c8845b6.jpg,0,0,,0,0,0,0,0,0,0,0,0,0
f4d41a007.jpg,0,0,,0,0,0,0,0,0,0,0,0,0
f4dde5dac.jpg,1,1,1,1,897,897,0,0,0,1,0,0,0
f4e2a1748.jpg,1,1,3,3,14840,0,0,14840,0,0,0,1,0
f4f73481c.jpg,1,1,3,3,6163,0,0,6163,0,0,0,1,0
f4fa0c7ac.jpg,1,1,1,1,1617,1617,0,0,0,1,0,0,0
f5018f891.jpg,0,0,,0,0,0,0,0,0,0,0,0,0
f503725aa.jpg,0,0,,0,0,0,0,0,0,0,0,0,0
f503817dd.jpg,1,1,4,4,18597,0,0,0,18597,0,0,0,1
f508bc529.jpg,1,1,3,3,10150,0,0,10150,0,0,0,1,0
f50ff910b.jpg,0,0,,0,0,0,0,0,0,0,0,0,0
f514de546.jpg,1,1,3,3,14319,0,0,14319,0,0,0,1,0
f5222b1b3.jpg,1,1,1,1,1207,1207,0,0,0,1,0,0,0
f525de3a6.jpg,0,0,,0,0,0,0,0,0,0,0,0,0
f52e7d092.jpg,1,1,3,3,13454,0,0,13454,0,0,0,1,0
f539d7bea.jpg,1,1,3,3,3119,0,0,3119,0,0,0,1,0
f53a8182a.jpg,0,0,,0,0,0,0,0,0,0,0,0,0
f53e75337.jpg,1,1,1,1,4348,4348,0,0,0,1,0,0,0
f5479db16.jpg,1,1,3,3,14026,0,0,14026,0,0,0,1,0
f54c0a5b9.jpg,0,0,,0,0,0,0,0,0,0,0,0,0
f54e38da9.jpg,0,0,,0,0,0,0,0,0,0,0,0,0
f5547eecf.jpg,0,0,,0,0,0,0,0,0,0,0,0,0
f55acfc8e.jpg,1,1,1,1,2547,2547,0,0,0,1,0,0,0
f56a760ba.jpg,0,0,,0,0,0,0,0,0,0,0,0,0
f57584fa6.jpg,1,1,1,1,2059,2059,0,0,0,1,0,0,0
f576a4e75.jpg,0,0,,0,0,0,0,0,0,0,0,0,0
f58e82c13.jpg,0,0,,0,0,0,0,0,0,0,0,0,0
f597d415e.jpg,0,0,,0,0,0,0,0,0,0,0,0,0
f59f1dddb.jpg,0,0,,0,0,0,0,0,0,0,0,0,0
f5a1bb561.jpg,0,0,,0,0,0,0,0,0,0,0,0,0
f5a4016bb.jpg,1,1,3,3,8757,0,0,8757,0,0,0,1,0
f5a68b422.jpg,1,1,3,3,5174,0,0,5174,0,0,0,1,0
f5b46c3c1.jpg,1,1,3,3,23976,0,0,23976,0,0,0,1,0
f5b50a959.jpg,1,2,1|3,1,4157,2843,0,1314,0,1,0,1,0
f5be628ef.jpg,1,1,3,3,44157,0,0,44157,0,0,0,1,0
f5c8f7766.jpg,1,1,4,4,182380,0,0,0,182380,0,0,0,1
f5cfc6f9c.jpg,1,1,3,3,41358,0,0,41358,0,0,0,1,0
f5d2ff551.jpg,0,0,,0,0,0,0,0,0,0,0,0,0
f5d3a64cd.jpg,1,1,3,3,19436,0,0,19436,0,0,0,1,0
f5d65cd10.jpg,0,0,,0,0,0,0,0,0,0,0,0,0
f5d8b0c31.jpg,1,1,3,3,7141,0,0,7141,0,0,0,1,0
f5d969081.jpg,0,0,,0,0,0,0,0,0,0,0,0,0
f5dbb7e00.jpg,0,0,,0,0,0,0,0,0,0,0,0,0
f5dbf6137.jpg,1,1,3,3,14051,0,0,14051,0,0,0,1,0
f5e54ba62.jpg,1,1,1,1,7919,7919,0,0,0,1,0,0,0
f5e981623.jpg,1,1,3,3,14634,0,0,14634,0,0,0,1,0
f5ee0e95a.jpg,1,1,3,3,23275,0,0,23275,0,0,0,1,0
f5ef933b6.jpg,0,0,,0,0,0,0,0,0,0,0,0,0
f5f37f99a.jpg,0,0,,0,0,0,0,0,0,0,0,0,0
f5fcc4750.jpg,1,1,3,3,30072,0,0,30072,0,0,0,1,0
f605d5ede.jpg,0,0,,0,0,0,0,0,0,0,0,0,0
f6082de16.jpg,0,0,,0,0,0,0,0,0,0,0,0,0
f6091ef22.jpg,1,1,3,3,27636,0,0,27636,0,0,0,1,0
f60a5bc2b.jpg,0,0,,0,0,0,0,0,0,0,0,0,0
f60b4d359.jpg,1,1,4,4,17618,0,0,0,17618,0,0,0,1
f60cdbdcf.jpg,0,0,,0,0,0,0,0,0,0,0,0,0
f613991f1.jpg,0,0,,0,0,0,0,0,0,0,0,0,0
f618df512.jpg,1,2,1|2,1,4800,3801,999,0,0,1,1,0,0
f61bac8e3.jpg,0,0,,0,0,0,0,0,0,0,0,0,0
f62546cde.jpg,1,1,1,1,871,871,0,0,0,1,0,0,0
f62aedad6.jpg,0,0,,0,0,0,0,0,0,0,0,0,0
f62f6fd17.jpg,0,0,,0,0,0,0,0,0,0,0,0,0
f63112dc2.jpg,0,0,,0,0,0,0,0,0,0,0,0,0
f63292081.jpg,1,1,3,3,3964,0,0,3964,0,0,0,1,0
f634eed36.jpg,0,0,,0,0,0,0,0,0,0,0,0,0
f63ac602e.jpg,0,0,,0,0,0,0,0,0,0,0,0,0
f63e8c97f.jpg,1,1,3,3,4629,0,0,4629,0,0,0,1,0
f645abdf0.jpg,1,1,3,3,25788,0,0,25788,0,0,0,1,0
f64bb97a6.jpg,1,2,3|4,4,27666,0,0,3473,24193,0,0,1,1
f6565a40a.jpg,1,1,3,3,42884,0,0,42884,0,0,0,1,0
f65921e5a.jpg,1,1,4,4,40978,0,0,0,40978,0,0,0,1
f65c33996.jpg,0,0,,0,0,0,0,0,0,0,0,0,0
f65f02fdb.jpg,1,1,1,1,1438,1438,0,0,0,1,0,0,0
f66000c01.jpg,0,0,,0,0,0,0,0,0,0,0,0,0
f6620bebb.jpg,0,0,,0,0,0,0,0,0,0,0,0,0
f66364942.jpg,1,1,3,3,7680,0,0,7680,0,0,0,1,0
f66a9a7f3.jpg,1,1,3,3,4800,0,0,4800,0,0,0,1,0
f6749d6fe.jpg,1,1,3,3,5760,0,0,5760,0,0,0,1,0
f675eb92e.jpg,0,0,,0,0,0,0,0,0,0,0,0,0
f676e9d6c.jpg,0,0,,0,0,0,0,0,0,0,0,0,0
f67811762.jpg,1,1,3,3,13903,0,0,13903,0,0,0,1,0
f67d160b0.jpg,0,0,,0,0,0,0,0,0,0,0,0,0
f67e682da.jpg,1,1,3,3,77672,0,0,77672,0,0,0,1,0
f68466331.jpg,1,1,1,1,7964,7964,0,0,0,1,0,0,0
f68503ec8.jpg,0,0,,0,0,0,0,0,0,0,0,0,0
f6854fafc.jpg,0,0,,0,0,0,0,0,0,0,0,0,0
f69caf7dd.jpg,1,1,3,3,54154,0,0,54154,0,0,0,1,0
f6a0c323a.jpg,0,0,,0,0,0,0,0,0,0,0,0,0
f6a144845.jpg,0,0,,0,0,0,0,0,0,0,0,0,0
f6ada445d.jpg,0,0,,0,0,0,0,0,0,0,0,0,0
f6aebe83b.jpg,0,0,,0,0,0,0,0,0,0,0,0,0
f6b7fc8e4.jpg,0,0,,0,0,0,0,0,0,0,0,0,0
f6c5aad59.jpg,1,1,3,3,10671,0,0,10671,0,0,0,1,0
f6c7845d2.jpg,0,0,,0,0,0,0,0,0,0,0,0,0
f6c97e5e7.jpg,1,1,3,3,25062,0,0,25062,0,0,0,1,0
f6c9b6570.jpg,0,0,,0,0,0,0,0,0,0,0,0,0
f6d0cca5b.jpg,1,1,1,1,4519,4519,0,0,0,1,0,0,0
f6d99d582.jpg,1,1,1,1,2290,2290,0,0,0,1,0,0,0
f6db0a2e8.jpg,0,0,,0,0,0,0,0,0,0,0,0,0
f6e140d3c.jpg,0,0,,0,0,0,0,0,0,0,0,0,0
f6e2cc602.jpg,1,1,3,3,10355,0,0,10355,0,0,0,1,0
f6eb68937.jpg,1,2,3|4,4,30216,0,0,8952,21264,0,0,1,1
f6ede545c.jpg,0,0,,0,0,0,0,0,0,0,0,0,0
f6efc793c.jpg,0,0,,0,0,0,0,0,0,0,0,0,0
f6f7902a9.jpg,1,2,3|4,4,52387,0,0,17669,34718,0,0,1,1
f6fdd467c.jpg,0,0,,0,0,0,0,0,0,0,0,0,0
f6ff3d051.jpg,0,0,,0,0,0,0,0,0,0,0,0,0
f701e3865.jpg,0,0,,0,0,0,0,0,0,0,0,0,0
f70d09439.jpg,1,1,3,3,34850,0,0,34850,0,0,0,1,0
f70d4ef13.jpg,0,0,,0,0,0,0,0,0,0,0,0,0
f710d0506.jpg,0,0,,0,0,0,0,0,0,0,0,0,0
f710ff0a1.jpg,0,0,,0,0,0,0,0,0,0,0,0,0
f71c37a0f.jpg,1,1,3,3,15530,0,0,15530,0,0,0,1,0
f71f9c14b.jpg,1,1,3,3,89847,0,0,89847,0,0,0,1,0
f7202186a.jpg,0,0,,0,0,0,0,0,0,0,0,0,0
f727d997a.jpg,1,1,2,2,4643,0,4643,0,0,0,1,0,0
f72bc3a1a.jpg,1,1,1,1,2583,2583,0,0,0,1,0,0,0
f72f8467b.jpg,0,0,,0,0,0,0,0,0,0,0,0,0
f735b179a.jpg,0,0,,0,0,0,0,0,0,0,0,0,0
f74f33985.jpg,1,1,3,3,9107,0,0,9107,0,0,0,1,0
f75fb2c26.jpg,0,0,,0,0,0,0,0,0,0,0,0,0
f76f8e798.jpg,1,1,3,3,82837,0,0,82837,0,0,0,1,0
f777798f2.jpg,0,0,,0,0,0,0,0,0,0,0,0,0
f78601072.jpg,0,0,,0,0,0,0,0,0,0,0,0,0
f789a780c.jpg,0,0,,0,0,0,0,0,0,0,0,0,0
f789ae3cc.jpg,0,0,,0,0,0,0,0,0,0,0,0,0
f78c3b312.jpg,1,1,3,3,118418,0,0,118418,0,0,0,1,0
f7911bc46.jpg,0,0,,0,0,0,0,0,0,0,0,0,0
f7916450e.jpg,1,1,1,1,2738,2738,0,0,0,1,0,0,0
f793f797d.jpg,0,0,,0,0,0,0,0,0,0,0,0,0
f7955d77f.jpg,0,0,,0,0,0,0,0,0,0,0,0,0
f799d498a.jpg,0,0,,0,0,0,0,0,0,0,0,0,0
f79e8cbcb.jpg,1,1,3,3,22534,0,0,22534,0,0,0,1,0
f79f9f617.jpg,1,1,3,3,6698,0,0,6698,0,0,0,1,0
f7a5fc620.jpg,0,0,,0,0,0,0,0,0,0,0,0,0
f7a866a28.jpg,0,0,,0,0,0,0,0,0,0,0,0,0
f7b1dd93a.jpg,1,1,2,2,3989,0,3989,0,0,0,1,0,0
f7b62d489.jpg,0,0,,0,0,0,0,0,0,0,0,0,0
f7c4aaaad.jpg,1,1,1,1,1877,1877,0,0,0,1,0,0,0
f7c7f6fc7.jpg,1,1,4,4,10655,0,0,0,10655,0,0,0,1
f7cdbc185.jpg,1,1,3,3,7123,0,0,7123,0,0,0,1,0
f7cf4e28e.jpg,0,0,,0,0,0,0,0,0,0,0,0,0
f7d9253e4.jpg,0,0,,0,0,0,0,0,0,0,0,0,0
f7e92727b.jpg,1,1,3,3,13174,0,0,13174,0,0,0,1,0
f7f1db72c.jpg,0,0,,0,0,0,0,0,0,0,0,0,0
f7f254746.jpg,0,0,,0,0,0,0,0,0,0,0,0,0
f7f2d555c.jpg,1,1,3,3,65416,0,0,65416,0,0,0,1,0
f7f2e339e.jpg,1,1,3,3,7234,0,0,7234,0,0,0,1,0
f7f48c1a7.jpg,0,0,,0,0,0,0,0,0,0,0,0,0
f7fc733a7.jpg,1,1,3,3,18457,0,0,18457,0,0,0,1,0
f801dd10b.jpg,0,0,,0,0,0,0,0,0,0,0,0,0
f806c9662.jpg,1,2,3|4,4,22043,0,0,8620,13423,0,0,1,1
f806ebb39.jpg,0,0,,0,0,0,0,0,0,0,0,0,0
f80b4e4e4.jpg,1,1,3,3,28473,0,0,28473,0,0,0,1,0
f8107b51d.jpg,0,0,,0,0,0,0,0,0,0,0,0,0
f81484e30.jpg,1,1,3,3,5722,0,0,5722,0,0,0,1,0
f81b617ec.jpg,1,1,3,3,61426,0,0,61426,0,0,0,1,0
f8233dc1a.jpg,0,0,,0,0,0,0,0,0,0,0,0,0
f824f4ba1.jpg,0,0,,0,0,0,0,0,0,0,0,0,0
f8267203f.jpg,0,0,,0,0,0,0,0,0,0,0,0,0
f8332f3fc.jpg,0,0,,0,0,0,0,0,0,0,0,0,0
f8347d282.jpg,0,0,,0,0,0,0,0,0,0,0,0,0
f836658ad.jpg,0,0,,0,0,0,0,0,0,0,0,0,0
f83aa5759.jpg,1,2,1|3,3,7929,3065,0,4864,0,1,0,1,0
f83d95885.jpg,0,0,,0,0,0,0,0,0,0,0,0,0
f83d9cdc4.jpg,0,0,,0,0,0,0,0,0,0,0,0,0
f83ee60b3.jpg,0,0,,0,0,0,0,0,0,0,0,0,0
f84697b80.jpg,1,1,3,3,6954,0,0,6954,0,0,0,1,0
f848466cb.jpg,1,1,3,3,25324,0,0,25324,0,0,0,1,0
f8496f4e2.jpg,0,0,,0,0,0,0,0,0,0,0,0,0
f84ae7a4b.jpg,1,1,3,3,7055,0,0,7055,0,0,0,1,0
f84f601b2.jpg,1,1,3,3,8278,0,0,8278,0,0,0,1,0
f8507e526.jpg,1,1,3,3,4364,0,0,4364,0,0,0,1,0
f85515b8b.jpg,1,1,3,3,9030,0,0,9030,0,0,0,1,0
f86fc3f01.jpg,0,0,,0,0,0,0,0,0,0,0,0,0
f871a3e63.jpg,0,0,,0,0,0,0,0,0,0,0,0,0
f877d00ba.jpg,0,0,,0,0,0,0,0,0,0,0,0,0
f8800a695.jpg,0,0,,0,0,0,0,0,0,0,0,0,0
f88cdab63.jpg,0,0,,0,0,0,0,0,0,0,0,0,0
f88d122b9.jpg,1,2,3|4,4,36069,0,0,1741,34328,0,0,1,1
f88e7ab6d.jpg,1,1,3,3,28578,0,0,28578,0,0,0,1,0
f8952d06e.jpg,0,0,,0,0,0,0,0,0,0,0,0,0
f8981ac65.jpg,0,0,,0,0,0,0,0,0,0,0,0,0
f89ce1e24.jpg,1,1,3,3,3130,0,0,3130,0,0,0,1,0
f8a3b9065.jpg,1,1,3,3,17164,0,0,17164,0,0,0,1,0
f8a4b0829.jpg,1,1,3,3,14315,0,0,14315,0,0,0,1,0
f8a56ce6e.jpg,0,0,,0,0,0,0,0,0,0,0,0,0
f8aa3fcc1.jpg,0,0,,0,0,0,0,0,0,0,0,0,0
f8ac50f34.jpg,0,0,,0,0,0,0,0,0,0,0,0,0
f8af268c6.jpg,1,1,3,3,4937,0,0,4937,0,0,0,1,0
f8bf12de0.jpg,1,1,3,3,6144,0,0,6144,0,0,0,1,0
f8c41046b.jpg,1,1,3,3,63744,0,0,63744,0,0,0,1,0
f8cdb7672.jpg,0,0,,0,0,0,0,0,0,0,0,0,0
f8d0b85ef.jpg,1,1,4,4,42938,0,0,0,42938,0,0,0,1
f8dadfeb9.jpg,0,0,,0,0,0,0,0,0,0,0,0,0
f8dcae030.jpg,1,1,3,3,76662,0,0,76662,0,0,0,1,0
f8e2dbdf4.jpg,0,0,,0,0,0,0,0,0,0,0,0,0
f8e3ec37a.jpg,0,0,,0,0,0,0,0,0,0,0,0,0
f8eb9b938.jpg,1,1,3,3,7552,0,0,7552,0,0,0,1,0
f8f2e908e.jpg,0,0,,0,0,0,0,0,0,0,0,0,0
f8f3a1eb2.jpg,1,1,1,1,4631,4631,0,0,0,1,0,0,0
f8f942505.jpg,1,1,3,3,15566,0,0,15566,0,0,0,1,0
f8fe4e3d9.jpg,0,0,,0,0,0,0,0,0,0,0,0,0
f8ff8457a.jpg,1,1,3,3,20486,0,0,20486,0,0,0,1,0
f901632bf.jpg,1,1,3,3,4137,0,0,4137,0,0,0,1,0
f910b7857.jpg,1,1,3,3,8915,0,0,8915,0,0,0,1,0
f917bca00.jpg,1,1,3,3,58999,0,0,58999,0,0,0,1,0
f91d56c49.jpg,0,0,,0,0,0,0,0,0,0,0,0,0
f92794f0a.jpg,1,1,3,3,7874,0,0,7874,0,0,0,1,0
f928cdeea.jpg,0,0,,0,0,0,0,0,0,0,0,0,0
f939530e3.jpg,0,0,,0,0,0,0,0,0,0,0,0,0
f93b7dc02.jpg,0,0,,0,0,0,0,0,0,0,0,0,0
f94569eb5.jpg,1,1,3,3,2621,0,0,2621,0,0,0,1,0
f945df120.jpg,0,0,,0,0,0,0,0,0,0,0,0,0
f9486d8fd.jpg,0,0,,0,0,0,0,0,0,0,0,0,0
f950b713a.jpg,0,0,,0,0,0,0,0,0,0,0,0,0
f95284047.jpg,1,1,3,3,5782,0,0,5782,0,0,0,1,0
f95867a2b.jpg,0,0,,0,0,0,0,0,0,0,0,0,0
f95d6f436.jpg,1,1,3,3,6465,0,0,6465,0,0,0,1,0
f95e24d0a.jpg,0,0,,0,0,0,0,0,0,0,0,0,0
f96003fac.jpg,0,0,,0,0,0,0,0,0,0,0,0,0
f965e553b.jpg,1,1,3,3,2733,0,0,2733,0,0,0,1,0
f9668c7cd.jpg,1,2,2|3,3,5006,0,588,4418,0,0,1,1,0
f9682bef7.jpg,1,1,3,3,1691,0,0,1691,0,0,0,1,0
f9683d4b0.jpg,0,0,,0,0,0,0,0,0,0,0,0,0
f96b502c6.jpg,0,0,,0,0,0,0,0,0,0,0,0,0
f96b6802d.jpg,0,0,,0,0,0,0,0,0,0,0,0,0
f97db2626.jpg,1,1,3,3,2585,0,0,2585,0,0,0,1,0
f98a8ae54.jpg,1,1,1,1,4490,4490,0,0,0,1,0,0,0
f98ac3ca8.jpg,0,0,,0,0,0,0,0,0,0,0,0,0
f98ddb64d.jpg,1,1,4,4,27465,0,0,0,27465,0,0,0,1
f991a6a9e.jpg,1,1,1,1,1342,1342,0,0,0,1,0,0,0
f99b7c8aa.jpg,1,1,3,3,3990,0,0,3990,0,0,0,1,0
f9a30423e.jpg,1,1,3,3,64610,0,0,64610,0,0,0,1,0
f9a93b750.jpg,0,0,,0,0,0,0,0,0,0,0,0,0
f9b337a42.jpg,1,1,2,2,7885,0,7885,0,0,0,1,0,0
f9b806612.jpg,0,0,,0,0,0,0,0,0,0,0,0,0
f9b98ab64.jpg,1,1,1,1,3242,3242,0,0,0,1,0,0,0
f9d0f27a0.jpg,1,2,3|4,4,133569,0,0,3645,129924,0,0,1,1
f9d912044.jpg,1,1,3,3,9852,0,0,9852,0,0,0,1,0
f9da1e38a.jpg,0,0,,0,0,0,0,0,0,0,0,0,0
f9db48c10.jpg,0,0,,0,0,0,0,0,0,0,0,0,0
fa08fa8c5.jpg,1,1,3,3,26917,0,0,26917,0,0,0,1,0
fa0a430a6.jpg,0,0,,0,0,0,0,0,0,0,0,0,0
fa130006f.jpg,1,1,3,3,18831,0,0,18831,0,0,0,1,0
fa154606d.jpg,0,0,,0,0,0,0,0,0,0,0,0,0
fa17c01fa.jpg,0,0,,0,0,0,0,0,0,0,0,0,0
fa241dde2.jpg,1,1,4,4,10653,0,0,0,10653,0,0,0,1
fa342395f.jpg,1,1,1,1,8911,8911,0,0,0,1,0,0,0
fa347a114.jpg,1,1,3,3,42394,0,0,42394,0,0,0,1,0
fa3828a07.jpg,1,1,3,3,16636,0,0,16636,0,0,0,1,0
fa3a68a38.jpg,1,2,1|2,2,4886,988,3898,0,0,1,1,0,0
fa434abec.jpg,1,1,3,3,26844,0,0,26844,0,0,0,1,0
fa492c084.jpg,0,0,,0,0,0,0,0,0,0,0,0,0
fa4fe42af.jpg,0,0,,0,0,0,0,0,0,0,0,0,0
fa52d8ecd.jpg,0,0,,0,0,0,0,0,0,0,0,0,0
fa564380a.jpg,0,0,,0,0,0,0,0,0,0,0,0,0
fa6567637.jpg,1,1,4,4,32309,0,0,0,32309,0,0,0,1
fa6905f76.jpg,0,0,,0,0,0,0,0,0,0,0,0,0
fa6a00996.jpg,0,0,,0,0,0,0,0,0,0,0,0,0
fa6a65776.jpg,0,0,,0,0,0,0,0,0,0,0,0,0
fa71602c6.jpg,1,1,3,3,17449,0,0,17449,0,0,0,1,0
fa764f687.jpg,0,0,,0,0,0,0,0,0,0,0,0,0
fa7c44dbf.jpg,0,0,,0,0,0,0,0,0,0,0,0,0
fa80cdac8.jpg,1,1,3,3,132859,0,0,132859,0,0,0,1,0
fa8f73d4b.jpg,1,1,3,3,6671,0,0,6671,0,0,0,1,0
fa9a5da40.jpg,1,1,1,1,4908,4908,0,0,0,1,0,0,0
fa9c1b2e4.jpg,1,1,3,3,3370,0,0,3370,0,0,0,1,0
faa053217.jpg,0,0,,0,0,0,0,0,0,0,0,0,0
faa0cdf84.jpg,1,1,1,1,919,919,0,0,0,1,0,0,0
faa1000af.jpg,1,1,3,3,5968,0,0,5968,0,0,0,1,0
faa4010e1.jpg,0,0,,0,0,0,0,0,0,0,0,0,0
faa73f1d9.jpg,1,1,3,3,3805,0,0,3805,0,0,0,1,0
faa80e2e8.jpg,1,1,3,3,5617,0,0,5617,0,0,0,1,0
faab4b759.jpg,1,1,3,3,18221,0,0,18221,0,0,0,1,0
fab50d91a.jpg,1,1,1,1,5126,5126,0,0,0,1,0,0,0
fab8b357c.jpg,0,0,,0,0,0,0,0,0,0,0,0,0
fabd4faef.jpg,0,0,,0,0,0,0,0,0,0,0,0,0
fac3481a4.jpg,0,0,,0,0,0,0,0,0,0,0,0,0
fac87dc98.jpg,0,0,,0,0,0,0,0,0,0,0,0,0
fac91988f.jpg,1,1,3,3,30487,0,0,30487,0,0,0,1,0
fac9867d0.jpg,0,0,,0,0,0,0,0,0,0,0,0,0
fac9c2cb8.jpg,1,1,3,3,241772,0,0,241772,0,0,0,1,0
facc4ddc7.jpg,1,1,3,3,7795,0,0,7795,0,0,0,1,0
facfab806.jpg,0,0,,0,0,0,0,0,0,0,0,0,0
fad2dd8ee.jpg,1,2,2|3,3,8000,0,3136,4864,0,0,1,1,0
fad32acdd.jpg,0,0,,0,0,0,0,0,0,0,0,0,0
fadccb348.jpg,0,0,,0,0,0,0,0,0,0,0,0,0
fae50c768.jpg,1,1,3,3,9056,0,0,9056,0,0,0,1,0
faea44200.jpg,1,1,3,3,2091,0,0,2091,0,0,0,1,0
faf0dc448.jpg,0,0,,0,0,0,0,0,0,0,0,0,0
fafd76f70.jpg,1,1,3,3,15032,0,0,15032,0,0,0,1,0
fb0434dea.jpg,1,1,1,1,1273,1273,0,0,0,1,0,0,0
fb18f4f82.jpg,1,1,3,3,229773,0,0,229773,0,0,0,1,0
fb1a7bc67.jpg,1,1,3,3,2776,0,0,2776,0,0,0,1,0
fb208afce.jpg,1,1,3,3,7204,0,0,7204,0,0,0,1,0
fb217517b.jpg,0,0,,0,0,0,0,0,0,0,0,0,0
fb22747f2.jpg,0,0,,0,0,0,0,0,0,0,0,0,0
fb227f89f.jpg,0,0,,0,0,0,0,0,0,0,0,0,0
fb23968c0.jpg,1,1,3,3,3752,0,0,3752,0,0,0,1,0
fb252eb78.jpg,1,1,1,1,1540,1540,0,0,0,1,0,0,0
fb2c208eb.jpg,0,0,,0,0,0,0,0,0,0,0,0,0
fb2d75aea.jpg,1,1,2,2,1919,0,1919,0,0,0,1,0,0
fb3273735.jpg,0,0,,0,0,0,0,0,0,0,0,0,0
fb352c185.jpg,1,1,1,1,1781,1781,0,0,0,1,0,0,0
fb357de4d.jpg,1,2,3|4,3,39495,0,0,31685,7810,0,0,1,1
fb36b84e7.jpg,1,1,1,1,5629,5629,0,0,0,1,0,0,0
fb37207e8.jpg,0,0,,0,0,0,0,0,0,0,0,0,0
fb38bb7bf.jpg,1,1,3,3,6194,0,0,6194,0,0,0,1,0
fb3a54000.jpg,1,1,3,3,53774,0,0,53774,0,0,0,1,0
fb49750e4.jpg,0,0,,0,0,0,0,0,0,0,0,0,0
fb4ad0679.jpg,0,0,,0,0,0,0,0,0,0,0,0,0
fb565bc91.jpg,1,1,3,3,5609,0,0,5609,0,0,0,1,0
fb6666769.jpg,1,1,3,3,1339,0,0,1339,0,0,0,1,0
fb6a70917.jpg,1,1,3,3,20806,0,0,20806,0,0,0,1,0
fb6e418f2.jpg,0,0,,0,0,0,0,0,0,0,0,0,0
fb6ed1e5a.jpg,0,0,,0,0,0,0,0,0,0,0,0,0
fb714819e.jpg,0,0,,0,0,0,0,0,0,0,0,0,0
fb7812d7c.jpg,0,0,,0,0,0,0,0,0,0,0,0,0
fb8a8c8be.jpg,0,0,,0,0,0,0,0,0,0,0,0,0
fb8c8f732.jpg,1,1,3,3,68728,0,0,68728,0,0,0,1,0
fb9558035.jpg,1,2,3|4,3,239903,0,0,218722,21181,0,0,1,1
fb9a07c8f.jpg,1,2,1|2,2,5408,1340,4068,0,0,1,1,0,0
fb9bed1bb.jpg,1,1,3,3,11226,0,0,11226,0,0,0,1,0
fbab82e58.jpg,0,0,,0,0,0,0,0,0,0,0,0,0
fbadf780f.jpg,1,1,4,4,41623,0,0,0,41623,0,0,0,1
fbb44ab31.jpg,1,1,3,3,1062,0,0,1062,0,0,0,1,0
fbbb8f8b2.jpg,1,1,3,3,16672,0,0,16672,0,0,0,1,0
fbbd2ed0d.jpg,1,1,1,1,17946,17946,0,0,0,1,0,0,0
fbbecd1d9.jpg,0,0,,0,0,0,0,0,0,0,0,0,0
fbc970f36.jpg,0,0,,0,0,0,0,0,0,0,0,0,0
fbc97ac61.jpg,1,2,1|2,2,3641,288,3353,0,0,1,1,0,0
fbcb3df55.jpg,1,1,3,3,20312,0,0,20312,0,0,0,1,0
fbccd24e3.jpg,0,0,,0,0,0,0,0,0,0,0,0,0
fbce1e845.jpg,0,0,,0,0,0,0,0,0,0,0,0,0
fbce992e6.jpg,0,0,,0,0,0,0,0,0,0,0,0,0
fbd219354.jpg,1,1,3,3,6804,0,0,6804,0,0,0,1,0
fbdc2daae.jpg,1,1,2,2,1954,0,1954,0,0,0,1,0,0
fbdde63d5.jpg,1,1,1,1,4827,4827,0,0,0,1,0,0,0
fbe24003b.jpg,0,0,,0,0,0,0,0,0,0,0,0,0
fbedb4788.jpg,0,0,,0,0,0,0,0,0,0,0,0,0
fbf0bf047.jpg,0,0,,0,0,0,0,0,0,0,0,0,0
fbf282a60.jpg,1,1,3,3,751,0,0,751,0,0,0,1,0
fbf7ac43e.jpg,1,1,3,3,2072,0,0,2072,0,0,0,1,0
fc0541a53.jpg,1,1,1,1,2426,2426,0,0,0,1,0,0,0
fc0d2f65e.jpg,0,0,,0,0,0,0,0,0,0,0,0,0
fc113cb7e.jpg,1,1,1,1,1691,1691,0,0,0,1,0,0,0
fc1e573df.jpg,0,0,,0,0,0,0,0,0,0,0,0,0
fc1ee52dc.jpg,0,0,,0,0,0,0,0,0,0,0,0,0
fc20db1e0.jpg,0,0,,0,0,0,0,0,0,0,0,0,0
fc230eb3c.jpg,1,1,3,3,41353,0,0,41353,0,0,0,1,0
fc23f981b.jpg,0,0,,0,0,0,0,0,0,0,0,0,0
fc2968239.jpg,1,1,3,3,9275,0,0,9275,0,0,0,1,0
fc2d2d29e.jpg,1,2,1|3,1,4618,2566,0,2052,0,1,0,1,0
fc2e9c877.jpg,0,0,,0,0,0,0,0,0,0,0,0,0
fc3151ab5.jpg,1,1,3,3,14323,0,0,14323,0,0,0,1,0
fc37492b6.jpg,0,0,,0,0,0,0,0,0,0,0,0,0
fc46a5d97.jpg,0,0,,0,0,0,0,0,0,0,0,0,0
fc477f3c8.jpg,1,1,3,3,6930,0,0,6930,0,0,0,1,0
fc4ef4356.jpg,1,1,3,3,73700,0,0,73700,0,0,0,1,0
fc4f997c5.jpg,1,2,3|4,4,22980,0,0,11426,11554,0,0,1,1
fc55baa4f.jpg,0,0,,0,0,0,0,0,0,0,0,0,0
fc5cb6d9e.jpg,0,0,,0,0,0,0,0,0,0,0,0,0
fc5e5979c.jpg,1,1,3,3,10505,0,0,10505,0,0,0,1,0
fc62ebb8b.jpg,1,1,3,3,8366,0,0,8366,0,0,0,1,0
fc6cbd71b.jpg,0,0,,0,0,0,0,0,0,0,0,0,0
fc70bf091.jpg,1,1,3,3,16485,0,0,16485,0,0,0,1,0
fc8cb11db.jpg,1,1,1,1,4312,4312,0,0,0,1,0,0,0
fc921f66a.jpg,0,0,,0,0,0,0,0,0,0,0,0,0
fc937f4b5.jpg,0,0,,0,0,0,0,0,0,0,0,0,0
fc9557838.jpg,0,0,,0,0,0,0,0,0,0,0,0,0
fc9f88417.jpg,1,1,3,3,17760,0,0,17760,0,0,0,1,0
fca5cbc24.jpg,0,0,,0,0,0,0,0,0,0,0,0,0
fcacd299d.jpg,1,1,3,3,4565,0,0,4565,0,0,0,1,0
fcb1f2469.jpg,1,1,3,3,8388,0,0,8388,0,0,0,1,0
fcb25f2ec.jpg,1,1,3,3,8448,0,0,8448,0,0,0,1,0
fcbe0914f.jpg,0,0,,0,0,0,0,0,0,0,0,0,0
fcc15caae.jpg,0,0,,0,0,0,0,0,0,0,0,0,0
fcc7c9c3c.jpg,0,0,,0,0,0,0,0,0,0,0,0,0
fcce5b9cc.jpg,1,1,3,3,70987,0,0,70987,0,0,0,1,0
fcd374576.jpg,1,1,2,2,3060,0,3060,0,0,0,1,0,0
fcd874407.jpg,1,1,3,3,2272,0,0,2272,0,0,0,1,0
fcddbcbc0.jpg,1,1,1,1,849,849,0,0,0,1,0,0,0
fcdec6c2f.jpg,0,0,,0,0,0,0,0,0,0,0,0,0
fcdeccead.jpg,1,1,1,1,2158,2158,0,0,0,1,0,0,0
fcded3d29.jpg,1,1,3,3,46205,0,0,46205,0,0,0,1,0
fcdfdbf64.jpg,1,1,3,3,36544,0,0,36544,0,0,0,1,0
fce971b43.jpg,1,1,3,3,25444,0,0,25444,0,0,0,1,0
fcea4a36f.jpg,1,1,3,3,15092,0,0,15092,0,0,0,1,0
fcf0d3eeb.jpg,0,0,,0,0,0,0,0,0,0,0,0,0
fcf5cf8e2.jpg,1,1,3,3,4608,0,0,4608,0,0,0,1,0
fcfffb388.jpg,1,1,3,3,3728,0,0,3728,0,0,0,1,0
fd02408b4.jpg,0,0,,0,0,0,0,0,0,0,0,0,0
fd0c52161.jpg,0,0,,0,0,0,0,0,0,0,0,0,0
fd14dd6dc.jpg,1,1,3,3,62580,0,0,62580,0,0,0,1,0
fd183310f.jpg,0,0,,0,0,0,0,0,0,0,0,0,0
fd184c14c.jpg,1,1,3,3,3636,0,0,3636,0,0,0,1,0
fd1c572bb.jpg,0,0,,0,0,0,0,0,0,0,0,0,0
fd2094971.jpg,0,0,,0,0,0,0,0,0,0,0,0,0
fd26ab9ad.jpg,1,2,3|4,3,12559,0,0,9222,3337,0,0,1,1
fd297963a.jpg,0,0,,0,0,0,0,0,0,0,0,0,0
fd2a53b9a.jpg,1,1,3,3,20956,0,0,20956,0,0,0,1,0
fd2f7b4f4.jpg,0,0,,0,0,0,0,0,0,0,0,0,0
fd319a9a3.jpg,0,0,,0,0,0,0,0,0,0,0,0,0
fd32f8ad3.jpg,1,1,1,1,4675,4675,0,0,0,1,0,0,0
fd3afa979.jpg,1,1,3,3,6121,0,0,6121,0,0,0,1,0
fd3dd0ae2.jpg,0,0,,0,0,0,0,0,0,0,0,0,0
fd4b9e7c0.jpg,0,0,,0,0,0,0,0,0,0,0,0,0
fd5de08ea.jpg,1,1,3,3,21664,0,0,21664,0,0,0,1,0
fd6208bbc.jpg,1,1,1,1,10519,10519,0,0,0,1,0,0,0
fd64f3fd7.jpg,0,0,,0,0,0,0,0,0,0,0,0,0
fd76d8b3d.jpg,1,1,3,3,30759,0,0,30759,0,0,0,1,0
fd7b70c7b.jpg,1,1,3,3,10159,0,0,10159,0,0,0,1,0
fd81ef9be.jpg,0,0,,0,0,0,0,0,0,0,0,0,0
fd83f3489.jpg,0,0,,0,0,0,0,0,0,0,0,0,0
fd85c439e.jpg,0,0,,0,0,0,0,0,0,0,0,0,0
fd86d4201.jpg,1,1,3,3,6305,0,0,6305,0,0,0,1,0
fd88ec534.jpg,1,1,4,4,14365,0,0,0,14365,0,0,0,1
fd8e2675c.jpg,0,0,,0,0,0,0,0,0,0,0,0,0
fd9b1a987.jpg,0,0,,0,0,0,0,0,0,0,0,0,0
fda1a539d.jpg,1,1,4,4,56915,0,0,0,56915,0,0,0,1
fda40e618.jpg,0,0,,0,0,0,0,0,0,0,0,0,0
fda56a365.jpg,1,1,3,3,78733,0,0,78733,0,0,0,1,0
fda720bac.jpg,1,1,3,3,356308,0,0,356308,0,0,0,1,0
fdaaaf9d9.jpg,1,1,3,3,17745,0,0,17745,0,0,0,1,0
fdab86eb7.jpg,1,1,3,3,3415,0,0,3415,0,0,0,1,0
fdabe52ee.jpg,1,1,3,3,6240,0,0,6240,0,0,0,1,0
fdac6eb7b.jpg,0,0,,0,0,0,0,0,0,0,0,0,0
fdb58f4ec.jpg,0,0,,0,0,0,0,0,0,0,0,0,0
fdb5ae9d4.jpg,1,1,3,3,3268,0,0,3268,0,0,0,1,0
fdb705792.jpg,1,1,3,3,6656,0,0,6656,0,0,0,1,0
fdb71f007.jpg,0,0,,0,0,0,0,0,0,0,0,0,0
fdb7c0397.jpg,1,2,3|4,3,68477,0,0,36610,31867,0,0,1,1
fdb8a4e70.jpg,1,1,3,3,22784,0,0,22784,0,0,0,1,0
fdbae58d2.jpg,0,0,,0,0,0,0,0,0,0,0,0,0
fdc7bc599.jpg,0,0,,0,0,0,0,0,0,0,0,0,0
fdc83849e.jpg,1,1,3,3,5218,0,0,5218,0,0,0,1,0
fdc84bdc4.jpg,0,0,,0,0,0,0,0,0,0,0,0,0
fdcaa4692.jpg,1,1,3,3,11634,0,0,11634,0,0,0,1,0
fdd363326.jpg,1,1,3,3,12684,0,0,12684,0,0,0,1,0
fdd592bf5.jpg,0,0,,0,0,0,0,0,0,0,0,0,0
fdd63753f.jpg,0,0,,0,0,0,0,0,0,0,0,0,0
fde8b6a20.jpg,0,0,,0,0,0,0,0,0,0,0,0,0
fde8d37fc.jpg,1,1,3,3,198987,0,0,198987,0,0,0,1,0
fdefeca1f.jpg,1,1,3,3,20694,0,0,20694,0,0,0,1,0
fdf0d8b7a.jpg,1,1,3,3,23534,0,0,23534,0,0,0,1,0
fdf3a16fc.jpg,1,1,3,3,5612,0,0,5612,0,0,0,1,0
fdf6a925f.jpg,0,0,,0,0,0,0,0,0,0,0,0,0
fdf8a8fda.jpg,0,0,,0,0,0,0,0,0,0,0,0,0
fdfbe4d02.jpg,0,0,,0,0,0,0,0,0,0,0,0,0
fe01b0ce0.jpg,1,1,3,3,15893,0,0,15893,0,0,0,1,0
fe123ce40.jpg,0,0,,0,0,0,0,0,0,0,0,0,0
fe1f25a02.jpg,1,1,3,3,11974,0,0,11974,0,0,0,1,0
fe2136368.jpg,0,0,,0,0,0,0,0,0,0,0,0,0
fe21a795a.jpg,1,1,3,3,184199,0,0,184199,0,0,0,1,0
fe2234ba6.jpg,1,2,1|3,3,14138,2719,0,11419,0,1,0,1,0
fe2637bd9.jpg,1,1,1,1,5997,5997,0,0,0,1,0,0,0
fe335d9b8.jpg,1,1,3,3,4942,0,0,4942,0,0,0,1,0
fe3c40c86.jpg,0,0,,0,0,0,0,0,0,0,0,0,0
fe44d3c92.jpg,0,0,,0,0,0,0,0,0,0,0,0,0
fe471b6c5.jpg,0,0,,0,0,0,0,0,0,0,0,0,0
fe56055d0.jpg,0,0,,0,0,0,0,0,0,0,0,0,0
fe5f1f766.jpg,0,0,,0,0,0,0,0,0,0,0,0,0
fe6065792.jpg,0,0,,0,0,0,0,0,0,0,0,0,0
fe618d8ad.jpg,0,0,,0,0,0,0,0,0,0,0,0,0
fe65bce69.jpg,1,1,3,3,8936,0,0,8936,0,0,0,1,0
fe689cf0a.jpg,1,1,2,2,6390,0,6390,0,0,0,1,0,0
fe6f8e502.jpg,1,1,3,3,8648,0,0,8648,0,0,0,1,0
fe7459fe6.jpg,0,0,,0,0,0,0,0,0,0,0,0,0
fe793c552.jpg,1,1,3,3,26322,0,0,26322,0,0,0,1,0
fe7b99496.jpg,1,1,3,3,2046,0,0,2046,0,0,0,1,0
fe849b86c.jpg,0,0,,0,0,0,0,0,0,0,0,0,0
fe8e137c0.jpg,1,1,1,1,4341,4341,0,0,0,1,0,0,0
fe90516f3.jpg,1,1,3,3,4352,0,0,4352,0,0,0,1,0
fe96a088d.jpg,1,1,3,3,15734,0,0,15734,0,0,0,1,0
fe9f07422.jpg,0,0,,0,0,0,0,0,0,0,0,0,0
fea2f6ad2.jpg,1,1,3,3,3801,0,0,3801,0,0,0,1,0
fea3da755.jpg,1,1,3,3,634,0,0,634,0,0,0,1,0
fea4c4feb.jpg,1,1,1,1,2968,2968,0,0,0,1,0,0,0
fea8e46ad.jpg,1,1,3,3,11885,0,0,11885,0,0,0,1,0
feababedf.jpg,0,0,,0,0,0,0,0,0,0,0,0,0
feb2cfa94.jpg,1,1,3,3,6656,0,0,6656,0,0,0,1,0
feb7f851f.jpg,0,0,,0,0,0,0,0,0,0,0,0,0
feb959e50.jpg,0,0,,0,0,0,0,0,0,0,0,0,0
febaaaaa7.jpg,0,0,,0,0,0,0,0,0,0,0,0,0
febd24f9a.jpg,1,1,3,3,70053,0,0,70053,0,0,0,1,0
fec35dc6d.jpg,0,0,,0,0,0,0,0,0,0,0,0,0
fec4b10d0.jpg,1,1,3,3,2390,0,0,2390,0,0,0,1,0
fec666a05.jpg,0,0,,0,0,0,0,0,0,0,0,0,0
fec86da3c.jpg,1,1,3,3,1614,0,0,1614,0,0,0,1,0
fed07ccf3.jpg,1,1,1,1,533,533,0,0,0,1,0,0,0
fed23a483.jpg,1,1,3,3,39956,0,0,39956,0,0,0,1,0
fee93875b.jpg,1,1,3,3,34635,0,0,34635,0,0,0,1,0
feebccc73.jpg,0,0,,0,0,0,0,0,0,0,0,0,0
feebe80d4.jpg,1,1,3,3,2116,0,0,2116,0,0,0,1,0
feec56162.jpg,1,1,4,4,53038,0,0,0,53038,0,0,0,1
fef3329b7.jpg,0,0,,0,0,0,0,0,0,0,0,0,0
fef40d085.jpg,0,0,,0,0,0,0,0,0,0,0,0,0
ff001adfe.jpg,1,1,1,1,13984,13984,0,0,0,1,0,0,0
ff09babee.jpg,0,0,,0,0,0,0,0,0,0,0,0,0
ff1020719.jpg,1,1,3,3,22893,0,0,22893,0,0,0,1,0
ff18dded1.jpg,0,0,,0,0,0,0,0,0,0,0,0,0
ff27b4b1b.jpg,1,1,3,3,6115,0,0,6115,0,0,0,1,0
ff300484e.jpg,1,1,3,3,11904,0,0,11904,0,0,0,1,0
ff35c950a.jpg,0,0,,0,0,0,0,0,0,0,0,0,0
ff3bac947.jpg,0,0,,0,0,0,0,0,0,0,0,0,0
ff44fa556.jpg,1,1,3,3,5157,0,0,5157,0,0,0,1,0
ff4ddccf9.jpg,1,1,3,3,27427,0,0,27427,0,0,0,1,0
ff52f9fe2.jpg,1,1,3,3,11433,0,0,11433,0,0,0,1,0
ff5483763.jpg,1,1,3,3,11161,0,0,11161,0,0,0,1,0
ff5590fbe.jpg,1,1,3,3,2603,0,0,2603,0,0,0,1,0
ff5c7f868.jpg,1,1,3,3,58768,0,0,58768,0,0,0,1,0
ff6bfada2.jpg,1,2,3|4,4,83170,0,0,21727,61443,0,0,1,1
ff6cc90ca.jpg,1,1,3,3,13533,0,0,13533,0,0,0,1,0
ff6e35e0a.jpg,1,2,1|2,2,14598,6446,8152,0,0,1,1,0,0
ff6ec63cf.jpg,0,0,,0,0,0,0,0,0,0,0,0,0
ff6f1a404.jpg,0,0,,0,0,0,0,0,0,0,0,0,0
ff73c8e76.jpg,0,0,,0,0,0,0,0,0,0,0,0,0
ff882d69e.jpg,0,0,,0,0,0,0,0,0,0,0,0,0
ff8c44174.jpg,0,0,,0,0,0,0,0,0,0,0,0,0
ff933e271.jpg,1,1,3,3,20413,0,0,20413,0,0,0,1,0
ff96da52e.jpg,0,0,,0,0,0,0,0,0,0,0,0,0
ff96dfa95.jpg,1,1,3,3,16082,0,0,16082,0,0,0,1,0
ff9923932.jpg,1,1,3,3,1399,0,0,1399,0,0,0,1,0
ff9d46e95.jpg,1,1,4,4,14648,0,0,0,14648,0,0,0,1
ffa55c731.jpg,0,0,,0,0,0,0,0,0,0,0,0,0
ffa8210a1.jpg,0,0,,0,0,0,0,0,0,0,0,0,0
ffaa05016.jpg,0,0,,0,0,0,0,0,0,0,0,0,0
ffb48ee43.jpg,1,1,3,3,84244,0,0,84244,0,0,0,1,0
ffbd081d5.jpg,1,1,3,3,41049,0,0,41049,0,0,0,1,0
ffc9fdf70.jpg,1,1,3,3,3487,0,0,3487,0,0,0,1,0
ffcf72ecf.jpg,1,1,3,3,8903,0,0,8903,0,0,0,1,0
ffd0223a7.jpg,0,0,,0,0,0,0,0,0,0,0,0,0
ffe93442c.jpg,0,0,,0,0,0,0,0,0,0,0,0,0
fff0295e1.jpg,0,0,,0,0,0,0,0,0,0,0,0,0
fff02e9c5.jpg,1,1,3,3,7206,0,0,7206,0,0,0,1,0
fffe98443.jpg,1,1,3,3,2336,0,0,2336,0,0,0,1,0
ffff4eaa8.jpg,1,1,3,3,23503,0,0,23503,0,0,0,1,0
ffffd67df.jpg,1,1,3,3,5071,0,0,5071,0,0,0,1,0
