image_id,split
00031f466.jpg,train
000418bfc.jpg,train
000789191.jpg,train
0007a71bf.jpg,train
000a4bcdd.jpg,train
000f6bf48.jpg,train
0014fce06.jpg,train
0025bde0c.jpg,train
002af848d.jpg,train
002e73b3c.jpg,train
002fc4e19.jpg,train
0030401a5.jpg,train
003ac9d2a.jpg,train
0046839bd.jpg,train
005b92582.jpg,train
005dbf0e0.jpg,train
005f02e20.jpg,train
005f19695.jpg,train
006a4402e.jpg,train
0074d81d0.jpg,train
00762aa3b.jpg,train
007f28bba.jpg,train
008479d08.jpg,train
008621629.jpg,train
0088260da.jpg,train
008b9acf5.jpg,train
008d0f87b.jpg,train
008ef3d74.jpg,train
0095cd374.jpg,train
009b12ccc.jpg,train
00ac8372f.jpg,train
00af2671f.jpg,train
00b989e78.jpg,train
00bc01bfe.jpg,train
00bf8497a.jpg,train
00c24a74c.jpg,train
00c6060db.jpg,train
00c88fed0.jpg,train
00cdb56a0.jpg,train
00d639396.jpg,train
00d7ae946.jpg,train
00dcb19f3.jpg,train
00ded7837.jpg,train
00e0398ad.jpg,train
00ec97699.jpg,train
00f1665e6.jpg,train
00f68d337.jpg,train
00f95222c.jpg,train
00fe04c98.jpg,train
00fe7f023.jpg,train
0101e2cf0.jpg,train
01053d28f.jpg,train
010db68d1.jpg,train
012a4581b.jpg,train
012a9a4c7.jpg,train
012f26693.jpg,train
01338c0ea.jpg,train
0139dd004.jpg,train
0141c9bf3.jpg,train
014409fcc.jpg,train
0148e9891.jpg,train
014ebe543.jpg,train
015ed7fac.jpg,train
01661826d.jpg,train
016af13d0.jpg,train
016efe618.jpg,train
01764ee81.jpg,train
017c828a1.jpg,train
017d75655.jpg,train
018ccdfed.jpg,train
01919944c.jpg,train
0198ab92d.jpg,train
019f42c2a.jpg,train
01a1027ce.jpg,train
01afbfa7a.jpg,train
01b237ab8.jpg,train
01b492dd6.jpg,train
01b6c2dc1.jpg,train
01c3ef286.jpg,train
01cf446d4.jpg,train
01cfacf80.jpg,train
01d590c5f.jpg,train
01d97b205.jpg,train
01dbcd2ec.jpg,train
01df77e59.jpg,train
01e020dc5.jpg,train
01e501f99.jpg,train
01e69cfc3.jpg,train
01ebe0d32.jpg,train
01fd320c9.jpg,train
01fd50e68.jpg,train
0202a5f22.jpg,train
020ff3106.jpg,train
0217af9b1.jpg,train
0218c0fcc.jpg,train
02291e913.jpg,train
023353d24.jpg,train
023a21cf2.jpg,train
02431211b.jpg,train
02449f836.jpg,train
025cb9f6e.jpg,train
025dc8dc8.jpg,train
026105525.jpg,train
026183d85.jpg,train
02709b038.jpg,train
0274a26b4.jpg,train
02761e0d1.jpg,train
027b280f4.jpg,train
0281aba7b.jpg,train
0285f63ad.jpg,train
028ed7768.jpg,train
02a78fb18.jpg,train
02b6b9f29.jpg,train
02b906933.jpg,train
02bb80457.jpg,train
02bf279c9.jpg,train
02c4655ff.jpg,train
02c79bfcb.jpg,train
02c7f44d9.jpg,train
02d006f47.jpg,train
02d18b8a4.jpg,train
02d3ca489.jpg,train
02d573611.jpg,train
02d8c6b30.jpg,train
02ea1d0e8.jpg,train
030336aa4.jpg,train
03098160c.jpg,train
031614d60.jpg,train
031627893.jpg,train
031f334ec.jpg,train
03216ed91.jpg,train
03284f71b.jpg,train
03395a3da.jpg,train
0340e13c4.jpg,train
034941f9d.jpg,train
034a72783.jpg,train
034b387c3.jpg,train
034e64ff3.jpg,train
035021da2.jpg,train
0358eaf5b.jpg,train
0360edfb8.jpg,train
036505ca3.jpg,train
036c4e5d2.jpg,train
037887e11.jpg,train
037fca267.jpg,train
0384b81f8.jpg,train
03860f6a9.jpg,train
0386ce84b.jpg,train
038c9fdad.jpg,train
038f14456.jpg,train
0399d7c46.jpg,train
03ae2bc91.jpg,train
03af7f0c0.jpg,train
03b3b06e1.jpg,train
03ba7286b.jpg,train
03c558103.jpg,train
03ca4d04c.jpg,train
03db6bbc3.jpg,train
03e2515a7.jpg,train
03f15daba.jpg,train
03faf7462.jpg,train
0401d67aa.jpg,train
0405e7c54.jpg,train
04072b39a.jpg,train
040de71ca.jpg,train
040fcc2f1.jpg,train
041187764.jpg,train
041a93b6d.jpg,train
04238d7e3.jpg,train
04246167f.jpg,train
042691991.jpg,train
044700866.jpg,train
04505c6df.jpg,train
046282f58.jpg,train
046c35525.jpg,train
0473a80ee.jpg,train
047fa15d0.jpg,train
04802a6c2.jpg,train
0482ee1d6.jpg,train
0483ecae0.jpg,train
048d14d3f.jpg,train
048e8f015.jpg,train
04933e7f0.jpg,train
04985b2a8.jpg,train
0498abd18.jpg,train
049bad998.jpg,train
049fb17a1.jpg,train
04a06d744.jpg,train
04a5009fa.jpg,train
04a5d5763.jpg,train
04ae7853c.jpg,train
04b0f819d.jpg,train
04bf23eba.jpg,train
04c3aade7.jpg,train
04d527562.jpg,train
04d9a0db8.jpg,train
04e15fdc1.jpg,train
04e23e414.jpg,train
04fa19d59.jpg,train
050edacec.jpg,train
05172e316.jpg,train
05184e71b.jpg,train
0519989b3.jpg,train
051f58cb4.jpg,train
0526d780c.jpg,train
052838084.jpg,train
052ac9a54.jpg,train
052cc2a0f.jpg,train
05396b495.jpg,train
053bf4b5f.jpg,train
053e9a29c.jpg,train
054190eb2.jpg,train
0549ad8ba.jpg,train
056e34021.jpg,train
05747b10b.jpg,train
0576d3847.jpg,train
057b89dd5.jpg,train
0582ac66c.jpg,train
058a1e3b8.jpg,train
058f6a9c6.jpg,train
059000a4f.jpg,train
05a024a74.jpg,train
05a08c565.jpg,train
05a2c2eb0.jpg,train
05b847b1f.jpg,train
05b8ed770.jpg,train
05bb18957.jpg,train
05f5e7366.jpg,train
05fc29f57.jpg,train
0602f0520.jpg,train
0603c2340.jpg,train
0606395c5.jpg,train
060964105.jpg,train
060c3159e.jpg,train
0613c11b3.jpg,train
062167783.jpg,train
0634275a6.jpg,train
063571c5c.jpg,train
063b5dcbe.jpg,train
0645d69f9.jpg,train
066b9220c.jpg,train
066bed8c1.jpg,train
066ecd182.jpg,train
06713b712.jpg,train
0696cfa05.jpg,train
06a86ee90.jpg,train
06ae96c30.jpg,train
06aed81ba.jpg,train
06b384e78.jpg,train
06b49e34f.jpg,train
06d0fbb0c.jpg,train
06d3a99cb.jpg,train
06e099136.jpg,train
06e5521bc.jpg,train
06e6582af.jpg,train
06e6e7a8c.jpg,train
06e7b157a.jpg,train
06e8eced9.jpg,train
06eb2151d.jpg,train
06f52f4dd.jpg,train
06fb3a6e5.jpg,train
070037b64.jpg,train
070f0733c.jpg,train
0712fbd90.jpg,train
0728b2ac9.jpg,train
0739e9688.jpg,train
073d8f414.jpg,train
073f2a466.jpg,train
075ae68f4.jpg,train
07611b0a1.jpg,train
07732248e.jpg,train
0774ee747.jpg,train
077f0256d.jpg,train
078cb6932.jpg,train
078e8abfb.jpg,train
079054aa2.jpg,train
0792723f1.jpg,train
0794e9e24.jpg,train
07a238cf0.jpg,train
07b1a9644.jpg,train
07b627cb9.jpg,train
07ba66beb.jpg,train
07bee931a.jpg,train
07c3d6d77.jpg,train
07c8ba1d5.jpg,train
07c8c77a3.jpg,train
07c917711.jpg,train
07cb6d544.jpg,train
07cb85a8d.jpg,train
07cbfd1f8.jpg,train
07cd0a3e9.jpg,train
07e68173c.jpg,train
07e6bbef3.jpg,train
07edcfc26.jpg,train
07edd4209.jpg,train
07fd9f3e6.jpg,train
08041ffdb.jpg,train
0808a098b.jpg,train
080906d34.jpg,train
080d6f77f.jpg,train
08135e87d.jpg,train
0817e2da4.jpg,train
08193cfc8.jpg,train
0821136d7.jpg,train
0824aaa5d.jpg,train
0829af407.jpg,train
082ad405c.jpg,train
083134687.jpg,train
0832de752.jpg,train
0841074c1.jpg,train
0842fa725.jpg,train
0849ea9f1.jpg,train
084abb378.jpg,train
084e8ba74.jpg,train
0855026b4.jpg,train
0858830b6.jpg,train
085a9eea6.jpg,train
085bcd104.jpg,train
085f71134.jpg,train
08630f05d.jpg,train
08658acdf.jpg,train
086739d4f.jpg,train
086bf54f4.jpg,train
08852b69d.jpg,train
0888e6a84.jpg,train
088a6bb94.jpg,train
088ecc915.jpg,train
08a1a079b.jpg,train
08a8ed239.jpg,train
08b10468d.jpg,train
08b40a161.jpg,train
08b539d11.jpg,train
08b99532a.jpg,train
08ba29346.jpg,train
08c2fc120.jpg,train
08c8229e3.jpg,train
08cb2b899.jpg,train
08d5bd03d.jpg,train
08d9cdf3b.jpg,train
08de8621d.jpg,train
08de8df60.jpg,train
08e21ba66.jpg,train
08e3aadde.jpg,train
08f0b26ac.jpg,train
08f37071a.jpg,train
08f5c0997.jpg,train
08f5d5a29.jpg,train
08f9c685f.jpg,train
090859f6a.jpg,train
090a6a4b5.jpg,train
091d21109.jpg,train
091fcc239.jpg,train
0920a07c6.jpg,train
0929b3d8f.jpg,train
092c1f666.jpg,train
092f2587c.jpg,train
09323504a.jpg,train
0934b8bff.jpg,train
094281d26.jpg,train
094b155b4.jpg,train
094fd70ea.jpg,train
09552b326.jpg,train
095c6bcdc.jpg,train
096e9d26a.jpg,train
0973e56f0.jpg,train
09757b84e.jpg,train
097e28492.jpg,train
097eaf94c.jpg,train
0988e13e7.jpg,train
098935502.jpg,train
099465815.jpg,train
099e4e39a.jpg,train
09a3a5730.jpg,train
09b2001b6.jpg,train
09b428fe0.jpg,train
09b8f16ad.jpg,train
09bb26d69.jpg,train
09bb99140.jpg,train
09c4ca5ef.jpg,train
09c967630.jpg,train
09d4ee8a5.jpg,train
09d70d8f0.jpg,train
09d7dba1b.jpg,train
09d84ff22.jpg,train
09d87038e.jpg,train
09dd555c8.jpg,train
09e06e897.jpg,train
09e15218c.jpg,train
09e4f864e.jpg,train
09e75817a.jpg,train
09e9c96fd.jpg,train
09ee01161.jpg,train
09ef816bf.jpg,train
09f598cb6.jpg,train
09fa983ff.jpg,train
0a058fcb6.jpg,train
0a122ef42.jpg,train
0a1cade03.jpg,train
0a21ce787.jpg,train
0a26aceb2.jpg,train
0a29ef6f9.jpg,train
0a405b396.jpg,train
0a433cb96.jpg,train
0a46cc4bf.jpg,train
0a4ad45a5.jpg,train
0a4ef8ee7.jpg,train
0a536b3c5.jpg,train
0a5a82b86.jpg,train
0a5ad2f0f.jpg,train
0a5cff3a7.jpg,train
0a65bd8d4.jpg,train
0a728f2a5.jpg,train
0a76ac9b8.jpg,train
0a76c7934.jpg,train
0a85666e4.jpg,train
0a8cb8ddf.jpg,train
0a8fddf7a.jpg,train
0a9799f01.jpg,train
0a9a7a6c7.jpg,train
0a9aaba9a.jpg,train
0aa7955fd.jpg,train
0aafd7471.jpg,train
0abfbfc69.jpg,train
0ac9936af.jpg,train
0adc17f1d.jpg,train
0ae4f8a60.jpg,train
0af5680b1.jpg,train
0af6b34a8.jpg,train
0b0f32a34.jpg,train
0b1235e38.jpg,train
0b15dd467.jpg,train
0b1a4d585.jpg,train
0b1e5a7a5.jpg,train
0b202a5ad.jpg,train
0b2d14bfd.jpg,train
0b2edb671.jpg,train
0b3a0fabe.jpg,train
0b431da6c.jpg,train
0b4457f28.jpg,train
0b4a68676.jpg,train
0b5051d9f.jpg,train
0b56da4ff.jpg,train
0b5c97e4c.jpg,train
0b620e67a.jpg,train
0b6cc9daa.jpg,train
0b76bcd3a.jpg,train
0b77d4ddf.jpg,train
0b7a4c9b9.jpg,train
0b8575001.jpg,train
0b8775632.jpg,train
0b95d9ca5.jpg,train
0ba2d403f.jpg,train
0ba4c4183.jpg,train
0bac0ef65.jpg,train
0bb304645.jpg,train
0bb37f2aa.jpg,train
0bb39cafa.jpg,train
0bb3b11e1.jpg,train
0bc0d715e.jpg,train
0bc373e44.jpg,train
0bc8070d5.jpg,train
0bd505b1b.jpg,train
0bd6da716.jpg,train
0be6eca0c.jpg,train
0be878d63.jpg,train
0be9bad7b.jpg,train
0beadf0e6.jpg,train
0becaa911.jpg,train
0bef9d940.jpg,train
0bf383153.jpg,train
0bfce2f41.jpg,train
0bfe252d0.jpg,train
0c0f61ab5.jpg,train
0c1c63e68.jpg,train
0c2522533.jpg,train
0c3fdad18.jpg,train
0c46e79a4.jpg,train
0c4c73167.jpg,train
0c4fc6017.jpg,train
0c59df320.jpg,train
0c5c5644b.jpg,train
0c607c9a3.jpg,train
0c6720401.jpg,train
0c6b1cfeb.jpg,train
0c6d171c6.jpg,train
0c7930c2d.jpg,train
0c888ecb5.jpg,train
0c9425441.jpg,train
0c9ae816d.jpg,train
0ca915b9f.jpg,train
0ca999106.jpg,train
0caf53aba.jpg,train
0cb3064bd.jpg,train
0cc0f6640.jpg,train
0cd8bbae8.jpg,train
0cdce1e66.jpg,train
0ce18d9e2.jpg,train
0ce3a145f.jpg,train
0ce5ead68.jpg,train
0ce9fcb62.jpg,train
0cefc1f4f.jpg,train
0cf509103.jpg,train
0cfcad1f5.jpg,train
0d01c8efb.jpg,train
0d0c21687.jpg,train
0d0ee7a51.jpg,train
0d13c2a23.jpg,train
0d17b6b4f.jpg,train
0d1ada935.jpg,train
0d1b42754.jpg,train
0d1e0ae6d.jpg,train
0d22c1559.jpg,train
0d22de6d4.jpg,train
0d258e4ae.jpg,train
0d26bb9b3.jpg,train
0d2a4e766.jpg,train
0d2a8b196.jpg,train
0d2c6fdf8.jpg,train
0d2fe4d55.jpg,train
0d324f7bd.jpg,train
0d365d98c.jpg,train
0d3a308d6.jpg,train
0d3edfec6.jpg,train
0d4eae8de.jpg,train
0d4ebbafc.jpg,train
0d51538b9.jpg,train
0d5e07a0d.jpg,train
0d617d477.jpg,train
0d61cb826.jpg,train
0d7943344.jpg,train
0d7afc7a6.jpg,train
0d9d01f2e.jpg,train
0d9d2aa59.jpg,train
0da296499.jpg,train
0da6615e7.jpg,train
0db39b46a.jpg,train
0db448eb7.jpg,train
0db535c8c.jpg,train
0dc52baf6.jpg,train
0dc953a31.jpg,train
0dced41aa.jpg,train
0dcfc9c19.jpg,train
0dd76b019.jpg,train
0dd8c9f61.jpg,train
0ddbc9fb5.jpg,train
0ddd9b0c8.jpg,train
0debf180d.jpg,train
0dfc5aa21.jpg,train
0dfd831a1.jpg,train
0e01b820c.jpg,train
0e0377ffa.jpg,train
0e0d5004d.jpg,train
0e0f06208.jpg,train
0e0f0a99e.jpg,train
0e15479f7.jpg,train
0e1925eb6.jpg,train
0e232ce72.jpg,train
0e3ade070.jpg,train
0e45812d6.jpg,train
0e479a15f.jpg,train
0e5e3f570.jpg,train
0e62d06d5.jpg,train
0e650e720.jpg,train
0e6f5e694.jpg,train
0e71cd651.jpg,train
0e7a45695.jpg,train
0e7f04eb4.jpg,train
0e86dea5b.jpg,train
0e9356159.jpg,train
0ea00bf92.jpg,train
0ea151b2f.jpg,train
0ea1e5d1a.jpg,train
0ea67158e.jpg,train
0eae06feb.jpg,train
0eb09950a.jpg,train
0eb39d43f.jpg,train
0eb737bd5.jpg,train
0eb93b1a5.jpg,train
0ebb34d89.jpg,train
0ebdc1277.jpg,train
0ec47dc45.jpg,train
0ec69ca92.jpg,train
0ec90edd8.jpg,train
0ed2b54f1.jpg,train
0ed6dadbd.jpg,train
0edbdc249.jpg,train
0ee406ddb.jpg,train
0ee9187b6.jpg,train
0eeb95f8f.jpg,train
0ef465b25.jpg,train
0ef4bff49.jpg,train
0f010cc60.jpg,train
0f0c71c3e.jpg,train
0f0e5dcf1.jpg,train
0f1617841.jpg,train
0f2f4c90e.jpg,train
0f3528f69.jpg,train
0f388ff6d.jpg,train
0f4709f57.jpg,train
0f4a022fd.jpg,train
0f4bf08bd.jpg,train
0f55795dc.jpg,train
0f61cbd36.jpg,train
0f632b643.jpg,train
0f65a99d2.jpg,train
0f74501fa.jpg,train
0f79fd2f8.jpg,train
0f7b0f4ab.jpg,train
0f8305adb.jpg,train
0f9227faf.jpg,train
0f9a12222.jpg,train
0f9f79a88.jpg,train
0fa3f0dab.jpg,train
0faa71251.jpg,train
0fab4b372.jpg,train
0fac62a3e.jpg,train
0fb0a9555.jpg,train
0fb30b22c.jpg,train
0fc3d194a.jpg,train
0fcafcb3b.jpg,train
0fd171923.jpg,train
0fd52bd83.jpg,train
0fd63823c.jpg,train
0fd87a6a9.jpg,train
0fe38037f.jpg,train
0fe52ac1e.jpg,train
0ff13bf69.jpg,train
0ff2850a2.jpg,train
0ff538004.jpg,train
100cf75d9.jpg,train
10120e148.jpg,train
1013a0b6e.jpg,train
10145b58a.jpg,train
1015a389a.jpg,train
101648543.jpg,train
1017c52e8.jpg,train
101bc8aa5.jpg,train
101cb7171.jpg,train
1028475d0.jpg,train
102ac71fd.jpg,train
10378f8ea.jpg,train
1045b62c0.jpg,train
104856a03.jpg,train
1058879b4.jpg,train
105c65107.jpg,train
105f93d9e.jpg,train
10631d848.jpg,train
1065b4d64.jpg,train
1082cfe08.jpg,train
108502c97.jpg,train
108ea689b.jpg,train
10909b4bb.jpg,train
109fbcecf.jpg,train
10ad74934.jpg,train
10b6f12f1.jpg,train
10bbf7cb3.jpg,train
10c190f20.jpg,train
10c752d54.jpg,train
10ca1b930.jpg,train
10caa6470.jpg,train
10cc0c97a.jpg,train
10de4f401.jpg,train
10e429bfc.jpg,train
10ea01334.jpg,train
10f93990e.jpg,train
10fd19005.jpg,train
110e63bfa.jpg,train
11192bc94.jpg,train
111ea31b8.jpg,train
112624ebb.jpg,train
112942aed.jpg,train
112b06482.jpg,train
112d183e5.jpg,train
11418b1c5.jpg,train
115c02850.jpg,train
115d51e4f.jpg,train
115efa1ca.jpg,train
115f3e6ad.jpg,train
1165781f0.jpg,train
117a02fa5.jpg,train
117ddaa9f.jpg,train
117e76e70.jpg,train
11872c662.jpg,train
118b71091.jpg,train
118f6acfe.jpg,train
1195bebaf.jpg,train
1198f83d2.jpg,train
11a92e52f.jpg,train
11aaf18e2.jpg,train
11b1e2910.jpg,train
11b37e4d7.jpg,train
11b3c8232.jpg,train
11b3d69a1.jpg,train
11b60701f.jpg,train
11b801a0a.jpg,train
11bbd9f31.jpg,train
11bda65f0.jpg,train
11bf761dc.jpg,train
11c481d5e.jpg,train
11e51739f.jpg,train
11f34f40d.jpg,train
11f788ecf.jpg,train
11ff6a6f4.jpg,train
1205a8e2b.jpg,train
121d3818a.jpg,train
12234aab8.jpg,train
12274ea9c.jpg,train
122c21f79.jpg,train
122e21783.jpg,train
122e9279c.jpg,train
123a05e48.jpg,train
123b0882e.jpg,train
124204a30.jpg,train
12471d0d5.jpg,train
1259fbac8.jpg,train
12627251e.jpg,train
127504e0f.jpg,train
1279bdb2d.jpg,train
127f33e12.jpg,train
1287339e5.jpg,train
128b708e5.jpg,train
12939a330.jpg,train
1296079c8.jpg,train
1298b6dbb.jpg,train
12baa6dc4.jpg,train
12c03a410.jpg,train
12c0b2b5c.jpg,train
12ca2b04b.jpg,train
12d1056a2.jpg,train
12d720737.jpg,train
12d7ffca7.jpg,train
12dc92cfd.jpg,train
12dd3899c.jpg,train
12e0fb251.jpg,train
12e5fd049.jpg,train
12ee58841.jpg,train
12ef6188f.jpg,train
13067c801.jpg,train
1308a608d.jpg,train
130e11be6.jpg,train
131196b13.jpg,train
131566b9b.jpg,train
13169e4cf.jpg,train
132e8ca58.jpg,train
1339dae37.jpg,train
13432fa74.jpg,train
135a4b191.jpg,train
135a6d6ef.jpg,train
135be73db.jpg,train
136d519e9.jpg,train
136e82a7f.jpg,train
1379aba8d.jpg,train
137bea7ce.jpg,train
1380154bd.jpg,train
1387583da.jpg,train
1395f831c.jpg,train
13964d18d.jpg,train
1396b6e88.jpg,train
139a60994.jpg,train
13a12ca2b.jpg,train
13a5ae893.jpg,train
13ab7b13e.jpg,train
13b66e5de.jpg,train
13baad39e.jpg,train
13c1d516a.jpg,train
13c27aa5b.jpg,train
13ca110ae.jpg,train
13cf44f8d.jpg,train
13d727efa.jpg,train
13de5ec74.jpg,train
13e1de19b.jpg,train
13eaecb93.jpg,train
13f563a54.jpg,train
14003a7d9.jpg,train
140e212df.jpg,train
140e59cff.jpg,train
141b21ab9.jpg,train
141bea747.jpg,train
141d72a3f.jpg,train
142036308.jpg,train
1422b7da0.jpg,train
1422f2b27.jpg,train
14277cfb6.jpg,train
1434e44e5.jpg,train
1435cd970.jpg,train
1435e5572.jpg,train
14423e60c.jpg,train
144e06202.jpg,train
144fa75bf.jpg,train
144fdd925.jpg,train
1453b2506.jpg,train
1466a7fc7.jpg,train
1473a83e2.jpg,train
147be765a.jpg,train
147ca5516.jpg,train
1481a35e4.jpg,train
148da3675.jpg,train
149ac1c03.jpg,train
14a77cc6f.jpg,train
14b5ab5a6.jpg,train
14c9a9062.jpg,train
14cc1c6b0.jpg,train
14d55eb94.jpg,train
14dfdd0bf.jpg,train
14e4da366.jpg,train
14e90eb54.jpg,train
14fb9778c.jpg,train
14ff2a474.jpg,train
1501f53a2.jpg,train
15063692d.jpg,train
150b95c70.jpg,train
150cadc70.jpg,train
1522f11af.jpg,train
1524a6e4f.jpg,train
15334d9b3.jpg,train
1534debad.jpg,train
1535e2127.jpg,train
153b56c43.jpg,train
15547c309.jpg,train
15550e6b7.jpg,train
155d2590e.jpg,train
1561eb657.jpg,train
1571b4532.jpg,train
1574cc730.jpg,train
15796b4d5.jpg,train
157b414cc.jpg,train
157f361ec.jpg,train
1592ad79d.jpg,train
159a2fee0.jpg,train
159b43d49.jpg,train
15a15f4c4.jpg,train
15aab6627.jpg,train
15aeb5d52.jpg,train
15afcbaf7.jpg,train
15b56bf43.jpg,train
15ca4bc45.jpg,train
15ca7ce7c.jpg,train
15ce9e5cf.jpg,train
15d258692.jpg,train
15d355039.jpg,train
15d8b6f02.jpg,train
15e21dfad.jpg,train
15e25d808.jpg,train
15e8d5e3d.jpg,train
15f14781f.jpg,train
15f78ae69.jpg,train
15f8fd390.jpg,train
16020674e.jpg,train
160391fb1.jpg,train
16073dd8e.jpg,train
161ab51b4.jpg,train
161ca82bf.jpg,train
162de780e.jpg,train
162f17999.jpg,train
162fbb1af.jpg,train
16305679d.jpg,train
163473240.jpg,train
1636d2e36.jpg,train
1639cc829.jpg,train
163ff3547.jpg,train
16498a156.jpg,train
164df9af8.jpg,train
164ed8257.jpg,train
1651fe36f.jpg,train
16585993c.jpg,train
166645a0b.jpg,train
166818755.jpg,train
166944188.jpg,train
166d7ab80.jpg,train
166fcd035.jpg,train
16730239e.jpg,train
167bea6b7.jpg,train
167d6930a.jpg,train
1689be8c8.jpg,train
168ad74c8.jpg,train
1695e6e06.jpg,train
1699951da.jpg,train
169baf9bb.jpg,train
16a1cf5b9.jpg,train
16a50624d.jpg,train
16a8c937b.jpg,train
16aa5333c.jpg,train
16aabaf79.jpg,train
16acf1ed9.jpg,train
16b00d4ef.jpg,train
16b7dc417.jpg,train
16b8b50af.jpg,train
16c60441c.jpg,train
16cf961d6.jpg,train
16d0b11ff.jpg,train
16d76e80f.jpg,train
16d9c0a30.jpg,train
16e926c1a.jpg,train
16ec8f55a.jpg,train
16f5ada73.jpg,train
16f619f33.jpg,train
16f6acb96.jpg,train
16fbb83d5.jpg,train
16fe1ce09.jpg,train
16ffb6397.jpg,train
17158eff6.jpg,train
1717ef156.jpg,train
171c64a72.jpg,train
172e692e1.jpg,train
17383bd97.jpg,train
1740fcd28.jpg,train
174528b1d.jpg,train
174a43cd9.jpg,train
175a25522.jpg,train
175abd8ac.jpg,train
175aeb257.jpg,train
175c0ee12.jpg,train
175d95f92.jpg,train
17685ac2d.jpg,train
177151af4.jpg,train
17840def7.jpg,train
178490b45.jpg,train
17856c79c.jpg,train
1795867f2.jpg,train
179f00d93.jpg,train
17a2d22f7.jpg,train
17ac2163c.jpg,train
17af615e5.jpg,train
17b384c3e.jpg,train
17b3f9421.jpg,train
17c821b3f.jpg,train
17d02873a.jpg,train
17d084dae.jpg,train
17d359607.jpg,train
17de32215.jpg,train
17e12e6cb.jpg,train
17e6602c2.jpg,train
17e6e4b30.jpg,train
17e7cd5c6.jpg,train
17e7e1e08.jpg,train
17eeca349.jpg,train
17f01b94d.jpg,train
17f611256.jpg,train
17f9f952a.jpg,train
17fa32126.jpg,train
18076ccc9.jpg,train
180bb19f9.jpg,train
181454b94.jpg,train
181d5197b.jpg,train
1821dcbf1.jpg,train
18262cbbb.jpg,train
182bce847.jpg,train
1834d87c4.jpg,train
1835aee23.jpg,train
183bd7328.jpg,train
183dbcde4.jpg,train
1841b3825.jpg,train
1844b698a.jpg,train
184bd091d.jpg,train
185c3d54f.jpg,train
18615eacf.jpg,train
1863eb011.jpg,train
186ecdd0c.jpg,train
187220bde.jpg,train
1875c660c.jpg,train
1878c476c.jpg,train
189659389.jpg,train
1897882a1.jpg,train
18a277ca3.jpg,train
18aa8af7c.jpg,train
18ace9a9a.jpg,train
18af1ceb1.jpg,train
18b1bb78a.jpg,train
18ba753ff.jpg,train
18bacf0e3.jpg,train
18c141479.jpg,train
18c14f720.jpg,train
18c3cb344.jpg,train
18c97da58.jpg,train
18cc39190.jpg,train
18cc78e81.jpg,train
18db4975b.jpg,train
18dfcd9ae.jpg,train
18e2f6396.jpg,train
18eeb26f7.jpg,train
18ef5e6f6.jpg,train
18f057e52.jpg,train
18fc395b4.jpg,train
1901655b3.jpg,train
190190a6f.jpg,train
1917c9f34.jpg,train
1918f3176.jpg,train
1919bde53.jpg,train
192531334.jpg,train
192557d24.jpg,train
192a90dcc.jpg,train
192e256ba.jpg,train
193732cc8.jpg,train
193884988.jpg,train
193eeae52.jpg,train
19402ed6b.jpg,train
194244a20.jpg,train
194cce1be.jpg,train
194e207f7.jpg,train
194f48184.jpg,train
195a41c2d.jpg,train
195c2e0d0.jpg,train
195c67ce9.jpg,train
195e36565.jpg,train
19656c148.jpg,train
1966c0598.jpg,train
196d65e42.jpg,train
196e624f5.jpg,train
1988d45c4.jpg,train
198942ea8.jpg,train
19955420c.jpg,train
199c7ca22.jpg,train
19a0b8362.jpg,train
19a352c2f.jpg,train
19a3acdeb.jpg,train
19ab4c335.jpg,train
19b4b7cd8.jpg,train
19b8972c7.jpg,train
19c3a9c48.jpg,train
19c645c25.jpg,train
19d5d25a6.jpg,train
19d892dd9.jpg,train
19dcbc01f.jpg,train
19dd323a9.jpg,train
19e918673.jpg,train
19e96b746.jpg,train
19e9bfbf2.jpg,train
19ecb0e40.jpg,train
19f00abbf.jpg,train
19f3fd5f9.jpg,train
19fd40586.jpg,train
1a075e075.jpg,train
1a0f5230a.jpg,train
1a0fbd2f0.jpg,train
1a1380e4f.jpg,train
1a15e33ae.jpg,train
1a17a1f15.jpg,train
1a1d0ced7.jpg,train
1a20228f6.jpg,train
1a23e4531.jpg,train
1a2457322.jpg,train
1a33e152d.jpg,train
1a382baf6.jpg,train
1a3cb1bfc.jpg,train
1a4039711.jpg,train
1a4ac4d43.jpg,train
1a4bfb910.jpg,train
1a5947eb5.jpg,train
1a5f1097f.jpg,train
1a603f8dd.jpg,train
1a674eaaf.jpg,train
1a70268d4.jpg,train
1a7230747.jpg,train
1a750bfc8.jpg,train
1a759ef19.jpg,train
1a77fb759.jpg,train
1a8440db2.jpg,train
1a8eb71da.jpg,train
1a947561f.jpg,train
1a9654c65.jpg,train
1a9c38991.jpg,train
1aa2ba1b5.jpg,train
1aa2e159a.jpg,train
1aa7e1c47.jpg,train
1ab604624.jpg,train
1ab7b5ed2.jpg,train
1ab97ff12.jpg,train
1abb621ee.jpg,train
1ad82d66a.jpg,train
1ada6a7ac.jpg,train
1ae34857b.jpg,train
1ae56dead.jpg,train
1ae581a9b.jpg,train
1aecf21ad.jpg,train
1aedfd7ab.jpg,train
1af650ab4.jpg,train
1afbf2cc3.jpg,train
1b04341a6.jpg,train
1b053c667.jpg,train
1b12de419.jpg,train
1b13686ba.jpg,train
1b1937685.jpg,train
1b213d816.jpg,train
1b2b4d68f.jpg,train
1b2c029b8.jpg,train
1b2d85fa8.jpg,train
1b2dcaa3d.jpg,train
1b3619d14.jpg,train
1b3666262.jpg,train
1b4b41b81.jpg,train
1b52ec552.jpg,train
1b58aab8e.jpg,train
1b6346c51.jpg,train
1b64a8b18.jpg,train
1b64da256.jpg,train
1b6a9d41b.jpg,train
1b6aefdb7.jpg,train
1b7bec2ba.jpg,train
1b7d7eec6.jpg,train
1b7e426bc.jpg,train
1b88aba1a.jpg,train
1b8ef5392.jpg,train
1b91eb9cb.jpg,train
1b92a1b6d.jpg,train
1b955ad28.jpg,train
1b9fb7411.jpg,train
1ba01937f.jpg,train
1bad143b0.jpg,train
1bb1e1055.jpg,train
1bbd2bc64.jpg,train
1bc37a6f4.jpg,train
1bd394dd6.jpg,train
1bd3a1f4c.jpg,train
1bd93f498.jpg,train
1bdb7f26f.jpg,train
1be0f63b4.jpg,train
1be49cb6f.jpg,train
1be84c6a7.jpg,train
1bead4843.jpg,train
1bebe7eb7.jpg,train
1bed9264f.jpg,train
1bf49d46e.jpg,train
1c029a278.jpg,train
1c0d8bcd0.jpg,train
1c2879d0d.jpg,train
1c29bf20f.jpg,train
1c2b72b46.jpg,train
1c32b8c83.jpg,train
1c3bfb4ab.jpg,train
1c3c26c17.jpg,train
1c3efa3ca.jpg,train
1c4018f02.jpg,train
1c448e585.jpg,train
1c484802f.jpg,train
1c61eaea9.jpg,train
1c6625114.jpg,train
1c75c4ebd.jpg,train
1c8053366.jpg,train
1c8802c08.jpg,train
1c92b4274.jpg,train
1c9564f66.jpg,train
1c96b0bbc.jpg,train
1c97d1861.jpg,train
1c9ac6c1d.jpg,train
1c9bc9377.jpg,train
1ca7f19cf.jpg,train
1caea18fc.jpg,train
1cb0a0a2f.jpg,train
1cb26b10a.jpg,train
1cb27ff90.jpg,train
1cb83b95a.jpg,train
1ccb093e6.jpg,train
1cd446dc7.jpg,train
1cdbad7d2.jpg,train
1ce62dfc0.jpg,train
1cf3a123f.jpg,train
1cf5ea893.jpg,train
1d00226a0.jpg,train
1d0521214.jpg,train
1d0861206.jpg,train
1d13e99fc.jpg,train
1d2202772.jpg,train
1d28002da.jpg,train
1d3b3b762.jpg,train
1d3f3c69c.jpg,train
1d4d33873.jpg,train
1d4fa8da0.jpg,train
1d56ccf70.jpg,train
1d61649b1.jpg,train
1d64dd62e.jpg,train
1d66a6fb4.jpg,train
1d69915c8.jpg,train
1d71764d0.jpg,train
1d718ddb9.jpg,train
1d7f05244.jpg,train
1d7f89efa.jpg,train
1d7fb0fa8.jpg,train
1d83b44be.jpg,train
1d849ef03.jpg,train
1d895ec3d.jpg,train
1da1345fc.jpg,train
1da26ff0c.jpg,train
1daa10850.jpg,train
1dac7069c.jpg,train
1dae4f59b.jpg,train
1dae739cb.jpg,train
1dba99dc5.jpg,train
1dbbbadde.jpg,train
1dbe980cc.jpg,train
1dc0e1d12.jpg,train
1dd76fb74.jpg,train
1dd8107e9.jpg,train
1dd828ff3.jpg,train
1de3fbfda.jpg,train
1deada184.jpg,train
1dec24f86.jpg,train
1def10240.jpg,train
1df34bed6.jpg,train
1df9eefe5.jpg,train
1dfd53dbb.jpg,train
1e0220d5c.jpg,train
1e037a937.jpg,train
1e0980950.jpg,train
1e1d1606e.jpg,train
1e1f0b7b0.jpg,train
1e2bd7ad0.jpg,train
1e2ec4b36.jpg,train
1e3328de6.jpg,train
1e351863b.jpg,train
1e41bed39.jpg,train
1e4cf3b70.jpg,train
1e4e988cd.jpg,train
1e57c8073.jpg,train
1e5f88c2c.jpg,train
1e6878c5e.jpg,train
1e6ac8d91.jpg,train
1e7415a4c.jpg,train
1e742caeb.jpg,train
1e75373b2.jpg,train
1e7893a11.jpg,train
1e7a089c5.jpg,train
1e7c529a2.jpg,train
1e893e86c.jpg,train
1e896dda7.jpg,train
1e95fc3d7.jpg,train
1e979fb66.jpg,train
1e9aec741.jpg,train
1ea25d4fa.jpg,train
1eb193ad7.jpg,train
1eb697fe5.jpg,train
1eb8aaa15.jpg,train
1ebf04057.jpg,train
1ebf26c1d.jpg,train
1ec98acac.jpg,train
1ecae540a.jpg,train
1ecd0214c.jpg,train
1ecfcc78b.jpg,train
1ed75107a.jpg,train
1ee38e570.jpg,train
1ee9359c6.jpg,train
1ee966a3e.jpg,train
1eedf2f95.jpg,train
1eee7f0da.jpg,train
1ef276277.jpg,train
1ef27af60.jpg,train
1ef476f3c.jpg,train
1ef82c3bb.jpg,train
1efdd626e.jpg,train
1efe2a3d5.jpg,train
1f06bd0a5.jpg,train
1f1110622.jpg,train
1f117b19e.jpg,train
1f1426f32.jpg,train
1f151ee84.jpg,train
1f15d197c.jpg,train
1f1a35501.jpg,train
1f2c14ca8.jpg,train
1f3092136.jpg,train
1f384e1f4.jpg,train
1f3c86c6f.jpg,train
1f3e0b337.jpg,train
1f4161475.jpg,train
1f43421a7.jpg,train
1f45f2491.jpg,train
1f4f2cbae.jpg,train
1f54ac735.jpg,train
1f5cd4df7.jpg,train
1f663a670.jpg,train
1f6807921.jpg,train
1f6915575.jpg,train
1f6a00569.jpg,train
1f86fdb5b.jpg,train
1f88df184.jpg,train
1f93c38d7.jpg,train
1f9863963.jpg,train
1f9b8e2e6.jpg,train
1f9f854f3.jpg,train
1f9f97b80.jpg,train
1fa0c8951.jpg,train
1fc012f23.jpg,train
1fc4c5a4b.jpg,train
1fd098a38.jpg,train
1fd4cb300.jpg,train
1fd758653.jpg,train
1fdd142e9.jpg,train
1fdef786c.jpg,train
1fe327594.jpg,train
1feaa8b3f.jpg,train
1ffe887dd.jpg,train
2001189bd.jpg,train
20064e3ab.jpg,train
200992bc9.jpg,train
200e555b4.jpg,train
2012a6d02.jpg,train
20134e94c.jpg,train
201560907.jpg,train
20180fd12.jpg,train
2019417e0.jpg,train
201f7cd69.jpg,train
202c60d61.jpg,train
203052fde.jpg,train
20366ec45.jpg,train
203935b70.jpg,train
203f204d0.jpg,train
204949166.jpg,train
204ad9b3b.jpg,train
204b5e3d3.jpg,train
205360569.jpg,train
205685883.jpg,train
2059da9eb.jpg,train
205e05371.jpg,train
20617dd9a.jpg,train
206bb4788.jpg,train
206c20ee0.jpg,train
206c8bb0c.jpg,train
207633776.jpg,train
207d87ea7.jpg,train
207e88d4a.jpg,train
207f33325.jpg,train
20905c068.jpg,train
209e34a89.jpg,train
20a0d5ea9.jpg,train
20a1cd67a.jpg,train
20b5096a5.jpg,train
20bb27a04.jpg,train
20bb368f8.jpg,train
20bee9bda.jpg,train
20cddf709.jpg,train
20de0d323.jpg,train
20dec6c22.jpg,train
20e93e1cb.jpg,train
20ed61e3a.jpg,train
20edbd1a8.jpg,train
20fb50eb6.jpg,train
20fe56d9e.jpg,train
210140342.jpg,train
210e0e803.jpg,train
211035d61.jpg,train
2111e4f3f.jpg,train
211f39c22.jpg,train
212c420e6.jpg,train
21318dbb2.jpg,train
21365e1a3.jpg,train
213b0d05f.jpg,train
213ba76ed.jpg,train
213eae951.jpg,train
214453d43.jpg,train
214465021.jpg,train
214b9bd1a.jpg,train
215dc201f.jpg,train
2165057fa.jpg,train
216630aec.jpg,train
2176b94a5.jpg,train
2188f5429.jpg,train
218bbc6fe.jpg,train
218ef654a.jpg,train
21927b07e.jpg,train
219621d5d.jpg,train
219cd030a.jpg,train
21a0c7160.jpg,train
21a5d2ddb.jpg,train
21a8354ac.jpg,train
21ab6a3b2.jpg,train
21ac40700.jpg,train
21af0ec58.jpg,train
21b335784.jpg,train
21bf9d854.jpg,train
21cb6d5d2.jpg,train
21d2b3168.jpg,train
21ea71d4a.jpg,train
21eb1e1aa.jpg,train
21ef20784.jpg,train
220129a97.jpg,train
22031aa8f.jpg,train
22123f29f.jpg,train
221f866cc.jpg,train
22255a58e.jpg,train
2232e0c11.jpg,train
223e550cc.jpg,train
22458f946.jpg,train
2247fd7f0.jpg,train
224e979b5.jpg,train
2253d7244.jpg,train
22553cebc.jpg,train
225ea601b.jpg,train
225ef7f0d.jpg,train
2261e0f9c.jpg,train
226e7fd6c.jpg,train
2276b004c.jpg,train
2279bbcc4.jpg,train
227d0512b.jpg,train
22827c51d.jpg,train
2283f2183.jpg,train
228a7a896.jpg,train
228ce0e24.jpg,train
229500455.jpg,train
229906ed1.jpg,train
22a125a81.jpg,train
22a1c5ea1.jpg,train
22a825813.jpg,train
22ac7041b.jpg,train
22b2206c8.jpg,train
22b459911.jpg,train
22cabd56f.jpg,train
22d94f944.jpg,train
22e05d569.jpg,train
22e2195c1.jpg,train
22e9830a3.jpg,train
22ee0a368.jpg,train
22f4a9477.jpg,train
22f766f4c.jpg,train
22f984bc6.jpg,train
22fb4b286.jpg,train
230ce1940.jpg,train
23109ddf4.jpg,train
23120f506.jpg,train
232256b21.jpg,train
23299a0bd.jpg,train
232a62357.jpg,train
2338ed2ae.jpg,train
234ba0510.jpg,train
235ba1dd3.jpg,train
2363aaa1f.jpg,train
2365be47a.jpg,train
23783382d.jpg,train
237a50f6f.jpg,train
2384602d3.jpg,train
238cfd09f.jpg,train
238d6df92.jpg,train
2395db536.jpg,train
23b06f857.jpg,train
23b787894.jpg,train
23bb4d637.jpg,train
23c3474fb.jpg,train
23c450c03.jpg,train
23c9c6cba.jpg,train
23d529481.jpg,train
23d77b3df.jpg,train
23e5dd080.jpg,train
23e7d294b.jpg,train
23f0398a4.jpg,train
23fd97f0f.jpg,train
24066d57e.jpg,train
24098fc10.jpg,train
24154161c.jpg,train
241abf136.jpg,train
241d3ed81.jpg,train
24256f234.jpg,train
242894fc4.jpg,train
2433ff110.jpg,train
243685594.jpg,train
244c592ab.jpg,train
2453b68e2.jpg,train
2454d3770.jpg,train
2467e2b6e.jpg,train
2468a601b.jpg,train
246b05513.jpg,train
246e70ffd.jpg,train
247108a1c.jpg,train
24754bd08.jpg,train
247b9b104.jpg,train
248220d45.jpg,train
248585a26.jpg,train
248660ca9.jpg,train
2491d607d.jpg,train
249f5fa64.jpg,train
249f9dfdd.jpg,train
24a91d324.jpg,train
24aa8d834.jpg,train
24ae96cd5.jpg,train
24af86df2.jpg,train
24b29d740.jpg,train
24c3b9e78.jpg,train
24c9c291d.jpg,train
24d88228f.jpg,train
24db6ba0d.jpg,train
24debd5d7.jpg,train
24e125a16.jpg,train
24e21e85a.jpg,train
24e249331.jpg,train
24e3826ff.jpg,train
24f34efc1.jpg,train
24fce7ae0.jpg,train
24fdedc37.jpg,train
250107a1b.jpg,train
250f61fb3.jpg,train
2511b18de.jpg,train
251ed373d.jpg,train
2527831fa.jpg,train
252952efa.jpg,train
252c10c1a.jpg,train
2530c41a1.jpg,train
25337cb38.jpg,train
2538237d0.jpg,train
254c52b64.jpg,train
254f1326a.jpg,train
25515c2f6.jpg,train
2555226ad.jpg,train
2558c43bf.jpg,train
255a79790.jpg,train
255dde01e.jpg,train
2560e7b91.jpg,train
256f19e24.jpg,train
25737d300.jpg,train
257d02460.jpg,train
258890040.jpg,train
2588f15b8.jpg,train
259d812b3.jpg,train
259fcd803.jpg,train
25b4312a0.jpg,train
25b57b528.jpg,train
25ba4dfae.jpg,train
25c0df351.jpg,train
25c8f7153.jpg,train
25c940a74.jpg,train
25ccece7f.jpg,train
25da9588e.jpg,train
25e4f6ba7.jpg,train
25f9a8622.jpg,train
25fc987a1.jpg,train
260928695.jpg,train
260e316eb.jpg,train
260ee2f59.jpg,train
261c6d458.jpg,train
26221a880.jpg,train
262d788d8.jpg,train
262db4b7e.jpg,train
262dd5083.jpg,train
26364af58.jpg,train
263e60865.jpg,train
2648c3348.jpg,train
265c5dac3.jpg,train
268f0fa63.jpg,train
2694c98fb.jpg,train
26a5791d4.jpg,train
26a8ac13a.jpg,train
26a99fc0b.jpg,train
26bcc93ff.jpg,train
26c1fc24e.jpg,train
26c3a7dd5.jpg,train
26c4b5697.jpg,train
26c4eacfa.jpg,train
26d43765f.jpg,train
26e034336.jpg,train
26eecdd24.jpg,train
26ef69c0f.jpg,train
26f6f4c72.jpg,train
270f5361d.jpg,train
27116d428.jpg,train
271551c4f.jpg,train
2719e3b47.jpg,train
271f3eb1f.jpg,train
2720732e7.jpg,train
27207fb2e.jpg,train
2725ee8d6.jpg,train
2731f7830.jpg,train
2741274d7.jpg,train
2744b6b26.jpg,train
2745ecf6b.jpg,train
2749c24a9.jpg,train
274b1d54b.jpg,train
2752d4d1d.jpg,train
2757df221.jpg,train
275e3bca6.jpg,train
276111a31.jpg,train
27623931a.jpg,train
2763c7f16.jpg,train
2764c0af9.jpg,train
2770fe933.jpg,train
2776642e1.jpg,train
277b133dc.jpg,train
277c7771d.jpg,train
277e3727f.jpg,train
27824360e.jpg,train
2789df930.jpg,train
278a21a00.jpg,train
2797387f0.jpg,train
279af89c7.jpg,train
279b82aaf.jpg,train
27b3f78bc.jpg,train
27b7ce725.jpg,train
27bae6729.jpg,train
27bb9ff91.jpg,train
27c8a46af.jpg,train
27ca5333a.jpg,train
27e3c4a82.jpg,train
27f0f986f.jpg,train
27f331654.jpg,train
27f99b836.jpg,train
27f9c23bd.jpg,train
27fb17019.jpg,train
27ff1f9f7.jpg,train
28045eb99.jpg,train
280dbbace.jpg,train
282425786.jpg,train
284639f13.jpg,train
2849ca6b8.jpg,train
284fa3b23.jpg,train
285781401.jpg,train
2858af68b.jpg,train
28661fd17.jpg,train
2866cf8b6.jpg,train
286d2eb1c.jpg,train
286e0559b.jpg,train
286f459e6.jpg,train
288015608.jpg,train
289d03d64.jpg,train
289ea00a3.jpg,train
28a1ea8c2.jpg,train
28a3f7928.jpg,train
28a6ef562.jpg,train
28b393fb3.jpg,train
28bc8094e.jpg,train
28d08d220.jpg,train
28d523b58.jpg,train
28edbd61f.jpg,train
28eea1b0a.jpg,train
28f005ffe.jpg,train
28f8c53de.jpg,train
29061ba6a.jpg,train
2907229bf.jpg,train
2907d9279.jpg,train
290990afb.jpg,train
2912e9e24.jpg,train
2915687ca.jpg,train
2929284cc.jpg,train
2930b4f52.jpg,train
2932c0dd3.jpg,train
29334d3ea.jpg,train
2933c4fbc.jpg,train
29348cadb.jpg,train
29360cd19.jpg,train
29420c716.jpg,train
294adfb02.jpg,train
294c646fd.jpg,train
294d6d5f8.jpg,train
294eb0ae9.jpg,train
295e39efa.jpg,train
2969217e8.jpg,train
29694dc5d.jpg,train
296aa930a.jpg,train
297f50d2d.jpg,train
297fd2839.jpg,train
298329e69.jpg,train
2994546cf.jpg,train
2995f68a3.jpg,train
2999deba3.jpg,train
299a15c20.jpg,train
299d06031.jpg,train
29a023a11.jpg,train
29a47d219.jpg,train
29ae2bdc9.jpg,train
29b8c3350.jpg,train
29c39b183.jpg,train
29c3aaed7.jpg,train
29c9d8e14.jpg,train
29d83d9ce.jpg,train
29da75230.jpg,train
29dc27ca2.jpg,train
29dcd28af.jpg,train
29df0834a.jpg,train
29e57e1de.jpg,train
29f80893c.jpg,train
29f9c04b5.jpg,train
2a07798b5.jpg,train
2a0876a27.jpg,train
2a113071b.jpg,train
2a184dcbe.jpg,train
2a1d78261.jpg,train
2a351164a.jpg,train
2a374ceaa.jpg,train
2a407b8dd.jpg,train
2a4e81982.jpg,train
2a5fe1870.jpg,train
2a6669d9a.jpg,train
2a698fced.jpg,train
2a7dd397d.jpg,train
2a7f8bab0.jpg,train
2a84bb533.jpg,train
2a8a9529b.jpg,train
2a8bd4103.jpg,train
2a91edbe9.jpg,train
2a95756e7.jpg,train
2ab6eed56.jpg,train
2abff2a85.jpg,train
2acd6db1e.jpg,train
2ad931637.jpg,train
2ae658a56.jpg,train
2aeb8dbd6.jpg,train
2aec7fe3a.jpg,train
2aed7977d.jpg,train
2af23562d.jpg,train
2af6d7182.jpg,train
2af81ccb1.jpg,train
2b01fd731.jpg,train
2b06b596f.jpg,train
2b09e0923.jpg,train
2b0d476d6.jpg,train
2b15517b1.jpg,train
2b1630571.jpg,train
2b16d6f98.jpg,train
2b1d39d53.jpg,train
2b29157fe.jpg,train
2b2e02314.jpg,train
2b33c67ea.jpg,train
2b56830b9.jpg,train
2b5d93909.jpg,train
2b61e04e6.jpg,train
2b62b9cb1.jpg,train
2b7156859.jpg,train
2b8756d1b.jpg,train
2b8b658d7.jpg,train
2b8dfbe0b.jpg,train
2b8fcb5b7.jpg,train
2b91b6d20.jpg,train
2b9a7872a.jpg,train
2ba1f2a4d.jpg,train
2ba3dadde.jpg,train
2bad2deac.jpg,train
2bb9c8164.jpg,train
2bc1a3aa1.jpg,train
2bc3b7fce.jpg,train
2bca350a2.jpg,train
2bdb08a09.jpg,train
2bdb48c91.jpg,train
2be0179d7.jpg,train
2be0229b6.jpg,train
2be7b0fb4.jpg,train
2becf0002.jpg,train
2bed8342d.jpg,train
2c061aed6.jpg,train
2c113de25.jpg,train
2c12af0fc.jpg,train
2c14af3b2.jpg,train
2c18ac76d.jpg,train
2c213b074.jpg,train
2c24736d5.jpg,train
2c2fa2f81.jpg,train
2c37ea89f.jpg,train
2c39e6ccb.jpg,train
2c3abe940.jpg,train
2c405a793.jpg,train
2c456d7e8.jpg,train
2c5094bf8.jpg,train
2c56741a3.jpg,train
2c57742c3.jpg,train
2c581b76f.jpg,train
2c63f60e3.jpg,train
2c64d5644.jpg,train
2c66fb097.jpg,train
2c67e770e.jpg,train
2c6b52b3f.jpg,train
2c6ee79c9.jpg,train
2c77b3fe1.jpg,train
2c8451aeb.jpg,train
2c8a82986.jpg,train
2c8c3cb8a.jpg,train
2c8ff99fc.jpg,train
2c9060446.jpg,train
2c956317b.jpg,train
2ca3581f8.jpg,train
2cc298242.jpg,train
2cc9a3573.jpg,train
2cca3ddab.jpg,train
2cd7c2a1c.jpg,train
2cdb702b8.jpg,train
2cf368c20.jpg,train
2cf487578.jpg,train
2cf6be112.jpg,train
2cf9274ea.jpg,train
2cf9289c4.jpg,train
2cfa58247.jpg,train
2cfa7ea6f.jpg,train
2cffa3a1a.jpg,train
2d15d9135.jpg,train
2d18eccdd.jpg,train
2d196857a.jpg,train
2d26b9dda.jpg,train
2d332f374.jpg,train
2d37a1ebe.jpg,train
2d3b4027c.jpg,train
2d3c47b87.jpg,train
2d4471837.jpg,train
2d5e1b155.jpg,train
2d61e4f9f.jpg,train
2d759458e.jpg,train
2d759a3be.jpg,train
2d778a4c9.jpg,train
2d7a69b1f.jpg,train
2d7e4ce60.jpg,train
2d86d4f15.jpg,train
2d8cef5f6.jpg,train
2d8e8e789.jpg,train
2d94df675.jpg,train
2dadb2d12.jpg,train
2dbd01639.jpg,train
2dc3dd0a6.jpg,train
2dd290c91.jpg,train
2dd360833.jpg,train
2de22f59f.jpg,train
2de8838e1.jpg,train
2dea5ac10.jpg,train
2debaa43a.jpg,train
2decb23b0.jpg,train
2df1da5bd.jpg,train
2df89d5c2.jpg,train
2e0ef2076.jpg,train
2e10357c2.jpg,train
2e12e1c6a.jpg,train
2e224953f.jpg,train
2e29001f1.jpg,train
2e2b38b6d.jpg,train
2e2f5467c.jpg,train
2e35ebe13.jpg,train
2e3b354cd.jpg,train
2e3b90bc4.jpg,train
2e4308ede.jpg,train
2e4da1fd1.jpg,train
2e4fefc28.jpg,train
2e5127c3c.jpg,train
2e531b831.jpg,train
2e55a1149.jpg,train
2e5dab72b.jpg,train
2e69715ac.jpg,train
2e812dff2.jpg,train
2e8489244.jpg,train
2e8733afa.jpg,train
2e8734c46.jpg,train
2e8787425.jpg,train
2e8f2ddb8.jpg,train
2e9170c14.jpg,train
2e97e0251.jpg,train
2ea4ad171.jpg,train
2eae7322b.jpg,train
2eb20e316.jpg,train
2eb50a13e.jpg,train
2eb516639.jpg,train
2eb80839e.jpg,train
2ec10042f.jpg,train
2ec116cea.jpg,train
2ec4f0fa4.jpg,train
2ec8d4b22.jpg,train
2ec9eddd4.jpg,train
2edaf414b.jpg,train
2ede3bc01.jpg,train
2eea8fb3c.jpg,train
2eeed5102.jpg,train
2ef48ec18.jpg,train
2ef5b3de1.jpg,train
2ef6ad027.jpg,train
2efbac12d.jpg,train
2eff528e8.jpg,train
2f03dc294.jpg,train
2f06514ea.jpg,train
2f08f1780.jpg,train
2f0e00b02.jpg,train
2f20a50ea.jpg,train
2f2afbcc4.jpg,train
2f2cd264e.jpg,train
2f3187c74.jpg,train
2f3277628.jpg,train
2f390008f.jpg,train
2f396fbee.jpg,train
2f3f663c0.jpg,train
2f473296b.jpg,train
2f48dbf0f.jpg,train
2f4bcb852.jpg,train
2f50cb21c.jpg,train
2f54e2c00.jpg,train
2f5690028.jpg,train
2f5bc2750.jpg,train
2f5d1e975.jpg,train
2f61b4688.jpg,train
2f62ab26c.jpg,train
2f6858a91.jpg,train
2f69f62ae.jpg,train
2f6c4d0e7.jpg,train
2f6c8eab7.jpg,train
2f81193e3.jpg,train
2f8559032.jpg,train
2f8b63032.jpg,train
2f8cf11d3.jpg,train
2fa3a9f3e.jpg,train
2fa87f2c8.jpg,train
2fa90e9dc.jpg,train
2fa996a4c.jpg,train
2fb37ce84.jpg,train
2fb473bb4.jpg,train
2fba73fa0.jpg,train
2fbdc1244.jpg,train
2fbe62c04.jpg,train
2fcd2c351.jpg,train
2fcfb108a.jpg,train
2fd206b23.jpg,train
2fdafaf26.jpg,train
2fdbd4394.jpg,train
2fdfeea2f.jpg,train
2fe09e89a.jpg,train
2fe5addf2.jpg,train
2fe9f78c9.jpg,train
2feb1a4a9.jpg,train
2feb3983d.jpg,train
2fff134c7.jpg,train
300433e9c.jpg,train
300a00766.jpg,train
300c525ff.jpg,train
301147683.jpg,train
3012f44e9.jpg,train
301601620.jpg,train
30171214c.jpg,train
301fc5e57.jpg,train
3035a46b7.jpg,train
303613d84.jpg,train
303f1cb4c.jpg,train
303f25bee.jpg,train
3046d724c.jpg,train
304c70aa5.jpg,train
3055bb5b8.jpg,train
306415665.jpg,train
306b1dbc1.jpg,train
3071e65a5.jpg,train
30799f11c.jpg,train
308803b04.jpg,train
3088a6a0d.jpg,train
308c978a7.jpg,train
308cc088e.jpg,train
308f2e562.jpg,train
30a6a340c.jpg,train
30b516c73.jpg,train
30ba0b89a.jpg,train
30bb7b7a3.jpg,train
30c2d753f.jpg,train
30c4c4c6e.jpg,train
30c53cda7.jpg,train
30c6257c6.jpg,train
30d00096d.jpg,train
30e2ae8a6.jpg,train
30e863a30.jpg,train
30f6cb778.jpg,train
30fc6e17e.jpg,train
30fd94c0e.jpg,train
30ff9d12e.jpg,train
310d141e6.jpg,train
310e86f1a.jpg,train
3116edfe6.jpg,train
31179375a.jpg,train
311a05f93.jpg,train
312224509.jpg,train
3125e8106.jpg,train
31262e8f9.jpg,train
313a8c602.jpg,train
313b9ba80.jpg,train
313c72ff8.jpg,train
314088824.jpg,train
31450f104.jpg,train
314558b5d.jpg,train
3146ce8bb.jpg,train
3151a23ab.jpg,train
3153ea0ef.jpg,train
315405789.jpg,train
315767421.jpg,train
31579309c.jpg,train
3158e73b2.jpg,train
3159ee27a.jpg,train
3160151fd.jpg,train
316cafa11.jpg,train
316f0236a.jpg,train
316f0cc50.jpg,train
31716f6ae.jpg,train
3186f3882.jpg,train
318921a5a.jpg,train
318ad28c6.jpg,train
318e41ccb.jpg,train
31960a851.jpg,train
31a1081e9.jpg,train
31a43a534.jpg,train
31a47584f.jpg,train
31acd60ad.jpg,train
31b2a69f4.jpg,train
31c047fae.jpg,train
31cf10f6e.jpg,train
31d4bf60d.jpg,train
31dbc2461.jpg,train
31deb6516.jpg,train
31dee4189.jpg,train
31e86cf3a.jpg,train
31eda6a87.jpg,train
31ef144f8.jpg,train
31f71b8a4.jpg,train
31fdbb560.jpg,train
321975fb3.jpg,train
321a6df3f.jpg,train
3221a0d79.jpg,train
3223ad6e6.jpg,train
323c5a20b.jpg,train
324a68581.jpg,train
3256b55d4.jpg,train
32578d3e5.jpg,train
325794217.jpg,train
325af1d38.jpg,train
3266ff34d.jpg,train
326eadf51.jpg,train
326f2e4b7.jpg,train
32854e5bf.jpg,train
328c0fc75.jpg,train
329153502.jpg,train
3294c9bd1.jpg,train
329de935b.jpg,train
32a201cd2.jpg,train
32a6666a3.jpg,train
32add31cd.jpg,train
32b45e155.jpg,train
32b47f255.jpg,train
32dfb96b8.jpg,train
32eca38d5.jpg,train
32ed255a4.jpg,train
32efbaf94.jpg,train
32f8b72ec.jpg,train
32fa68bed.jpg,train
331c4771c.jpg,train
33226811d.jpg,train
3325e2266.jpg,train
33274bc41.jpg,train
33279f0c5.jpg,train
3329a8a7a.jpg,train
332c2f40a.jpg,train
332e21cbc.jpg,train
33368929c.jpg,train
333f7b0e6.jpg,train
334a77fc4.jpg,train
334ecf3c3.jpg,train
334f9e098.jpg,train
33514c0b1.jpg,train
335be17fa.jpg,train
3360184d3.jpg,train
33691f767.jpg,train
336f2abaa.jpg,train
33705a505.jpg,train
33754aa9b.jpg,train
3377332c0.jpg,train
337cd6723.jpg,train
3385f9e14.jpg,train
3392cacb5.jpg,train
33945043e.jpg,train
33a479d47.jpg,train
33a4b4335.jpg,train
33a63f8da.jpg,train
33a835109.jpg,train
33ab15385.jpg,train
33acf300d.jpg,train
33c961de1.jpg,train
33cba45f1.jpg,train
33cc4c0df.jpg,train
33d4fefac.jpg,train
33e32bbf2.jpg,train
33e7b3469.jpg,train
33efa5aa8.jpg,train
33f054f80.jpg,train
33f34b728.jpg,train
33f5cdc5e.jpg,train
33fd408c6.jpg,train
340364e5b.jpg,train
3410a74a8.jpg,train
3412f557e.jpg,train
34176656b.jpg,train
341952a36.jpg,train
3421407d5.jpg,train
34294601c.jpg,train
342a65f7b.jpg,train
34349ea9e.jpg,train
343bec579.jpg,train
343e101ee.jpg,train
344054b93.jpg,train
3452f2319.jpg,train
34561de46.jpg,train
345cf1dc3.jpg,train
3463eedaf.jpg,train
346458b63.jpg,train
346542b68.jpg,train
3467968c0.jpg,train
34796245f.jpg,train
348a12ffb.jpg,train
348bfe68e.jpg,train
34913b58d.jpg,train
349be04dc.jpg,train
34a5114d6.jpg,train
34a94858a.jpg,train
34ada39f2.jpg,train
34c77b57a.jpg,train
34d5479f3.jpg,train
34d73f3ad.jpg,train
34d7b963b.jpg,train
34ded2e0e.jpg,train
34e5be38b.jpg,train
34ed22913.jpg,train
34ee04d85.jpg,train
34f8faf6d.jpg,train
34fb31821.jpg,train
34fc4e345.jpg,train
3503a107c.jpg,train
3505b6c74.jpg,train
351077c4c.jpg,train
351569b6a.jpg,train
351936382.jpg,train
3520eaa6d.jpg,train
3522dffe4.jpg,train
352305070.jpg,train
35248a277.jpg,train
352774634.jpg,train
353aeef37.jpg,train
35451fe42.jpg,train
354bf035a.jpg,train
354c2317a.jpg,train
35619a8ec.jpg,train
35665c5b9.jpg,train
3569610ca.jpg,train
356a85fab.jpg,train
356e7a71a.jpg,train
3571dc5a5.jpg,train
3573170d7.jpg,train
35737870a.jpg,train
357dee65a.jpg,train
358a4fc0c.jpg,train
358e87349.jpg,train
35928cedc.jpg,train
359442214.jpg,train
3598309b5.jpg,train
359d48b4b.jpg,train
359e3fb7c.jpg,train
35a8b85a8.jpg,train
35a9b77c6.jpg,train
35bcc10db.jpg,train
35ce31284.jpg,train
35d142883.jpg,train
35d245aa8.jpg,train
35def034c.jpg,train
35e091132.jpg,train
35e0b450a.jpg,train
35e3e1f32.jpg,train
35f1de28e.jpg,train
35fdf5c15.jpg,train
3604dfc38.jpg,train
3612b5c6b.jpg,train
3615bac54.jpg,train
361f8df46.jpg,train
3622e19a4.jpg,train
362513350.jpg,train
362970934.jpg,train
362b4c3d0.jpg,train
3634c260a.jpg,train
363519718.jpg,train
363cb0c44.jpg,train
363e841ad.jpg,train
363eb9fdc.jpg,train
364c83806.jpg,train
364e66340.jpg,train
3655ba8dc.jpg,train
366248602.jpg,train
36689bafd.jpg,train
3668d5804.jpg,train
3672ac3e3.jpg,train
367553727.jpg,train
367f86e4b.jpg,train
3681a51f8.jpg,train
3688df8e4.jpg,train
369ac4b0a.jpg,train
36a3259fa.jpg,train
36a630d2a.jpg,train
36a689ebf.jpg,train
36a804181.jpg,train
36bf3ef01.jpg,train
36c07efbe.jpg,train
36cd2cde0.jpg,train
36da02b55.jpg,train
36e512a45.jpg,train
36ee3149e.jpg,train
36fef304b.jpg,train
3704cdfd6.jpg,train
370b998e7.jpg,train
3711a5456.jpg,train
3711ecc93.jpg,train
372bfd346.jpg,train
37333b84a.jpg,train
3738d1881.jpg,train
373c6898f.jpg,train
373daa632.jpg,train
373ebde8b.jpg,train
3740a6dd1.jpg,train
374493292.jpg,train
374a718ca.jpg,train
374d9c63f.jpg,train
374def89b.jpg,train
375260eb6.jpg,train
375a5eb85.jpg,train
376f54c5f.jpg,train
37715d87e.jpg,train
3773d544e.jpg,train
37782387c.jpg,train
377ff90ad.jpg,train
378426794.jpg,train
379e98755.jpg,train
37ab3a83a.jpg,train
37acd89d2.jpg,train
37bc122bd.jpg,train
37c100270.jpg,train
37c13cf96.jpg,train
37cd2eba2.jpg,train
37ced4e1d.jpg,train
37d1f8b36.jpg,train
37da29373.jpg,train
37df5752a.jpg,train
37e017985.jpg,train
37e15649e.jpg,train
37e20749d.jpg,train
37e464678.jpg,train
37e7f9554.jpg,train
37ea06e86.jpg,train
37f331c96.jpg,train
37f4c573f.jpg,train
37f534b5d.jpg,train
380c01646.jpg,train
380e3ba93.jpg,train
382b517ee.jpg,train
382dc8f4b.jpg,train
383793f65.jpg,train
383d5f225.jpg,train
3846a8c0c.jpg,train
3847cd5a0.jpg,train
384e76325.jpg,train
385295005.jpg,train
3856224a4.jpg,train
385e1970e.jpg,train
385f291af.jpg,train
385f6dc61.jpg,train
386a3b711.jpg,train
386e34822.jpg,train
386ee8a22.jpg,train
38760254d.jpg,train
387b30006.jpg,train
387deae63.jpg,train
3887e646f.jpg,train
3888ec2cd.jpg,train
388de9263.jpg,train
388e36308.jpg,train
38a1d7aab.jpg,train
38a8d41da.jpg,train
38b513f44.jpg,train
38b921939.jpg,train
38bca093c.jpg,train
38c25b61a.jpg,train
38c61fdee.jpg,train
38d6c1e96.jpg,train
38e697d3f.jpg,train
38f4e6d5a.jpg,train
38f68bc1c.jpg,train
38f7b097e.jpg,train
38fc3c6f5.jpg,train
391b766d3.jpg,train
39233a360.jpg,train
39280f44b.jpg,train
3932751f1.jpg,train
393fc7f36.jpg,train
394852be1.jpg,train
394d81391.jpg,train
394edb848.jpg,train
3951631a7.jpg,train
395e96be9.jpg,train
3964357cd.jpg,train
3965fd210.jpg,train
396851647.jpg,train
397221566.jpg,train
3974a2a75.jpg,train
3977fffae.jpg,train
3979d10ac.jpg,train
397bdbbf6.jpg,train
397c6e139.jpg,train
398436da1.jpg,train
3986e38ad.jpg,train
398a5b6a9.jpg,train
398bf3c20.jpg,train
398ea43ed.jpg,train
398ff41cf.jpg,train
39960c9e9.jpg,train
3996e2b5c.jpg,train
399aa794e.jpg,train
39ac947b9.jpg,train
39b187684.jpg,train
39b234809.jpg,train
39b24ba40.jpg,train
39b2dbb9b.jpg,train
39b364beb.jpg,train
39b8cb37a.jpg,train
39c094b3d.jpg,train
39d07881e.jpg,train
39e4216eb.jpg,train
39eae7a92.jpg,train
39fe944cc.jpg,train
3a03385b5.jpg,train
3a0a9a167.jpg,train
3a0dd769b.jpg,train
3a0e5cad8.jpg,train
3a0f17afd.jpg,train
3a151c842.jpg,train
3a153274d.jpg,train
3a1f4741e.jpg,train
3a27bc80a.jpg,train
3a2f71136.jpg,train
3a33a149c.jpg,train
3a39aed30.jpg,train
3a432ebe9.jpg,train
3a43adb32.jpg,train
3a4a2014a.jpg,train
3a4edbde9.jpg,train
3a4f825e7.jpg,train
3a5246d98.jpg,train
3a53d95f3.jpg,train
3a619ce77.jpg,train
3a61a6135.jpg,train
3a6a4078f.jpg,train
3a773f5e3.jpg,train
3a783fae3.jpg,train
3a7d9b5c1.jpg,train
3a7eee423.jpg,train
3a7f1857b.jpg,train
3a8c4efe7.jpg,train
3a8d0b7ba.jpg,train
3a96940c6.jpg,train
3a98c37b5.jpg,train
3a98df6da.jpg,train
3a9967d61.jpg,train
3a9bcbdbf.jpg,train
3aaaf3e64.jpg,train
3ab1a7324.jpg,train
3ab4ca44c.jpg,train
3abba0c59.jpg,train
3abc94d79.jpg,train
3ac0eed4b.jpg,train
3ac0f7ad1.jpg,train
3ac71c924.jpg,train
3ace653be.jpg,train
3ace682cf.jpg,train
3ad134b40.jpg,train
3adb7c36d.jpg,train
3ae2aba5e.jpg,train
3ae54304e.jpg,train
3ae560b21.jpg,train
3ae7bb8eb.jpg,train
3af1c4aca.jpg,train
3af515180.jpg,train
3af8d2d69.jpg,train
3b03d80ea.jpg,train
3b041fff2.jpg,train
3b08fb5ce.jpg,train
3b0fc5e05.jpg,train
3b1479719.jpg,train
3b1590277.jpg,train
3b168b16e.jpg,train
3b1d31523.jpg,train
3b1d69c21.jpg,train
3b26ddea1.jpg,train
3b290fa47.jpg,train
3b2ad5e0b.jpg,train
3b2b465b0.jpg,train
3b2c27c87.jpg,train
3b2f9b14d.jpg,train
3b35a1f8e.jpg,train
3b3cdf141.jpg,train
3b3d169bb.jpg,train
3b3daeb1b.jpg,train
3b3df8749.jpg,train
3b4749f2c.jpg,train
3b48b3bd4.jpg,train
3b4c484d0.jpg,train
3b4c8b9a4.jpg,train
3b55c8cd1.jpg,train
3b58d7324.jpg,train
3b657666a.jpg,train
3b6d18d10.jpg,train
3b6f87aed.jpg,train
3b7ef7095.jpg,train
3b8754337.jpg,train
3b8d1d356.jpg,train
3b9264f5c.jpg,train
3b936b2b9.jpg,train
3b9a3ae3b.jpg,train
3b9f52504.jpg,train
3ba5b066f.jpg,train
3ba673afd.jpg,train
3bb64f5cc.jpg,train
3bbab6db6.jpg,train
3bbc6a08c.jpg,train
3bc4693c1.jpg,train
3bc6785b9.jpg,train
3bc8e7028.jpg,train
3bcf2cde9.jpg,train
3bd0fd84d.jpg,train
3bd3c2a95.jpg,train
3bd3e2934.jpg,train
3bd3ed1d6.jpg,train
3bd7705a9.jpg,train
3bda81a0b.jpg,train
3bea66fac.jpg,train
3bff9e63a.jpg,train
3c08b8734.jpg,train
3c0a7290f.jpg,train
3c0b48018.jpg,train
3c0b4c0b0.jpg,train
3c0c5f80a.jpg,train
3c10eb7fa.jpg,train
3c1cce9af.jpg,train
3c1f834dd.jpg,train
3c247ad54.jpg,train
3c2544a04.jpg,train
3c30d891e.jpg,train
3c456ebb8.jpg,train
3c4a1b57f.jpg,train
3c4ad030c.jpg,train
3c4cc1168.jpg,train
3c4d16b17.jpg,train
3c4d1ec4a.jpg,train
3c4f32f77.jpg,train
3c5941d72.jpg,train
3c5ff1a83.jpg,train
3c684f93f.jpg,train
3c6c3dbf1.jpg,train
3c7a4b9bf.jpg,train
3c7e032fc.jpg,train
3c8312241.jpg,train
3c8b6c978.jpg,train
3c9ce987e.jpg,train
3cafcfd96.jpg,train
3cb1c14c8.jpg,train
3cc111ab7.jpg,train
3cc9afa80.jpg,train
3ce4ece71.jpg,train
3ce7fca69.jpg,train
3ceb53d44.jpg,train
3cfa559c3.jpg,train
3cfe319b3.jpg,train
3cfebb540.jpg,train
3cff791b3.jpg,train
3cffb1206.jpg,train
3d0fc6499.jpg,train
3d161a849.jpg,train
3d1877bdd.jpg,train
3d1ad610d.jpg,train
3d25c4bad.jpg,train
3d2df482c.jpg,train
3d42a49b2.jpg,train
3d4ac6276.jpg,train
3d5066f6d.jpg,train
3d559892c.jpg,train
3d577cf47.jpg,train
3d63dd538.jpg,train
3d64d8da1.jpg,train
3d65402c6.jpg,train
3d6ddd339.jpg,train
3d6fc6cb2.jpg,train
3d7d0609f.jpg,train
3d8f3ef8c.jpg,train
3da2c3982.jpg,train
3da31ea30.jpg,train
3da46ef9a.jpg,train
3da8dae0b.jpg,train
3dafe7660.jpg,train
3db3f1807.jpg,train
3dbbb330a.jpg,train
3dccdd6a0.jpg,train
3dd12eaf0.jpg,train
3dde7f79a.jpg,train
3de1a29d8.jpg,train
3de8f5d88.jpg,train
3dea8ca2e.jpg,train
3df0aec51.jpg,train
3df2a0383.jpg,train
3df5661f0.jpg,train
3e150b43f.jpg,train
3e185a3fe.jpg,train
3e1a0403b.jpg,train
3e1ed281b.jpg,train
3e1f5caa8.jpg,train
3e22efa89.jpg,train
3e2c33124.jpg,train
3e3d92e7e.jpg,train
3e3fcff77.jpg,train
3e59e0f17.jpg,train
3e63fb99b.jpg,train
3e6848e8d.jpg,train
3e6c4442f.jpg,train
3e6f0aa57.jpg,train
3e70d064f.jpg,train
3e7d00bf4.jpg,train
3e8ec270d.jpg,train
3e9581ec3.jpg,train
3e9882356.jpg,train
3e99e6df3.jpg,train
3ea50a9bc.jpg,train
3ead6a6bf.jpg,train
3eae81bc8.jpg,train
3ebc6a9a6.jpg,train
3ecde7d24.jpg,train
3ecf33095.jpg,train
3ecff5d55.jpg,train
3ed57948d.jpg,train
3ee680a42.jpg,train
3ee9a7e10.jpg,train
3eec62abe.jpg,train
3ef6709c7.jpg,train
3ef68aafe.jpg,train
3ef88408b.jpg,train
3eff5782b.jpg,train
3f0b1c635.jpg,train
3f0cb41b9.jpg,train
3f2610dfe.jpg,train
3f272083c.jpg,train
3f36e2d85.jpg,train
3f39b85b9.jpg,train
3f3b0ba51.jpg,train
3f3c1170e.jpg,train
3f3ddfea8.jpg,train
3f400c81f.jpg,train
3f4274dfc.jpg,train
3f46ed8d5.jpg,train
3f4cb099f.jpg,train
3f536622f.jpg,train
3f588b2c6.jpg,train
3f6719446.jpg,train
3f6b0b63a.jpg,train
3f7e10763.jpg,train
3fa9e021e.jpg,train
3fb1d9448.jpg,train
3fb68881e.jpg,train
3fb78d513.jpg,train
3fcad5fbe.jpg,train
3fcd061fc.jpg,train
3fd0abc7e.jpg,train
3fdbbf305.jpg,train
3fdc95c42.jpg,train
3fe32ff2f.jpg,train
3fea4633e.jpg,train
3feed5ab3.jpg,train
3ff8946e0.jpg,train
3ff9adb9d.jpg,train
3ffa37e37.jpg,train
400144782.jpg,train
400161088.jpg,train
400372ad3.jpg,train
400eedff4.jpg,train
4014c79d3.jpg,train
4014d6f31.jpg,train
401614c72.jpg,train
4018384ba.jpg,train
401de199f.jpg,train
402208ee2.jpg,train
4029fea8e.jpg,train
402c5369d.jpg,train
402e39bda.jpg,train
402e76b04.jpg,train
402ed4424.jpg,train
402fd7af3.jpg,train
403311106.jpg,train
404259a55.jpg,train
40466495a.jpg,train
404a89d7b.jpg,train
40547228a.jpg,train
405a1bf06.jpg,train
405f55b63.jpg,train
4072c3bb5.jpg,train
40889ddf9.jpg,train
409084145.jpg,train
40941039b.jpg,train
409453bc7.jpg,train
409502827.jpg,train
40995d2e2.jpg,train
409adafbe.jpg,train
409dc8edf.jpg,train
409ebd086.jpg,train
40a915a4b.jpg,train
40aae2e57.jpg,train
40ab005e7.jpg,train
40ada6a67.jpg,train
40b68e3bb.jpg,train
40b724998.jpg,train
40b90abe8.jpg,train
40bd1a5f1.jpg,train
40c16ae94.jpg,train
40c3e418e.jpg,train
40d766da8.jpg,train
40da1d1ad.jpg,train
40e52c68b.jpg,train
40f56ca26.jpg,train
40fae5d9e.jpg,train
410194f0a.jpg,train
41028db98.jpg,train
411377ca3.jpg,train
411da8f3b.jpg,train
412061b78.jpg,train
412067256.jpg,train
412fe7f70.jpg,train
41333f13c.jpg,train
413a310c8.jpg,train
413bf04b0.jpg,train
41411378e.jpg,train
4145dcb6d.jpg,train
414b98504.jpg,train
415252307.jpg,train
4155f56f9.jpg,train
4157934a2.jpg,train
415dd1efd.jpg,train
41632c229.jpg,train
416b3a2a5.jpg,train
416dc5e75.jpg,train
416def597.jpg,train
418e47222.jpg,train
4191fffd2.jpg,train
4192ac388.jpg,train
41977e060.jpg,train
419abb453.jpg,train
419dc2472.jpg,train
41a3062a9.jpg,train
41ab65e3f.jpg,train
41b122bb7.jpg,train
41d7a39dc.jpg,train
41dbbca4f.jpg,train
41ec6505f.jpg,train
41f07df70.jpg,train
41f3899a5.jpg,train
41f5ea1f2.jpg,train
42087f902.jpg,train
420ba281d.jpg,train
4216b133c.jpg,train
421b31b75.jpg,train
421c3f368.jpg,train
421e48d36.jpg,train
422003263.jpg,train
4220ef6ea.jpg,train
4232b6b9a.jpg,train
42353cc21.jpg,train
42378d868.jpg,train
423caf51d.jpg,train
4243c7476.jpg,train
42527400c.jpg,train
42547e84d.jpg,train
4256aeb7b.jpg,train
426581acf.jpg,train
42695cb60.jpg,train
426a4b4b8.jpg,train
427085ef4.jpg,train
4281f5d71.jpg,train
428586f79.jpg,train
428f061fd.jpg,train
429650b38.jpg,train
429782c75.jpg,train
429951ca7.jpg,train
42996bbcf.jpg,train
429cbaa59.jpg,train
42af54b00.jpg,train
42b08e994.jpg,train
42b398dcf.jpg,train
42c24518d.jpg,train
42caf4e12.jpg,train
42d2a363d.jpg,train
42d65967f.jpg,train
42dd20db7.jpg,train
42e3f99f6.jpg,train
42e6b0f02.jpg,train
42ef7e425.jpg,train
42f9b96b6.jpg,train
4309cec5f.jpg,train
43198fdde.jpg,train
431af9f99.jpg,train
432f8ce39.jpg,train
433ee3ba0.jpg,train
4340e1e42.jpg,train
4341a2af7.jpg,train
43438f903.jpg,train
4345c2b85.jpg,train
4345db2fc.jpg,train
434a1180c.jpg,train
434d03372.jpg,train
434dc37a2.jpg,train
43513da40.jpg,train
43529152d.jpg,train
4353697d9.jpg,train
436398e3b.jpg,train
436ab2c1e.jpg,train
436cc0226.jpg,train
436e3f4a0.jpg,train
43746d404.jpg,train
43758a8d2.jpg,train
437c133a4.jpg,train
438caa473.jpg,train
43964f02b.jpg,train
439e60ec8.jpg,train
439f1a016.jpg,train
43a450e62.jpg,train
43b6618bf.jpg,train
43bb3a898.jpg,train
43c0e310c.jpg,train
43c1e8a0b.jpg,train
43c5f80e6.jpg,train
43d0303db.jpg,train
43d7e6da0.jpg,train
43dac5ad5.jpg,train
43df0a876.jpg,train
43e4e9def.jpg,train
43e5215d6.jpg,train
43e7d368f.jpg,train
43e99cd80.jpg,train
43eea2fe0.jpg,train
43f517e5c.jpg,train
43f6a4177.jpg,train
43fcd5c0b.jpg,train
44011d351.jpg,train
441142b29.jpg,train
441866b3d.jpg,train
441add89c.jpg,train
441cb4bcf.jpg,train
4421ca253.jpg,train
4422bc417.jpg,train
4429c5e55.jpg,train
442e75bf9.jpg,train
443f8564b.jpg,train
44415ab00.jpg,train
4448b4286.jpg,train
44668f045.jpg,train
446860e27.jpg,train
446b75ffb.jpg,train
446b81b06.jpg,train
446ba8f9b.jpg,train
447038bc8.jpg,train
447d8ce19.jpg,train
448c5b1b1.jpg,train
448e30068.jpg,train
448edb360.jpg,train
4499aaa80.jpg,train
44a0d5b55.jpg,train
44a2e6e51.jpg,train
44a97f8a0.jpg,train
44ada0c0b.jpg,train
44aea3a11.jpg,train
44afdef26.jpg,train
44b8a9dec.jpg,train
44bdd7c49.jpg,train
44bddb2d2.jpg,train
44c129ab7.jpg,train
44c7ae7bc.jpg,train
44d5767ee.jpg,train
44eaa8416.jpg,train
44ec8bf6e.jpg,train
45041352a.jpg,train
45059bf5b.jpg,train
451335c9e.jpg,train
451685808.jpg,train
45212b455.jpg,train
4529ee151.jpg,train
45309a743.jpg,train
454d794dc.jpg,train
455241741.jpg,train
45612bd46.jpg,train
45680b581.jpg,train
456db19dc.jpg,train
457055016.jpg,train
4576c4722.jpg,train
457d95686.jpg,train
45878314e.jpg,train
458b5f58b.jpg,train
4590a4512.jpg,train
4593a29c9.jpg,train
459617182.jpg,train
459790d82.jpg,train
45988b743.jpg,train
45993565a.jpg,train
459cd013a.jpg,train
45a4c0a58.jpg,train
45a876055.jpg,train
45b099b06.jpg,train
45b362a50.jpg,train
45b946123.jpg,train
45c1cce45.jpg,train
45c983e84.jpg,train
45ca0606a.jpg,train
45cd496e1.jpg,train
45d294946.jpg,train
45d8d79d7.jpg,train
45d8e1473.jpg,train
45e2d90b0.jpg,train
45f3d518d.jpg,train
45f4acb24.jpg,train
45f984c71.jpg,train
460ab7579.jpg,train
460b13d7e.jpg,train
460d229ec.jpg,train
460e2213c.jpg,train
4613d520c.jpg,train
46160f1f5.jpg,train
461fb4927.jpg,train
463108c67.jpg,train
463145f22.jpg,train
46355008b.jpg,train
4638d6124.jpg,train
463fe382b.jpg,train
464917fe0.jpg,train
464987349.jpg,train
464a009f9.jpg,train
46529ecd4.jpg,train
465808594.jpg,train
46582cff8.jpg,train
46655e050.jpg,train
467ba206c.jpg,train
46866c984.jpg,train
4687087d5.jpg,train
4687b4274.jpg,train
4695c2d2a.jpg,train
46af8b042.jpg,train
46c422f03.jpg,train
46dd7fa76.jpg,train
46ddd1f95.jpg,train
46df1500e.jpg,train
47111332b.jpg,train
471a0c83c.jpg,train
471b423b1.jpg,train
472407235.jpg,train
4729288ed.jpg,train
4731d41e8.jpg,train
4732de460.jpg,train
4733edde8.jpg,train
4738a7cf7.jpg,train
474104794.jpg,train
474c5f34e.jpg,train
47568c5de.jpg,train
475f45f13.jpg,train
476efaa3d.jpg,train
4783eb121.jpg,train
4784189ec.jpg,train
4787645e5.jpg,train
478d8265d.jpg,train
478dc217a.jpg,train
478ff6696.jpg,train
479ec009a.jpg,train
47a18bd61.jpg,train
47a193b76.jpg,train
47a1cf315.jpg,train
47a26bb25.jpg,train
47a629526.jpg,train
47aae4725.jpg,train
47ac2a18c.jpg,train
47aea9052.jpg,train
47b5ab1bd.jpg,train
47c24f230.jpg,train
47c2607ee.jpg,train
47cee01b1.jpg,train
47cf3a13c.jpg,train
47d3379c1.jpg,train
47d8d490a.jpg,train
47d9b630e.jpg,train
47dc31ace.jpg,train
47dfe1d85.jpg,train
47e0685d0.jpg,train
47e1ec88e.jpg,train
47e3185de.jpg,train
47ee54ab1.jpg,train
47f02f32b.jpg,train
47f4eb2de.jpg,train
47f5c8e07.jpg,train
47ffb18d5.jpg,train
4803fc0ae.jpg,train
48052a486.jpg,train
481ddca2b.jpg,train
4824f9200.jpg,train
482abe878.jpg,train
482e2e173.jpg,train
483e4b5f7.jpg,train
484439824.jpg,train
484830d85.jpg,train
48532e006.jpg,train
48626da29.jpg,train
4866bcfd7.jpg,train
486b452b6.jpg,train
48831ab9e.jpg,train
48842c265.jpg,train
488922ac2.jpg,train
488c35cf9.jpg,train
4895e51ff.jpg,train
489bc785a.jpg,train
48b41f49d.jpg,train
48be84097.jpg,train
48bfce24a.jpg,train
48c7eaaea.jpg,train
48ed03e48.jpg,train
48f24cf29.jpg,train
48f69ea12.jpg,train
48f6abec0.jpg,train
48fee593e.jpg,train
4913bc8ce.jpg,train
491d49760.jpg,train
4932f1a80.jpg,train
49402d46c.jpg,train
49416ce82.jpg,train
4945a40e6.jpg,train
494dbc6f6.jpg,train
494ead378.jpg,train
4959ec2e7.jpg,train
495d5828b.jpg,train
49602e70e.jpg,train
4962b3544.jpg,train
496656148.jpg,train
496790c19.jpg,train
497d0a057.jpg,train
49828a82f.jpg,train
498b9c526.jpg,train
4992fae6f.jpg,train
499e4d3f0.jpg,train
49a0e2310.jpg,train
49a46692e.jpg,train
49a4b51fa.jpg,train
49aa956ea.jpg,train
49aba8b85.jpg,train
49acef8b0.jpg,train
49b22649d.jpg,train
49b34e921.jpg,train
49b83d8fa.jpg,train
49c01817b.jpg,train
49c035d7e.jpg,train
49c24c9a8.jpg,train
49c529ce6.jpg,train
49cf406c7.jpg,train
49d1ff5e2.jpg,train
49d28224c.jpg,train
49d6875d0.jpg,train
49e374bd3.jpg,train
49e3afca8.jpg,train
49e401327.jpg,train
49eee55c2.jpg,train
49f3d04c2.jpg,train
49fa7d0fa.jpg,train
4a00eaee7.jpg,train
4a206315f.jpg,train
4a3180158.jpg,train
4a3349094.jpg,train
4a38d7ed7.jpg,train
4a39fd531.jpg,train
4a4bb688a.jpg,train
4a4f274d1.jpg,train
4a585e4e9.jpg,train
4a5beea32.jpg,train
4a662783b.jpg,train
4a6f4aec4.jpg,train
4a7295387.jpg,train
4a80680e5.jpg,train
4a83765e1.jpg,train
4a9bd840f.jpg,train
4aa45169c.jpg,train
4aa5742ee.jpg,train
4aa9afc78.jpg,train
4aac09cdc.jpg,train
4ab0e98e2.jpg,train
4ab1aeab6.jpg,train
4ab570f98.jpg,train
4ab8a2a13.jpg,train
4abec9197.jpg,train
4ac70e968.jpg,train
4ac80db87.jpg,train
4aca6c4a7.jpg,train
4accda000.jpg,train
4ad6e9c90.jpg,train
4adc459d5.jpg,train
4ade4b747.jpg,train
4adecf939.jpg,train
4aed3c85d.jpg,train
4aee61007.jpg,train
4af0f0204.jpg,train
4af60d51c.jpg,train
4b09a3911.jpg,train
4b159f1b8.jpg,train
4b281fb8b.jpg,train
4b3de8933.jpg,train
4b4bbf418.jpg,train
4b5006ba7.jpg,train
4b5490a9f.jpg,train
4b56df46d.jpg,train
4b5a7abdc.jpg,train
4b624bfdf.jpg,train
4b628b398.jpg,train
4b6e6a56e.jpg,train
4b762b230.jpg,train
4b767f114.jpg,train
4b7967ef9.jpg,train
4b902c994.jpg,train
4b925c919.jpg,train
4b9664b0a.jpg,train
4b9eb5d64.jpg,train
4ba3c73f3.jpg,train
4ba512c11.jpg,train
4ba9def27.jpg,train
4bb0742a2.jpg,train
4bb7b1660.jpg,train
4bb7baa20.jpg,train
4bba4f866.jpg,train
4bbbd8112.jpg,train
4bbf28a86.jpg,train
4bbfad337.jpg,train
4bc04da70.jpg,train
4bc13de99.jpg,train
4bd15a7ae.jpg,train
4bdc70b1d.jpg,train
4bee25e3e.jpg,train
4bf305cdc.jpg,train
4bf441d2e.jpg,train
4bf727605.jpg,train
4bf953606.jpg,train
4bf995227.jpg,train
4bfbe85ff.jpg,train
4bff64460.jpg,train
4c10454f2.jpg,train
4c12f034c.jpg,train
4c13a35f4.jpg,train
4c18e968f.jpg,train
4c2198026.jpg,train
4c255637f.jpg,train
4c2b3ccc9.jpg,train
4c2bd254d.jpg,train
4c2f5781f.jpg,train
4c312324d.jpg,train
4c3afd528.jpg,train
4c40deb9a.jpg,train
4c429755c.jpg,train
4c47ebc03.jpg,train
4c5617af0.jpg,train
4c6110948.jpg,train
4c67c9b8e.jpg,train
4c6a55f89.jpg,train
4c7ff2056.jpg,train
4c8168fcb.jpg,train
4c8759dd0.jpg,train
4c8bcf636.jpg,train
4c9245dcf.jpg,train
4c9408c95.jpg,train
4ca64717c.jpg,train
4cb193d84.jpg,train
4cb3f36d4.jpg,train
4cb4d7b60.jpg,train
4cbb91ed2.jpg,train
4cc2c7b57.jpg,train
4cc6b09fd.jpg,train
4cca18753.jpg,train
4cccbe396.jpg,train
4cd17e5b9.jpg,train
4cd9bef81.jpg,train
4ce4fc0ef.jpg,train
4cf035406.jpg,train
4cf6612c8.jpg,train
4cf93f820.jpg,train
4d042c66f.jpg,train
4d0d86a96.jpg,train
4d0d9efd8.jpg,train
4d10e57c3.jpg,train
4d1444a12.jpg,train
4d35cc84e.jpg,train
4d38c353e.jpg,train
4d47928bc.jpg,train
4d4cb6e78.jpg,train
4d4dd1754.jpg,train
4d5108fe6.jpg,train
4d57922af.jpg,train
4d586677e.jpg,train
4d5d2405d.jpg,train
4d68a7a1a.jpg,train
4d693ffaa.jpg,train
4d6973926.jpg,train
4d6cff7f8.jpg,train
4d6da5e7d.jpg,train
4d7acd005.jpg,train
4d872dfd7.jpg,train
4d8fac53d.jpg,train
4d930ad34.jpg,train
4d93e9c21.jpg,train
4d9973900.jpg,train
4d9b0f8c6.jpg,train
4d9fadf79.jpg,train
4da0260d5.jpg,train
4da66ae64.jpg,train
4dba4db98.jpg,train
4dbadaa3e.jpg,train
4dbe12a7b.jpg,train
4dc35083b.jpg,train
4dc6582d3.jpg,train
4dc86abd8.jpg,train
4dc8b9c03.jpg,train
4dcb6f67a.jpg,train
4dd35625f.jpg,train
4de08bdef.jpg,train
4de568a45.jpg,train
4defcdb36.jpg,train
4dfd9c462.jpg,train
4e10c8425.jpg,train
4e15a5ea4.jpg,train
4e1c34ada.jpg,train
4e1e0e3ac.jpg,train
4e24e650d.jpg,train
4e25cb8e7.jpg,train
4e265c94c.jpg,train
4e2c9230d.jpg,train
4e2e1bdb7.jpg,train
4e33d6324.jpg,train
4e36f104c.jpg,train
4e39d8c5c.jpg,train
4e438c98c.jpg,train
4e46ce4ca.jpg,train
4e5aabaae.jpg,train
4e5b28887.jpg,train
4e643b0e3.jpg,train
4e6514402.jpg,train
4e7ba4854.jpg,train
4e8c83b2d.jpg,train
4e8ead4b3.jpg,train
4e9055d9e.jpg,train
4e91ec662.jpg,train
4e9b147fa.jpg,train
4eb33b3fe.jpg,train
4eb8c6514.jpg,train
4ebb6d63a.jpg,train
4ebff3a81.jpg,train
4ec0d49df.jpg,train
4ec252808.jpg,train
4ecf05db6.jpg,train
4ed62a0c0.jpg,train
4edc8b817.jpg,train
4edff9648.jpg,train
4ee039478.jpg,train
4ee570810.jpg,train
4eea878dd.jpg,train
4eeafada5.jpg,train
4ef21d9b7.jpg,train
4ef65d75b.jpg,train
4ef6c54c9.jpg,train
4efe827ed.jpg,train
4eff4c1b9.jpg,train
4f002a224.jpg,train
4f065758e.jpg,train
4f19a907e.jpg,train
4f1f6dee0.jpg,train
4f323a756.jpg,train
4f3267b2d.jpg,train
4f3575945.jpg,train
4f3632e9d.jpg,train
4f3633a21.jpg,train
4f5d3e79d.jpg,train
4f675d901.jpg,train
4f6a3b984.jpg,train
4f70ba311.jpg,train
4f77c0179.jpg,train
4f7972e7c.jpg,train
4f798b970.jpg,train
4f8570f4c.jpg,train
4f89dd316.jpg,train
4f8bb34b3.jpg,train
4f8d88bd7.jpg,train
4f92a9f7a.jpg,train
4f9790fcf.jpg,train
4f9b3eee7.jpg,train
4f9c1e0ee.jpg,train
4faf01808.jpg,train
4fb88c3a4.jpg,train
4fb9f5229.jpg,train
4fcacdb3a.jpg,train
4fcc02177.jpg,train
4fd6285f1.jpg,train
4fd6b1521.jpg,train
4fd7307d3.jpg,train
4fda927f8.jpg,train
4fe1a879c.jpg,train
4fe40fc03.jpg,train
4fe777e50.jpg,train
4ff2ec64b.jpg,train
5009ae5f7.jpg,train
500bd5355.jpg,train
5013e5c9d.jpg,train
5020df2f8.jpg,train
502a574eb.jpg,train
50308589f.jpg,train
503bd0c0f.jpg,train
503d78c6f.jpg,train
5041c4a3f.jpg,train
5047b4ba0.jpg,train
5063991b6.jpg,train
5064ecb6d.jpg,train
50655a748.jpg,train
506826fc6.jpg,train
5080067a2.jpg,train
508637e33.jpg,train
50874143a.jpg,train
508c739d1.jpg,train
509abf323.jpg,train
509c2cea7.jpg,train
50ac457cb.jpg,train
50ac97479.jpg,train
50b285302.jpg,train
50bab4d98.jpg,train
50c8a63b1.jpg,train
50cfeaca4.jpg,train
50d171c0f.jpg,train
50d92eec1.jpg,train
50dbfb4ec.jpg,train
50de95d7f.jpg,train
50e60febd.jpg,train
50f069727.jpg,train
50f53c152.jpg,train
50fb57a6c.jpg,train
50ff24e6e.jpg,train
510b9c5cc.jpg,train
51103c2eb.jpg,train
511570622.jpg,train
512065925.jpg,train
5125317c7.jpg,train
5125e4ad6.jpg,train
512ac9a49.jpg,train
5132041da.jpg,train
514222386.jpg,train
51434f59b.jpg,train
5148cb009.jpg,train
514c3734e.jpg,train
514f11c53.jpg,train
515f9551b.jpg,train
51632c4a4.jpg,train
516b72597.jpg,train
5172a46ee.jpg,train
517b242ce.jpg,train
517f3ce34.jpg,train
5188851b2.jpg,train
51905a4bc.jpg,train
51938ecf0.jpg,train
519599df3.jpg,train
519d16e7c.jpg,train
519e11f0b.jpg,train
519e8199f.jpg,train
51a3f4c59.jpg,train
51aa20891.jpg,train
51b211df9.jpg,train
51c35e519.jpg,train
51cbde5bc.jpg,train
51cd72108.jpg,train
51d092947.jpg,train
51d7bdfc2.jpg,train
51d7bee0a.jpg,train
51dfcda89.jpg,train
51ee8ec48.jpg,train
51f4e04c6.jpg,train
51f993f26.jpg,train
51f9ccdd2.jpg,train
51fd0e994.jpg,train
51ff1aef9.jpg,train
5210ac609.jpg,train
5213b418b.jpg,train
521632501.jpg,train
5226a20da.jpg,train
5227a284c.jpg,train
5227eaed2.jpg,train
522885da1.jpg,train
522ade1d3.jpg,train
522d34082.jpg,train
522e17d3e.jpg,train
522f217cb.jpg,train
5238bc100.jpg,train
523a65c42.jpg,train
523e97839.jpg,train
523fee62c.jpg,train
524015c26.jpg,train
524214c87.jpg,train
52443504f.jpg,train
52497822f.jpg,train
5256faa06.jpg,train
525d0e51e.jpg,train
5267fdd89.jpg,train
527517cf3.jpg,train
52786ae5b.jpg,train
527d11e5a.jpg,train
528112571.jpg,train
5283b3138.jpg,train
528470bcc.jpg,train
5294d00dc.jpg,train
529e2b37d.jpg,train
52b379913.jpg,train
52b3b763f.jpg,train
52be91fda.jpg,train
52cf9caf9.jpg,train
52d0d8da4.jpg,train
52df7277c.jpg,train
52f589500.jpg,train
52f9e7a9c.jpg,train
530227cd2.jpg,train
5303447ca.jpg,train
531b9c425.jpg,train
531cda8a6.jpg,train
533012eb6.jpg,train
533261093.jpg,train
53348f9a0.jpg,train
5335b8fd7.jpg,train
534666b46.jpg,train
534991d20.jpg,train
534dacff6.jpg,train
535f1aa8d.jpg,train
53630d5bf.jpg,train
5364f04f3.jpg,train
536f5bd1b.jpg,train
5370c78e0.jpg,train
5377dbac1.jpg,train
537d5882a.jpg,train
5386596d5.jpg,train
538ed855c.jpg,train
53994e13b.jpg,train
539a30638.jpg,train
539a9d455.jpg,train
53a21bba1.jpg,train
53abc091a.jpg,train
53b273e7a.jpg,train
53b6d2ab1.jpg,train
53c167687.jpg,train
53c1aba83.jpg,train
53c689378.jpg,train
53d16f700.jpg,train
53d6cc0b9.jpg,train
53df66e91.jpg,train
53e277621.jpg,train
53e3ddbab.jpg,train
53e812ced.jpg,train
53f2e3c44.jpg,train
53f9c84f6.jpg,train
53fa72f86.jpg,train
53ff38fe7.jpg,train
540fe433e.jpg,train
541f9ad41.jpg,train
542084ea9.jpg,train
542499e15.jpg,train
542fed55c.jpg,train
5432fd9e1.jpg,train
5432ff65a.jpg,train
543d1e1ea.jpg,train
5457b2b87.jpg,train
5457e4e20.jpg,train
5462db9cd.jpg,train
5462fa711.jpg,train
5463b35d3.jpg,train
54780d890.jpg,train
547c5635f.jpg,train
5489138ba.jpg,train
548bc91f8.jpg,train
548f2444a.jpg,train
549613483.jpg,train
549aa706e.jpg,train
54a1df397.jpg,train
54b425e17.jpg,train
54b912dfb.jpg,train
54c05f0ac.jpg,train
54c0e2d84.jpg,train
54c49ad1f.jpg,train
54c4f7afa.jpg,train
54cdc22ca.jpg,train
54d5658e2.jpg,train
54d8a631f.jpg,train
54dd95d41.jpg,train
54de37d5e.jpg,train
54e19ae6a.jpg,train
54f1891ad.jpg,train
54f69cb7d.jpg,train
54f7648a5.jpg,train
54f94ed71.jpg,train
54faae5d4.jpg,train
54fd0b997.jpg,train
55042415c.jpg,train
550c8713a.jpg,train
55136d7f3.jpg,train
551b840d2.jpg,train
552b86fba.jpg,train
552c82a23.jpg,train
55303df62.jpg,train
55341cd4e.jpg,train
5545e4b0f.jpg,train
554710095.jpg,train
55475eb9b.jpg,train
554d5a941.jpg,train
554ee47b6.jpg,train
5562229c3.jpg,train
556c2967b.jpg,train
556e12633.jpg,train
55728df3e.jpg,train
5574a47da.jpg,train
5578b3c7d.jpg,train
558a45a09.jpg,train
558bffe73.jpg,train
55901ac51.jpg,train
55979505e.jpg,train
55a585807.jpg,train
55b0d9d23.jpg,train
55c689cd0.jpg,train
55ccadff9.jpg,train
55de18232.jpg,train
55e7e8715.jpg,train
5600ec21b.jpg,train
56011ad29.jpg,train
5607d6b35.jpg,train
560a3e98a.jpg,train
560c8f003.jpg,train
56120829d.jpg,train
561da28b1.jpg,train
562055ee9.jpg,train
562e2274c.jpg,train
56355a469.jpg,train
56463250f.jpg,train
5649454b6.jpg,train
56553f422.jpg,train
565cfa48c.jpg,train
5660432cc.jpg,train
5663a9e34.jpg,train
5665ada1b.jpg,train
567578f1b.jpg,train
56774fb7f.jpg,train
567e1f981.jpg,train
568439b6c.jpg,train
56918910e.jpg,train
5698f3507.jpg,train
56997bb72.jpg,train
56aaf82ea.jpg,train
56abc5057.jpg,train
56b587e9e.jpg,train
56b9e54ed.jpg,train
56ba7c882.jpg,train
56bf01513.jpg,train
56cf9fe0e.jpg,train
56d523688.jpg,train
56d919ac4.jpg,train
56da18173.jpg,train
56de9f0d1.jpg,train
56edcc37a.jpg,train
570cb5438.jpg,train
571f22cde.jpg,train
5722f7171.jpg,train
57239737a.jpg,train
57258d636.jpg,train
5727d7f96.jpg,train
57314986d.jpg,train
57461a858.jpg,train
5757100f0.jpg,train
575e5be94.jpg,train
576910e29.jpg,train
57794735f.jpg,train
577afb2d8.jpg,train
57821dda7.jpg,train
5787b6262.jpg,train
578b43574.jpg,train
578ba56db.jpg,train
578e97b72.jpg,train
578fc1bb8.jpg,train
579796d67.jpg,train
579898eed.jpg,train
579e764a7.jpg,train
57a7375f3.jpg,train
57ab2cf83.jpg,train
57c594518.jpg,train
57cb45ba8.jpg,train
57cc4e2d3.jpg,train
57cf3c6ce.jpg,train
57d157679.jpg,train
57d20b2d8.jpg,train
57d263755.jpg,train
57e156a9c.jpg,train
57e4c23bb.jpg,train
57e6b1bcd.jpg,train
57f3ced60.jpg,train
57f9b3eae.jpg,train
58049fca1.jpg,train
5809fc14b.jpg,train
5810e2d40.jpg,train
581ded261.jpg,train
582a8c235.jpg,train
582f0666f.jpg,train
5831b5e6b.jpg,train
58384cf41.jpg,train
583bba869.jpg,train
583f6dd8a.jpg,train
5843cdaf1.jpg,train
58499efc0.jpg,train
5852d571b.jpg,train
5852e61b5.jpg,train
585904c94.jpg,train
585f34f11.jpg,train
5860f9e57.jpg,train
58673aa89.jpg,train
586b86560.jpg,train
587e151b2.jpg,train
5891749fb.jpg,train
5892bea2e.jpg,train
5892d9332.jpg,train
589ac5007.jpg,train
589dfc4f8.jpg,train
58a953c4a.jpg,train
58a9d89c8.jpg,train
58b26c5f1.jpg,train
58b3000b1.jpg,train
58b7be0f6.jpg,train
58c262a8b.jpg,train
58c2f165b.jpg,train
58c369250.jpg,train
58ce0e3cf.jpg,train
58d6e5853.jpg,train
58e0f40f8.jpg,train
58e63b56e.jpg,train
58ee62fd7.jpg,train
58f11e1cb.jpg,train
58fd1ce30.jpg,train
59063047a.jpg,train
591f6444c.jpg,train
592e75073.jpg,train
5933ec79b.jpg,train
59384b153.jpg,train
593f80e9f.jpg,train
5940f3cde.jpg,train
594303084.jpg,train
594d97d26.jpg,train
594e0207a.jpg,train
594e2b83f.jpg,train
5952d06e5.jpg,train
595373657.jpg,train
5956f0975.jpg,train
59664a874.jpg,train
596ab1a7f.jpg,train
596c1c20f.jpg,train
5971c43c9.jpg,train
5983e88bd.jpg,train
59849c3de.jpg,train
599251689.jpg,train
59931eb56.jpg,train
5994c3b58.jpg,train
59a1733a9.jpg,train
59a2887fd.jpg,train
59a5ac86a.jpg,train
59abeaf7b.jpg,train
59ae6ad57.jpg,train
59b20349b.jpg,train
59b5007ed.jpg,train
59bc9997f.jpg,train
59ce36e8a.jpg,train
59e3cf08c.jpg,train
59e4baab6.jpg,train
59e91f935.jpg,train
59f0c09bb.jpg,train
59f7de86b.jpg,train
5a036a042.jpg,train
5a0389912.jpg,train
5a03cd4f1.jpg,train
5a0a6f0d2.jpg,train
5a0b3a924.jpg,train
5a188bcf6.jpg,train
5a1b1601e.jpg,train
5a2a644d9.jpg,train
5a3c3a927.jpg,train
5a3db6845.jpg,train
5a3e79676.jpg,train
5a46b4407.jpg,train
5a4af1a28.jpg,train
5a68d86b2.jpg,train
5a6a8196b.jpg,train
5a6aca360.jpg,train
5a718d72e.jpg,train
5a752f8cd.jpg,train
5a8203514.jpg,train
5a8644849.jpg,train
5a9086b81.jpg,train
5a913dda0.jpg,train
5a9da43e1.jpg,train
5a9f713f3.jpg,train
5aa1c319d.jpg,train
5aa352ece.jpg,train
5aa7997bd.jpg,train
5aadb38a5.jpg,train
5acf0f8cd.jpg,train
5ad537934.jpg,train
5ad654fc4.jpg,train
5adb00ee3.jpg,train
5ae15c5b7.jpg,train
5af757935.jpg,train
5afa3d1e3.jpg,train
5afe748ca.jpg,train
5aff55ed5.jpg,train
5affd9802.jpg,train
5b0413b89.jpg,train
5b077082b.jpg,train
5b0da4889.jpg,train
5b13aedd6.jpg,train
5b1628412.jpg,train
5b175c18c.jpg,train
5b188752b.jpg,train
5b1b444e3.jpg,train
5b1c96f09.jpg,train
5b1e3d933.jpg,train
5b1e974a2.jpg,train
5b202c6f5.jpg,train
5b28f3d4a.jpg,train
5b334d4db.jpg,train
5b34ea110.jpg,train
5b36fcd3d.jpg,train
5b3c0123f.jpg,train
5b3d4785d.jpg,train
5b3f3abe1.jpg,train
5b470a696.jpg,train
5b4d883bf.jpg,train
5b4e446d3.jpg,train
5b53fc5e8.jpg,train
5b5543800.jpg,train
5b58a64b9.jpg,train
5b5ad8482.jpg,train
5b615bff0.jpg,train
5b66c8d1f.jpg,train
5b6d6b7ff.jpg,train
5b6f98ba8.jpg,train
5b73c33d7.jpg,train
5b8ad534d.jpg,train
5b9b3c297.jpg,train
5b9c9191b.jpg,train
5b9f92d00.jpg,train
5ba141d56.jpg,train
5ba43097d.jpg,train
5ba431673.jpg,train
5ba7d0f08.jpg,train
5baeac055.jpg,train
5bb141102.jpg,train
5bb466d48.jpg,train
5bba33b04.jpg,train
5bbd809c4.jpg,train
5bc5b180b.jpg,train
5bcaca872.jpg,train
5bcc61d96.jpg,train
5bd1b8afa.jpg,train
5bd332551.jpg,train
5bd81b380.jpg,train
5bdf24fa3.jpg,train
5be411059.jpg,train
5bec4663f.jpg,train
5becb5ee2.jpg,train
5bf4948c3.jpg,train
5bf66cfa5.jpg,train
5bf75ef9a.jpg,train
5c030bf0c.jpg,train
5c044192f.jpg,train
5c07547b4.jpg,train
5c0f7c72d.jpg,train
5c123ad74.jpg,train
5c201d9e7.jpg,train
5c238e376.jpg,train
5c2495c58.jpg,train
5c36982d0.jpg,train
5c3ba387a.jpg,train
5c3d3b23e.jpg,train
5c3e81694.jpg,train
5c3ececea.jpg,train
5c48d6e80.jpg,train
5c52f36cd.jpg,train
5c55d1bbf.jpg,train
5c5a0ce34.jpg,train
5c5aa7bbc.jpg,train
5c68839d0.jpg,train
5c6b05529.jpg,train
5c6cba0d4.jpg,train
5c753ef63.jpg,train
5c7613c97.jpg,train
5c7a09dc0.jpg,train
5c801ba0c.jpg,train
5c8104408.jpg,train
5c86de06f.jpg,train
5c876d114.jpg,train
5c8c555a3.jpg,train
5c90de9a0.jpg,train
5c9b16686.jpg,train
5ca03f4fb.jpg,train
5ca2ccd75.jpg,train
5ca7fcc19.jpg,train
5cadef440.jpg,train
5cbc57544.jpg,train
5cbfcc4dd.jpg,train
5cc1f869a.jpg,train
5cc47b140.jpg,train
5cc70cbdb.jpg,train
5cc9018f0.jpg,train
5cd2125a9.jpg,train
5cd2a9b53.jpg,train
5cd50ed32.jpg,train
5cef0e386.jpg,train
5cf1cb974.jpg,train
5cf49344a.jpg,train
5cf4adf72.jpg,train
5d070ece7.jpg,train
5d0b67f94.jpg,train
5d162a1fb.jpg,train
5d16d5e52.jpg,train
5d1aac191.jpg,train
5d1d529b0.jpg,train
5d218419b.jpg,train
5d22d4c0d.jpg,train
5d2fe9f45.jpg,train
5d31c6ec3.jpg,train
5d37118aa.jpg,train
5d3cbe1fe.jpg,train
5d465a80a.jpg,train
5d65e94a7.jpg,train
5d853e095.jpg,train
5d8690cf6.jpg,train
5d8c2d90e.jpg,train
5d8d3463a.jpg,train
5d9995dfe.jpg,train
5d9cd57a5.jpg,train
5da0590e5.jpg,train
5da101f18.jpg,train
5da78dca1.jpg,train
5db20dd94.jpg,train
5db4d2daa.jpg,train
5dbe61887.jpg,train
5dc613459.jpg,train
5dd11afc4.jpg,train
5dd5484fc.jpg,train
5de4f67ec.jpg,train
5e0744d4b.jpg,train
5e08ca8ee.jpg,train
5e094a512.jpg,train
5e18e1844.jpg,train
5e228bd48.jpg,train
5e29012ca.jpg,train
5e2aaff78.jpg,train
5e3a14360.jpg,train
5e3c6bfd8.jpg,train
5e3f90ef0.jpg,train
5e4546504.jpg,train
5e4714333.jpg,train
5e534a619.jpg,train
5e5515e05.jpg,train
5e570da14.jpg,train
5e581254c.jpg,train
5e5cce297.jpg,train
5e5f3ea95.jpg,train
5e658dfcb.jpg,train
5e6815274.jpg,train
5e688f8fd.jpg,train
5e6c70479.jpg,train
5e7f11c85.jpg,train
5e88c8a04.jpg,train
5e8ca0990.jpg,train
5e92f8e11.jpg,train
5e9371b0d.jpg,train
5e995a151.jpg,train
5e99fe1cd.jpg,train
5ea696356.jpg,train
5ea7bbf5f.jpg,train
5eae1fad1.jpg,train
5eb5348b3.jpg,train
5eb928f43.jpg,train
5ec3f0420.jpg,train
5ec5dd646.jpg,train
5ec80000e.jpg,train
5ed08442d.jpg,train
5ed60086b.jpg,train
5ed98fbe2.jpg,train
5edc97218.jpg,train
5edcbfc69.jpg,train
5ee800985.jpg,train
5eeb58b97.jpg,train
5eebc2c76.jpg,train
5f0c8d167.jpg,train
5f121bfff.jpg,train
5f2a4bf0b.jpg,train
5f2f465bc.jpg,train
5f33ded37.jpg,train
5f34a730b.jpg,train
5f39f57ea.jpg,train
5f3ea48cc.jpg,train
5f459aeb3.jpg,train
5f4aacd92.jpg,train
5f4e99fc7.jpg,train
5f507f470.jpg,train
5f5a2e357.jpg,train
5f5e1e310.jpg,train
5f7c066e7.jpg,train
5f7e6cfdd.jpg,train
5f925b62b.jpg,train
5f951ff8c.jpg,train
5fa0b3200.jpg,train
5fa66ef18.jpg,train
5fa81f2b5.jpg,train
5fb058bcf.jpg,train
5fb05ccea.jpg,train
5fbb1a20d.jpg,train
5fccf97d8.jpg,train
5fd638b66.jpg,train
5fd74daee.jpg,train
5fd8e2c76.jpg,train
5fdd30811.jpg,train
5feafe9c5.jpg,train
5ff533576.jpg,train
5ff5438f5.jpg,train
5ff6ee14c.jpg,train
6004d82bf.jpg,train
6006371fc.jpg,train
600a81590.jpg,train
600dcf318.jpg,train
601e77e84.jpg,train
602288d9c.jpg,train
6023f98ef.jpg,train
602a29dac.jpg,train
602f44c93.jpg,train
603283b48.jpg,train
603bb9003.jpg,train
603fc5bfa.jpg,train
604e200e1.jpg,train
6057309ad.jpg,train
6057916d4.jpg,train
605ed0050.jpg,train
606f35768.jpg,train
607105dac.jpg,train
6078cc0b1.jpg,train
6081f6677.jpg,train
6085fc4cc.jpg,train
6088b253e.jpg,train
608bd49bc.jpg,train
60906c3a1.jpg,train
6091e8db7.jpg,train
6092ccb86.jpg,train
60a4b3df2.jpg,train
60a5ee89e.jpg,train
60a90c7d3.jpg,train
60b79ec56.jpg,train
60bc48f6b.jpg,train
60bdfb21b.jpg,train
60bed88a7.jpg,train
60c41d5b0.jpg,train
60c48f53e.jpg,train
60d7248a8.jpg,train
60d7ee261.jpg,train
60efe3f90.jpg,train
60f9e221f.jpg,train
60f9f7ff2.jpg,train
60fb3a793.jpg,train
6100ef061.jpg,train
6100fae0f.jpg,train
61072870e.jpg,train
6109c07c7.jpg,train
610a6d546.jpg,train
6110a6c5f.jpg,train
611966559.jpg,train
611ed97fe.jpg,train
61204ded5.jpg,train
61228a49c.jpg,train
612456357.jpg,train
6137b0b89.jpg,train
614054f86.jpg,train
6143631ab.jpg,train
61457b567.jpg,train
6149dc4ee.jpg,train
614e8523d.jpg,train
6160e3483.jpg,train
616646b4d.jpg,train
617b8af67.jpg,train
61835d07a.jpg,train
618f0ff16.jpg,train
6190fe546.jpg,train
6195c3cf0.jpg,train
619733902.jpg,train
619e14fc9.jpg,train
619e26127.jpg,train
619f5dc9c.jpg,train
61a06d797.jpg,train
61a0d669a.jpg,train
61a2a3de3.jpg,train
61a365822.jpg,train
61a58bcc6.jpg,train
61b5984bb.jpg,train
61bbee823.jpg,train
61bc906d9.jpg,train
61cbb3c15.jpg,train
61cd2a4f4.jpg,train
61defe67d.jpg,train
61e56bfc1.jpg,train
61e8a808c.jpg,train
61f1a5464.jpg,train
61f22bd01.jpg,train
61f93524d.jpg,train
620568126.jpg,train
6207b71f1.jpg,train
6209acbc4.jpg,train
620f810e7.jpg,train
621086ad2.jpg,train
62122709f.jpg,train
6212e44a0.jpg,train
621706556.jpg,train
6218cd94a.jpg,train
621ba04b6.jpg,train
621c327d0.jpg,train
621c5bfe5.jpg,train
622086df1.jpg,train
622851fbe.jpg,train
6234abc59.jpg,train
62390e1f1.jpg,train
623c8ea1a.jpg,train
6241f88fd.jpg,train
624a6daf6.jpg,train
624b76e5c.jpg,train
624ff10c3.jpg,train
62638f27a.jpg,train
6267f94de.jpg,train
6276bd13c.jpg,train
627b98bc7.jpg,train
627fef214.jpg,train
62849bbef.jpg,train
628986ff3.jpg,train
629277c2f.jpg,train
6293b99e3.jpg,train
629900275.jpg,train
629f417ee.jpg,train
62a1af2c1.jpg,train
62a62b552.jpg,train
62a9535b1.jpg,train
62b0a31ba.jpg,train
62b0efabd.jpg,train
62b560fca.jpg,train
62b6e4d5d.jpg,train
62b81735c.jpg,train
62bf70fee.jpg,train
62c1c5dcb.jpg,train
62c4f10d3.jpg,train
62cf0b008.jpg,train
62d22c41a.jpg,train
62d9fd113.jpg,train
62de7fd2d.jpg,train
62e356985.jpg,train
62e5f5e95.jpg,train
62e75b91a.jpg,train
62f1544bb.jpg,train
62f84c877.jpg,train
62febb8d5.jpg,train
63066e3a7.jpg,train
6308e03ad.jpg,train
631774933.jpg,train
631c2334a.jpg,train
631eb3826.jpg,train
632133372.jpg,train
632afd007.jpg,train
6336c7ef4.jpg,train
633701ae3.jpg,train
633b2f9e5.jpg,train
633e82d81.jpg,train
634f15fd4.jpg,train
6353833df.jpg,train
63541b5aa.jpg,train
6355bcd53.jpg,train
6355bf572.jpg,train
635c14be4.jpg,train
636139dbf.jpg,train
6365e8fb8.jpg,train
636852a01.jpg,train
636bad9bd.jpg,train
6377c76ee.jpg,train
637a0124c.jpg,train
6382e222f.jpg,train
638531c87.jpg,train
638b05d55.jpg,train
6395f8bf1.jpg,train
63972a7c5.jpg,train
639c7495a.jpg,train
639f2d9e3.jpg,train
63a3aaaa4.jpg,train
63ad80e46.jpg,train
63adb88f1.jpg,train
63b63d495.jpg,train
63b6edd7e.jpg,train
63c0e226d.jpg,train
63c46a774.jpg,train
63cea57a1.jpg,train
63cf275e8.jpg,train
63d58f327.jpg,train
63d8f0be1.jpg,train
63da8f810.jpg,train
63ee5bc32.jpg,train
63f58e5d6.jpg,train
63fde7ae0.jpg,train
640174345.jpg,train
64050cece.jpg,train
64061cda4.jpg,train
640b3aede.jpg,train
641f7876e.jpg,train
64261b3f7.jpg,train
642cfbe74.jpg,train
6430ea237.jpg,train
64361cd8b.jpg,train
643eac906.jpg,train
643f181f4.jpg,train
64443519b.jpg,train
646a22b43.jpg,train
646a4e69a.jpg,train
646acd6c3.jpg,train
646b93bc9.jpg,train
648e67d1b.jpg,train
64934ac51.jpg,train
64945c8c0.jpg,train
649822bd7.jpg,train
649890305.jpg,train
64a5f8c80.jpg,train
64a9ec83c.jpg,train
64b0f37d7.jpg,train
64b4c2791.jpg,train
64b571a9a.jpg,train
64b61a1b3.jpg,train
64c57880e.jpg,train
64c97319b.jpg,train
64ca31bd3.jpg,train
64dc9ef9a.jpg,train
64e49facc.jpg,train
64e81deca.jpg,train
64e954c1f.jpg,train
64f0c5fe1.jpg,train
64fc246e7.jpg,train
64fd46742.jpg,train
64fdc1a7a.jpg,train
6500a95e7.jpg,train
6505eb32e.jpg,train
6506c22cb.jpg,train
650fa0a7a.jpg,train
653125e34.jpg,train
653655d53.jpg,train
653a31140.jpg,train
653bcd600.jpg,train
653eb7e80.jpg,train
6550a2b76.jpg,train
6560f3c7e.jpg,train
65657b8ed.jpg,train
65688fbc2.jpg,train
657f2e15d.jpg,train
65829e956.jpg,train
65841b207.jpg,train
6588cf973.jpg,train
658ad1fc9.jpg,train
6592d059e.jpg,train
6594f3191.jpg,train
659985985.jpg,train
65a93d127.jpg,train
65af2dedf.jpg,train
65b4ca139.jpg,train
65b6e175c.jpg,train
65b962305.jpg,train
65bb052e9.jpg,train
65cb0add2.jpg,train
65cf822cb.jpg,train
65d3d7a0c.jpg,train
65d8eae69.jpg,train
65dabbb96.jpg,train
65ddaa254.jpg,train
65e2c4248.jpg,train
65eb8d35d.jpg,train
65f1d83fb.jpg,train
65f9c520b.jpg,train
66110a5d2.jpg,train
661c42b97.jpg,train
661f3fe2b.jpg,train
662e5a5ee.jpg,train
663248e1d.jpg,train
6634574cd.jpg,train
663abe741.jpg,train
66480ece5.jpg,train
665a8347a.jpg,train
6666f7f16.jpg,train
6668e50d0.jpg,train
666960b16.jpg,train
667f219fa.jpg,train
6685aa0f5.jpg,train
6686b6b23.jpg,train
668acdbde.jpg,train
66987e071.jpg,train
669dbcc19.jpg,train
66a1eb528.jpg,train
66a481744.jpg,train
66a7b82b6.jpg,train
66ac60af4.jpg,train
66b5d6b19.jpg,train
66c272e62.jpg,train
66c2e78b0.jpg,train
66c456295.jpg,train
66c487b25.jpg,train
66c5ec0b4.jpg,train
66c7d94b2.jpg,train
66d9ba8db.jpg,train
66e2fee14.jpg,train
66e43edf6.jpg,train
66e6c8a78.jpg,train
66e89afaa.jpg,train
66f999f2d.jpg,train
66fb37513.jpg,train
67014d942.jpg,train
6705eb964.jpg,train
670dc6f72.jpg,train
67147fba9.jpg,train
6714ba056.jpg,train
6724b9623.jpg,train
672534146.jpg,train
67270238f.jpg,train
672a24d19.jpg,train
673099a5e.jpg,train
6745075b9.jpg,train
674be7ddd.jpg,train
67558ad53.jpg,train
67579f49a.jpg,train
676de457e.jpg,train
67741aee6.jpg,train
677828765.jpg,train
6778e2f4c.jpg,train
67799f68e.jpg,train
677be2fe2.jpg,train
677ec10b9.jpg,train
6791c36e9.jpg,train
6796e2c3f.jpg,train
67995d23c.jpg,train
679af1ef8.jpg,train
679f4601f.jpg,train
67a047923.jpg,train
67a174dc4.jpg,train
67a5a06f1.jpg,train
67a9dd552.jpg,train
67ae369d2.jpg,train
67c195368.jpg,train
67c9858c9.jpg,train
67e2d14a6.jpg,train
67e32351d.jpg,train
67ea2cf0a.jpg,train
67fc6eeb8.jpg,train
67fce2600.jpg,train
67fd150c6.jpg,train
67ffa0fc7.jpg,train
6812ce51c.jpg,train
68142cad1.jpg,train
68150e7ff.jpg,train
6818b1f86.jpg,train
681af7b91.jpg,train
681d859d3.jpg,train
682271cbc.jpg,train
6825de090.jpg,train
683ad3cc1.jpg,train
6842d4cd3.jpg,train
6846b82fa.jpg,train
684b34ac4.jpg,train
684c99351.jpg,train
684f614fb.jpg,train
6850e8c5c.jpg,train
68511f15f.jpg,train
685593407.jpg,train
685b767f1.jpg,train
6860ae804.jpg,train
68656ca18.jpg,train
686579cd4.jpg,train
68666853c.jpg,train
6869514ca.jpg,train
686d19124.jpg,train
687059efc.jpg,train
687118e67.jpg,train
687cd2813.jpg,train
689491df4.jpg,train
689768b30.jpg,train
689a96bbe.jpg,train
689af3e16.jpg,train
689c12926.jpg,train
689d35c98.jpg,train
68a2a6fa7.jpg,train
68a4ef23c.jpg,train
68a6a07f3.jpg,train
68a931b71.jpg,train
68d3c7be2.jpg,train
68d96eaa7.jpg,train
68db9ad2d.jpg,train
68e5d4470.jpg,train
68e9a1ae8.jpg,train
68ebc581e.jpg,train
68f01dba9.jpg,train
69053f274.jpg,train
69071acbc.jpg,train
690afc09e.jpg,train
690f160a5.jpg,train
691680efc.jpg,train
6916a083e.jpg,train
6918f5a24.jpg,train
69205724f.jpg,train
69231176e.jpg,train
692989ec2.jpg,train
692c14cc2.jpg,train
692c9f467.jpg,train
6931cadb0.jpg,train
69365fabd.jpg,train
693f88388.jpg,train
69403726e.jpg,train
694899d8e.jpg,train
694a51dba.jpg,train
6950bbedb.jpg,train
6966ed5f1.jpg,train
696b8ab21.jpg,train
6978ec041.jpg,train
697ff5265.jpg,train
6985a34e0.jpg,train
698cfb297.jpg,train
698f3d5c2.jpg,train
698fdc957.jpg,train
6998f83b7.jpg,train
69a9effa0.jpg,train
69b01f980.jpg,train
69c728b51.jpg,train
69cd30414.jpg,train
69cf6690b.jpg,train
69d95aeea.jpg,train
69df9d97b.jpg,train
69e3729fa.jpg,train
69eb01d92.jpg,train
69f4aebe6.jpg,train
69f723ceb.jpg,train
69f87ba66.jpg,train
69fa024d2.jpg,train
6a0322a07.jpg,train
6a039865f.jpg,train
6a06e0328.jpg,train
6a0a4fcc2.jpg,train
6a15b9733.jpg,train
6a2cc27b6.jpg,train
6a3645f29.jpg,train
6a4425d33.jpg,train
6a46b70e7.jpg,train
6a503e352.jpg,train
6a5ae043c.jpg,train
6a64ceedf.jpg,train
6a6c25bd1.jpg,train
6a6e08613.jpg,train
6a7567d37.jpg,train
6a7b866b8.jpg,train
6a7d34c5c.jpg,train
6a7f81abd.jpg,train
6a81d86ab.jpg,train
6a87cd08c.jpg,train
6a8d360f7.jpg,train
6a922ea4a.jpg,train
6a99258af.jpg,train
6a9ff8fdd.jpg,train
6aa1495af.jpg,train
6aa69e12c.jpg,train
6aadb8486.jpg,train
6aaead7bb.jpg,train
6aaed4429.jpg,train
6abf76aad.jpg,train
6ac05a8e4.jpg,train
6ac1c730f.jpg,train
6ac1d05d3.jpg,train
6ad48f01b.jpg,train
6ad67f690.jpg,train
6ad950bb6.jpg,train
6add08a01.jpg,train
6adf77c70.jpg,train
6ae3db7d0.jpg,train
6af49356c.jpg,train
6afa917f2.jpg,train
6afb926ab.jpg,train
6afbf77ec.jpg,train
6b01c6257.jpg,train
6b0b37549.jpg,train
6b173c7cd.jpg,train
6b226dec1.jpg,train
6b26c1a9a.jpg,train
6b2891fd8.jpg,train
6b2a60dba.jpg,train
6b2fa8dea.jpg,train
6b36665ef.jpg,train
6b3cd0de2.jpg,train
6b3d02bce.jpg,train
6b463443e.jpg,train
6b4d25284.jpg,train
6b513db3b.jpg,train
6b53b62be.jpg,train
6b634bbe9.jpg,train
6b665ad9f.jpg,train
6b6a070d0.jpg,train
6b6fce7c2.jpg,train
6b7387486.jpg,train
6b7b04599.jpg,train
6b7e04658.jpg,train
6b7ea4c13.jpg,train
6b8389e9b.jpg,train
6b8b5c4a5.jpg,train
6b9106729.jpg,train
6b92f5221.jpg,train
6b9bed01e.jpg,train
6ba94954a.jpg,train
6bb002045.jpg,train
6bb12c4ad.jpg,train
6bb4797fb.jpg,train
6bbc3a488.jpg,train
6bc6e2cbc.jpg,train
6bc7c35cd.jpg,train
6bcfe3b99.jpg,train
6bd0ca419.jpg,train
6bd87aed9.jpg,train
6be920c9d.jpg,train
6becce2bf.jpg,train
6bef89182.jpg,train
6bf2151b8.jpg,train
6bfcce918.jpg,train
6c0433718.jpg,train
6c04c1f61.jpg,train
6c0ae9d2d.jpg,train
6c1118c1b.jpg,train
6c135420d.jpg,train
6c15dadb8.jpg,train
6c1bc5d11.jpg,train
6c200c5d6.jpg,train
6c209695d.jpg,train
6c218639f.jpg,train
6c2585cf5.jpg,train
6c2bee41b.jpg,train
6c3866964.jpg,train
6c3a82b05.jpg,train
6c3f3324a.jpg,train
6c428eb65.jpg,train
6c47f6194.jpg,train
6c4f273ea.jpg,train
6c52f92bc.jpg,train
6c688cacc.jpg,train
6c6b4fb36.jpg,train
6c85ce812.jpg,train
6c88c5714.jpg,train
6c8b1519e.jpg,train
6c936a770.jpg,train
6c9efa832.jpg,train
6c9f54be2.jpg,train
6ca387398.jpg,train
6ca581fb2.jpg,train
6caa89d4e.jpg,train
6cad486d2.jpg,train
6cb1e08e1.jpg,train
6cba5b38a.jpg,train
6cbc3708d.jpg,train
6cbf50fc2.jpg,train
6ccde604d.jpg,train
6ce483b03.jpg,train
6ce526a3a.jpg,train
6ce9bf7f7.jpg,train
6ce9ef450.jpg,train
6cf220068.jpg,train
6cf26b38c.jpg,train
6cf49f691.jpg,train
6cf63ff76.jpg,train
6d0085704.jpg,train
6d08d7ab4.jpg,train
6d1c45f2c.jpg,train
6d27699e0.jpg,train
6d291e247.jpg,train
6d38f43aa.jpg,train
6d3986d43.jpg,train
6d3f92952.jpg,train
6d4bc1b08.jpg,train
6d59bf3b5.jpg,train
6d5d698e0.jpg,train
6d5fae19b.jpg,train
6d6280d5e.jpg,train
6d6469a35.jpg,train
6d65f84f0.jpg,train
6d6a1fbe1.jpg,train
6d7b400d0.jpg,train
6d7bc57d2.jpg,train
6d8835463.jpg,train
6d8875b97.jpg,train
6d9559d13.jpg,train
6d97f7c81.jpg,train
6d98714d9.jpg,train
6da09ded5.jpg,train
6da4236e0.jpg,train
6da43d9fc.jpg,train
6db2856e8.jpg,train
6db85659a.jpg,train
6dc4f9dbc.jpg,train
6dcbc2c43.jpg,train
6dd3b812d.jpg,train
6de4051c7.jpg,train
6de495da5.jpg,train
6de9ff56a.jpg,train
6defb795f.jpg,train
6df12620f.jpg,train
6df4d30d8.jpg,train
6dfc0dc98.jpg,train
6e18bef6b.jpg,train
6e1a98592.jpg,train
6e30a9e9f.jpg,train
6e3bb2d93.jpg,train
6e3f85bb9.jpg,train
6e469f738.jpg,train
6e4a1d647.jpg,train
6e598cb86.jpg,train
6e62ddf4e.jpg,train
6e6b79dc4.jpg,train
6e6f0e760.jpg,train
6e6f1adb8.jpg,train
6e71531ae.jpg,train
6e72a5bbc.jpg,train
6e785e50c.jpg,train
6e7bace88.jpg,train
6e8878a30.jpg,train
6e8ae20f1.jpg,train
6e91d0773.jpg,train
6e97e9698.jpg,train
6e994b366.jpg,train
6e9963232.jpg,train
6e99aef86.jpg,train
6ea15065e.jpg,train
6ea9f03a2.jpg,train
6eaa0613b.jpg,train
6eb2c9a9a.jpg,train
6eb8690cd.jpg,train
6ebf30a7b.jpg,train
6ec88b7f7.jpg,train
6ecfb9df5.jpg,train
6ed5cee50.jpg,train
6ed69f517.jpg,train
6eda6852e.jpg,train
6ede55a0d.jpg,train
6ee3fd98e.jpg,train
6ee81c40c.jpg,train
6eeaaa295.jpg,train
6ef0c216a.jpg,train
6ef641553.jpg,train
6ef680dd3.jpg,train
6f02a72d3.jpg,train
6f0683e45.jpg,train
6f0b6b59d.jpg,train
6f0cd5095.jpg,train
6f2357894.jpg,train
6f2370e80.jpg,train
6f242c68c.jpg,train
6f26ba943.jpg,train
6f405f1e3.jpg,train
6f42c704a.jpg,train
6f4510634.jpg,train
6f45aa88d.jpg,train
6f46868d9.jpg,train
6f490117c.jpg,train
6f5299561.jpg,train
6f5f59020.jpg,train
6f5fbfb88.jpg,train
6f7e69e8b.jpg,train
6f90ada6e.jpg,train
6f96a0814.jpg,train
6f998a931.jpg,train
6fa4ec1d0.jpg,train
6fa9e1d65.jpg,train
6faa47450.jpg,train
6fabaf589.jpg,train
6faf833c5.jpg,train
6fb878fef.jpg,train
6fc668134.jpg,train
6fc6a0964.jpg,train
6fcd94e33.jpg,train
6fcfab295.jpg,train
6fcfca8f2.jpg,train
6fd586f60.jpg,train
6fd6355e3.jpg,train
6fd820bb6.jpg,train
6fdd5f4ac.jpg,train
6fdf2d1be.jpg,train
6fe1343fb.jpg,train
6fe28003f.jpg,train
6fe50d73a.jpg,train
6fe73c77e.jpg,train
6febbeb1e.jpg,train
6ff11b744.jpg,train
6ff8d1e9c.jpg,train
700209a95.jpg,train
700de40a7.jpg,train
7010802fc.jpg,train
7011e630b.jpg,train
7018e55f6.jpg,train
701bb18db.jpg,train
7024daf09.jpg,train
7025a90c1.jpg,train
70279ce5b.jpg,train
703421ef2.jpg,train
70365a449.jpg,train
7039151ef.jpg,train
703938a46.jpg,train
703de742d.jpg,train
7045dfb19.jpg,train
7046618f6.jpg,train
70539793f.jpg,train
70639811b.jpg,train
7063cb92d.jpg,train
70645d70a.jpg,train
706efa6c9.jpg,train
70702e468.jpg,train
707534bdb.jpg,train
7077989cc.jpg,train
70807c2c5.jpg,train
708b5813f.jpg,train
708c66026.jpg,train
7095ad89d.jpg,train
7095dc41e.jpg,train
709ee2497.jpg,train
70a38928c.jpg,train
70a3c6b4d.jpg,train
70a644cb3.jpg,train
70b0fb0cd.jpg,train
70b9a5566.jpg,train
70be92f18.jpg,train
70c0aebb4.jpg,train
70c4fe7c3.jpg,train
70ca927b0.jpg,train
70ce9b55b.jpg,train
70da511d4.jpg,train
70daa9e3a.jpg,train
70e4c95b6.jpg,train
70f08f956.jpg,train
70f223e17.jpg,train
710867c2f.jpg,train
710a38fab.jpg,train
710ce771d.jpg,train
711bea123.jpg,train
711d59ca6.jpg,train
711dfcaa1.jpg,train
711e49f96.jpg,train
712f7df78.jpg,train
712faf067.jpg,train
7138b8b2a.jpg,train
713df9d95.jpg,train
713e97c97.jpg,train
714256911.jpg,train
7145a831a.jpg,train
7149874c8.jpg,train
714a7eec8.jpg,train
7150719e7.jpg,train
715561f42.jpg,train
7155ea2e8.jpg,train
7158531d8.jpg,train
715a4faf3.jpg,train
715d0aed0.jpg,train
716a00d8e.jpg,train
717754baf.jpg,train
718c48feb.jpg,train
718f6439c.jpg,train
719061f8f.jpg,train
71aec9cb8.jpg,train
71b1e90a5.jpg,train
71b815a2d.jpg,train
71cc16dd7.jpg,train
71ce72925.jpg,train
71d3b0598.jpg,train
71db63586.jpg,train
71dd5a232.jpg,train
71e2bb12a.jpg,train
71e55c4e5.jpg,train
71e7c350b.jpg,train
71efb042b.jpg,train
71f2ce9ab.jpg,train
71f687e7d.jpg,train
71fc663a9.jpg,train
71fd2d0cc.jpg,train
7207d1be6.jpg,train
7210ffc2d.jpg,train
722df0394.jpg,train
7232c2ceb.jpg,train
7235f9760.jpg,train
7242fe32c.jpg,train
7249ae1f4.jpg,train
724dd91a0.jpg,train
725d2e3da.jpg,train
726271bfe.jpg,train
72682f66a.jpg,train
726971100.jpg,train
726cff75f.jpg,train
72754d67c.jpg,train
729674b1c.jpg,train
729ff5766.jpg,train
72a7ff0db.jpg,train
72aaba8ad.jpg,train
72bb7c7bc.jpg,train
72bd7d348.jpg,train
72c75d701.jpg,train
72cbdf3c1.jpg,train
72d5da20f.jpg,train
72e49c314.jpg,train
72f1188a6.jpg,train
7303ad5de.jpg,train
73059a959.jpg,train
7311b8f91.jpg,train
73122f910.jpg,train
7329b8668.jpg,train
732bd67ee.jpg,train
732d33c3a.jpg,train
73303e8a0.jpg,train
733116847.jpg,train
733e36f26.jpg,train
73458deb4.jpg,train
735a876fb.jpg,train
735d9afc3.jpg,train
735da216d.jpg,train
7365300fe.jpg,train
736c09835.jpg,train
737777e98.jpg,train
7378f1d94.jpg,train
737ae5c95.jpg,train
73896c8ad.jpg,train
738990878.jpg,train
739033fb5.jpg,train
7393b145f.jpg,train
739a0aa20.jpg,train
739cf8127.jpg,train
739f32100.jpg,train
73a4c6d1f.jpg,train
73afc8798.jpg,train
73ba9c92b.jpg,train
73bf92d94.jpg,train
73cdb1d89.jpg,train
73d04325d.jpg,train
73d381ad2.jpg,train
73d4dae19.jpg,train
73d8f9fa7.jpg,train
73e1969d4.jpg,train
73e50bb81.jpg,train
73ebd716c.jpg,train
73ebf6bfd.jpg,train
74048991c.jpg,train
740dac02b.jpg,train
7410d4361.jpg,train
741265573.jpg,train
74131d9ff.jpg,train
741a5c461.jpg,train
7420f27c9.jpg,train
7424ab9af.jpg,train
742b24ac9.jpg,train
743282e10.jpg,train
7435bcc25.jpg,train
743f86720.jpg,train
74443f387.jpg,train
74472e481.jpg,train
744c6de01.jpg,train
744c77e7d.jpg,train
744e852d6.jpg,train
744f5f73b.jpg,train
7454d922e.jpg,train
745f1a8cb.jpg,train
746417f50.jpg,train
7464f522b.jpg,train
74661f8d7.jpg,train
746b3a357.jpg,train
7471614be.jpg,train
747a360b4.jpg,train
747fa96b0.jpg,train
748167e1a.jpg,train
7486d3e78.jpg,train
749182da2.jpg,train
749407e33.jpg,train
7497d8113.jpg,train
74abdf1ef.jpg,train
74ac88f43.jpg,train
74ae351dd.jpg,train
74aedfa3c.jpg,train
74b25b3a2.jpg,train
74b9e429d.jpg,train
74bb2c5ff.jpg,train
74bbe241c.jpg,train
74bd73f6d.jpg,train
74c8a2d5a.jpg,train
74d1cd5e3.jpg,train
74dff85d2.jpg,train
74e586515.jpg,train
74e593376.jpg,train
74f33b596.jpg,train
74f3e3145.jpg,train
74fd247fc.jpg,train
750235a63.jpg,train
75070e973.jpg,train
75173c73a.jpg,train
7527e260f.jpg,train
75393d265.jpg,train
7549c90b1.jpg,train
7550adc12.jpg,train
756390c3a.jpg,train
756aa78a1.jpg,train
756e03bd3.jpg,train
75731cda9.jpg,train
757577d91.jpg,train
75778a6a1.jpg,train
75785b3eb.jpg,train
757aa3828.jpg,train
7581cba15.jpg,train
75878cb48.jpg,train
759075283.jpg,train
759b68ebd.jpg,train
759bf5b4b.jpg,train
75a2d7690.jpg,train
75b2a7dfa.jpg,train
75c290dc0.jpg,train
75c6af69c.jpg,train
75c92cceb.jpg,train
75cef038b.jpg,train
75e84fb14.jpg,train
75ea4c672.jpg,train
75f910862.jpg,train
75fe9024a.jpg,train
7604be5f3.jpg,train
76094e200.jpg,train
76096b17b.jpg,train
760bc3180.jpg,train
7610946c0.jpg,train
7612f0d6c.jpg,train
76165cccc.jpg,train
761bdd88d.jpg,train
7626234a2.jpg,train
762c16cc9.jpg,train
76355b7ed.jpg,train
7637fe781.jpg,train
7638de35f.jpg,train
764275950.jpg,train
764b4998b.jpg,train
76504fdc1.jpg,train
76532309b.jpg,train
765876b94.jpg,train
76601163a.jpg,train
76606ed44.jpg,train
766303a03.jpg,train
766438a3b.jpg,train
766c8d67c.jpg,train
767755f3e.jpg,train
767b96d1a.jpg,train
7689b3227.jpg,train
7690902ee.jpg,train
769307dd5.jpg,train
769fe56c3.jpg,train
76a3506de.jpg,train
76a390db7.jpg,train
76a698e45.jpg,train
76a7e1815.jpg,train
76adc6361.jpg,train
76b0945b4.jpg,train
76b119e36.jpg,train
76bbd78b2.jpg,train
76c02a2aa.jpg,train
76c08f031.jpg,train
76c165a4f.jpg,train
76c20b5af.jpg,train
76d19dd8b.jpg,train
76f6fd3df.jpg,train
76ff61cb4.jpg,train
770431e9a.jpg,train
77128fb28.jpg,train
771ca6885.jpg,train
772f0460a.jpg,train
77343ffda.jpg,train
7734ac61d.jpg,train
773948ca6.jpg,train
774011016.jpg,train
7740cc61d.jpg,train
7741fa73b.jpg,train
774400958.jpg,train
7749df027.jpg,train
774a5df0a.jpg,train
774f60117.jpg,train
775115c67.jpg,train
775bddbe7.jpg,train
775c92649.jpg,train
77670e4c6.jpg,train
776b6ae61.jpg,train
777d02fde.jpg,train
7789ddb5b.jpg,train
778bde2b8.jpg,train
778f81d4a.jpg,train
77a034db9.jpg,train
77a4fe06f.jpg,train
77a545147.jpg,train
77c387f3b.jpg,train
77c7c7966.jpg,train
77cde08c0.jpg,train
77d12abf0.jpg,train
77dc1cea6.jpg,train
77dcba76f.jpg,train
77df0ea49.jpg,train
77e1644b2.jpg,train
77e5c398e.jpg,train
77ed43ae9.jpg,train
77f3dccab.jpg,train
77f89ceee.jpg,train
77fa6c315.jpg,train
78045cb2f.jpg,train
7806aa75f.jpg,train
781542bfc.jpg,train
7827a1157.jpg,train
782cfb1c5.jpg,train
78416c3d0.jpg,train
784310e8c.jpg,train
7847cda9c.jpg,train
78556368f.jpg,train
7868009d5.jpg,train
786980ab9.jpg,train
786faedc1.jpg,train
787270b82.jpg,train
787aa40d8.jpg,train
7880bcef5.jpg,train
78832879c.jpg,train
788a675e7.jpg,train
788d11d35.jpg,train
7895bdd52.jpg,train
789847732.jpg,train
78a084ce4.jpg,train
78a194558.jpg,train
78a81eb21.jpg,train
78ac37759.jpg,train
78b5bc846.jpg,train
78b8acca7.jpg,train
78be7465f.jpg,train
78c1353e7.jpg,train
78c25510b.jpg,train
78c34b020.jpg,train
78c413eb4.jpg,train
78c446574.jpg,train
78d2258f2.jpg,train
7907c3a1d.jpg,train
79307aa18.jpg,train
7933cbe21.jpg,train
7936da6f8.jpg,train
793b08f01.jpg,train
7941b2b9e.jpg,train
794307d65.jpg,train
794a1f622.jpg,train
794ab5277.jpg,train
794ccb4fa.jpg,train
7954f8d17.jpg,train
79550304c.jpg,train
795907727.jpg,train
79679dd6a.jpg,train
79730ecdc.jpg,train
7977fcf7c.jpg,train
7981f7773.jpg,train
7982045ad.jpg,train
7987236e4.jpg,train
79882f5d2.jpg,train
7998298c2.jpg,train
799a31455.jpg,train
799c386a9.jpg,train
799e73fb7.jpg,train
79a1e26f6.jpg,train
79adc3616.jpg,train
79af8b197.jpg,train
79b0f1510.jpg,train
79b39c931.jpg,train
79b4672b2.jpg,train
79bac6aca.jpg,train
79c106c42.jpg,train
79c456a92.jpg,train
79d28bbe8.jpg,train
79dc6e410.jpg,train
79f669380.jpg,train
7a0da1fc9.jpg,train
7a1251b77.jpg,train
7a14789e6.jpg,train
7a16f3a50.jpg,train
7a249b737.jpg,train
7a2908c51.jpg,train
7a31a3b5e.jpg,train
7a32eba62.jpg,train
7a379d900.jpg,train
7a497f486.jpg,train
7a4ea2dca.jpg,train
7a5fae002.jpg,train
7a6004580.jpg,train
7a7282702.jpg,train
7a7aea2c1.jpg,train
7a7d2b822.jpg,train
7a807824c.jpg,train
7a835f759.jpg,train
7a8ef119e.jpg,train
7a8fcc7df.jpg,train
7a92ccc07.jpg,train
7a92f8486.jpg,train
7a961ae18.jpg,train
7a9ab0a7b.jpg,train
7aa11e186.jpg,train
7abb5b1b7.jpg,train
7abd14b6a.jpg,train
7ac177df0.jpg,train
7ac8253f5.jpg,train
7acead167.jpg,train
7ad42c7a8.jpg,train
7ae224d96.jpg,train
7af339322.jpg,train
7af37ebf9.jpg,train
7af586734.jpg,train
7b08e8584.jpg,train
7b0a87344.jpg,train
7b0b85b1d.jpg,train
7b2257638.jpg,train
7b2a06c77.jpg,train
7b31f4a6e.jpg,train
7b3566fb9.jpg,train
7b3666172.jpg,train
7b449e3eb.jpg,train
7b4bcde18.jpg,train
7b4be079e.jpg,train
7b4e8c0d9.jpg,train
7b5037360.jpg,train
7b52c0c6c.jpg,train
7b545550c.jpg,train
7b547b234.jpg,train
7b5dbe34d.jpg,train
7b700a1c8.jpg,train
7b75f7008.jpg,train
7b78f7ca9.jpg,train
7b79706b6.jpg,train
7b7a5e30e.jpg,train
7b80a9151.jpg,train
7b80d479b.jpg,train
7b857d874.jpg,train
7b8d4b6d4.jpg,train
7b8deab35.jpg,train
7b90bf5c9.jpg,train
7b9105470.jpg,train
7ba0bbe30.jpg,train
7ba14848e.jpg,train
7ba45f594.jpg,train
7bb0e9495.jpg,train
7bb3640ce.jpg,train
7bc5a99d5.jpg,train
7bca7b205.jpg,train
7bcd7a3c4.jpg,train
7bd4bcccf.jpg,train
7bda138f2.jpg,train
7bde96c82.jpg,train
7be162a87.jpg,train
7be8a27c8.jpg,train
7bec3eeb7.jpg,train
7bf93c787.jpg,train
7c016d59f.jpg,train
7c02570e9.jpg,train
7c0745f39.jpg,train
7c27585fd.jpg,train
7c3930f4d.jpg,train
7c3a553d0.jpg,train
7c42bd8b8.jpg,train
7c570d51c.jpg,train
7c5b834b7.jpg,train
7c67a4611.jpg,train
7c6880fc1.jpg,train
7c6e58a02.jpg,train
7c6fa5adf.jpg,train
7c764812d.jpg,train
7c77632e8.jpg,train
7c781ce34.jpg,train
7c7883593.jpg,train
7c7f040ca.jpg,train
7c83d2da1.jpg,train
7c847f7b3.jpg,train
7c8a469a4.jpg,train
7c90f66d5.jpg,train
7c9351453.jpg,train
7c955538b.jpg,train
7c95cddba.jpg,train
7c95f2d2d.jpg,train
7c98d8010.jpg,train
7ca2551c2.jpg,train
7ca4a7520.jpg,train
7caecb871.jpg,train
7cb0d415a.jpg,train
7cb5bd6f1.jpg,train
7cd098a67.jpg,train
7cf4f552c.jpg,train
7cf7e0fa6.jpg,train
7cf827fc8.jpg,train
7cfcbdc4a.jpg,train
7d075d3e8.jpg,train
7d0ee3cd7.jpg,train
7d1c4482e.jpg,train
7d3f9dfa1.jpg,train
7d4269eeb.jpg,train
7d4f862bf.jpg,train
7d58142ba.jpg,train
7d582e90d.jpg,train
7d5e8edf0.jpg,train
7d84f4365.jpg,train
7d88005db.jpg,train
7d8dde8af.jpg,train
7d9d29d28.jpg,train
7d9d768e0.jpg,train
7da0c4484.jpg,train
7da901e89.jpg,train
7da9335fd.jpg,train
7db3010d1.jpg,train
7db619168.jpg,train
7dc5466c1.jpg,train
7dc860e41.jpg,train
7dc8d94dc.jpg,train
7dcd46899.jpg,train
7dcd9d8e2.jpg,train
7dd4d0f90.jpg,train
7dd604aa8.jpg,train
7de00739f.jpg,train
7de37a671.jpg,train
7dfa03913.jpg,train
7dfb9d916.jpg,train
7e0a4584c.jpg,train
7e0e39e4c.jpg,train
7e12848ac.jpg,train
7e18303fd.jpg,train
7e25a3973.jpg,train
7e2c9bc22.jpg,train
7e2e92987.jpg,train
7e427f34b.jpg,train
7e49d3022.jpg,train
7e57b31f7.jpg,train
7e5c4b68d.jpg,train
7e6015fc5.jpg,train
7e62bc462.jpg,train
7e63e3baf.jpg,train
7e65bb413.jpg,train
7e6f6ba62.jpg,train
7e7204700.jpg,train
7e743dab7.jpg,train
7e7647e70.jpg,train
7e79e75ca.jpg,train
7e8dfabba.jpg,train
7e955e810.jpg,train
7e9778a9f.jpg,train
7e9c06c77.jpg,train
7e9c7f52d.jpg,train
7ea03b257.jpg,train
7ea0bcec7.jpg,train
7eb32e8b8.jpg,train
7eb958c89.jpg,train
7ec4cd778.jpg,train
7ec79c490.jpg,train
7ecb2f19b.jpg,train
7ecd825b7.jpg,train
7ed009073.jpg,train
7ed538f87.jpg,train
7ed64642e.jpg,train
7ee479373.jpg,train
7ee4ba925.jpg,train
7ee5a339e.jpg,train
7efadd1c6.jpg,train
7f08f1369.jpg,train
7f08f6d42.jpg,train
7f0f0ff7c.jpg,train
7f10fcbfe.jpg,train
7f196e938.jpg,train
7f1b37606.jpg,train
7f1c326d4.jpg,train
7f30a2a1e.jpg,train
7f3181e44.jpg,train
7f3204217.jpg,train
7f32d3e75.jpg,train
7f4554482.jpg,train
7f506ca06.jpg,train
7f52709ea.jpg,train
7f577c471.jpg,train
7f5bd2550.jpg,train
7f5d1da76.jpg,train
7f63c4624.jpg,train
7f67ad59d.jpg,train
7f777ba81.jpg,train
7f7beccda.jpg,train
7f8d10098.jpg,train
7f98c3635.jpg,train
7f98f8f6c.jpg,train
7f9df7221.jpg,train
7fa8baf41.jpg,train
7fb0c3636.jpg,train
7fc69d9fd.jpg,train
7fc7bab6b.jpg,train
7fceeb19e.jpg,train
7fd3d58a5.jpg,train
7fd489535.jpg,train
7fe5d431f.jpg,train
7ff50bb90.jpg,train
7ff662abf.jpg,train
7ff9e795d.jpg,train
7ffa84870.jpg,train
8000b4ad8.jpg,train
8016e642c.jpg,train
801887861.jpg,train
801d299ac.jpg,train
802bbd246.jpg,train
802de5801.jpg,train
802e8e4af.jpg,train
803789913.jpg,train
8040474f4.jpg,train
804caac5a.jpg,train
8059001d1.jpg,train
805ea1870.jpg,train
80691d1ae.jpg,train
806b28ae8.jpg,train
8071db7b3.jpg,train
807c5bb21.jpg,train
807ef1574.jpg,train
80841e418.jpg,train
80842d229.jpg,train
8088f6b20.jpg,train
808c30930.jpg,train
808e3f8b8.jpg,train
809282641.jpg,train
80932154b.jpg,train
809b70c5d.jpg,train
809f27321.jpg,train
80a177eac.jpg,train
80adf1a29.jpg,train
80be3bfdc.jpg,train
80cb85650.jpg,train
80d241bc5.jpg,train
80d40cc9c.jpg,train
80d43cd25.jpg,train
80de9f3e1.jpg,train
80e2353c4.jpg,train
80ec6ed97.jpg,train
80ed788e8.jpg,train
80f2eef6e.jpg,train
80f7d7679.jpg,train
81032f953.jpg,train
810f7826a.jpg,train
810f96801.jpg,train
811ed7a89.jpg,train
81294c746.jpg,train
812ddd1e4.jpg,train
81398fac4.jpg,train
813be2643.jpg,train
8145c3c51.jpg,train
81557b8cd.jpg,train
816a3d605.jpg,train
816b49863.jpg,train
81770ddda.jpg,train
8177945a9.jpg,train
817a545aa.jpg,train
817c6c7a8.jpg,train
81816646e.jpg,train
81847fd11.jpg,train
818614bea.jpg,train
81891e821.jpg,train
818a68773.jpg,train
819e9bce9.jpg,train
81a0575ff.jpg,train
81a82d37f.jpg,train
81b40126d.jpg,train
81b4bf91a.jpg,train
81b699f38.jpg,train
81b6f3cca.jpg,train
81bd64447.jpg,train
81c37d5f1.jpg,train
81caf7932.jpg,train
81cec825e.jpg,train
81e7fcead.jpg,train
81e8d9fd9.jpg,train
81ed57b21.jpg,train
81effb9b8.jpg,train
81f75d1b5.jpg,train
81fa665da.jpg,train
81ff630e3.jpg,train
820a86bdd.jpg,train
82168bba3.jpg,train
82171ab4a.jpg,train
822aa8de8.jpg,train
822c360e8.jpg,train
822ccb565.jpg,train
823994b16.jpg,train
823c53d37.jpg,train
8248c9b1d.jpg,train
82532a288.jpg,train
82583cd1d.jpg,train
825a8ea8f.jpg,train
8266cca81.jpg,train
8299f5460.jpg,train
82a4afeca.jpg,train
82ab1eb7f.jpg,train
82ac8152a.jpg,train
82add8f46.jpg,train
82b23f53c.jpg,train
82b258bf4.jpg,train
82bd1670a.jpg,train
82be365ea.jpg,train
82bee96b8.jpg,train
82bffd9d3.jpg,train
82c24f149.jpg,train
82c806ebb.jpg,train
82cf55ab9.jpg,train
82e11b4e4.jpg,train
82e32c810.jpg,train
82e82b713.jpg,train
82ee8158b.jpg,train
82f31d10e.jpg,train
82f4c0b69.jpg,train
82fef8150.jpg,train
830ab6c11.jpg,train
8313b4e90.jpg,train
831de6ce2.jpg,train
831fd3914.jpg,train
83298d267.jpg,train
832c4b74c.jpg,train
832cb20cc.jpg,train
832f21ec5.jpg,train
833433e81.jpg,train
8344ef24d.jpg,train
8345249a8.jpg,train
83476e834.jpg,train
834a537f4.jpg,train
8364cd311.jpg,train
8366824fe.jpg,train
83674f503.jpg,train
8369f54aa.jpg,train
836ccf3b0.jpg,train
837645cf1.jpg,train
837d38c91.jpg,train
838135ec4.jpg,train
83886dd5d.jpg,train
8399a4300.jpg,train
839cb8f32.jpg,train
839f0c541.jpg,train
839fedbb2.jpg,train
83a4b8a34.jpg,train
83ba89ac3.jpg,train
83c2e79d1.jpg,train
83c431c22.jpg,train
83d2fffd3.jpg,train
83d9b39c8.jpg,train
83e2d9e33.jpg,train
83e554974.jpg,train
83e63937d.jpg,train
83e65d90e.jpg,train
83e918113.jpg,train
83eb3fd63.jpg,train
83eb528df.jpg,train
83f88d92e.jpg,train
8417eb22d.jpg,train
841984e0c.jpg,train
841c1f67e.jpg,train
841c364ec.jpg,train
84232105a.jpg,train
8425b5187.jpg,train
843f0ae15.jpg,train
844a48ae2.jpg,train
845935465.jpg,train
846788254.jpg,train
84694fac9.jpg,train
8478415cf.jpg,train
847a45986.jpg,train
847b7640a.jpg,train
847c643da.jpg,train
8480792ef.jpg,train
8484468e0.jpg,train
84865746c.jpg,train
848b66095.jpg,train
8496706ed.jpg,train
849d70baf.jpg,train
84a30b719.jpg,train
84a3347e4.jpg,train
84a9ab164.jpg,train
84b1b2c23.jpg,train
84b6bfc9a.jpg,train
84beeb839.jpg,train
84c34d791.jpg,train
84d0c1ee2.jpg,train
84d1278e3.jpg,train
84d30fb77.jpg,train
84dc30d02.jpg,train
84df99a15.jpg,train
84e51db1c.jpg,train
84edf7afb.jpg,train
850058ea8.jpg,train
8507771d9.jpg,train
850ce4bc1.jpg,train
8516fcc92.jpg,train
8527d0b55.jpg,train
85368b144.jpg,train
853ad65f0.jpg,train
8540353ea.jpg,train
8546c7a76.jpg,train
8561d4265.jpg,train
8562a95b4.jpg,train
8568c875c.jpg,train
856b4f598.jpg,train
856f0b6bd.jpg,train
857400707.jpg,train
8578375b5.jpg,train
857f907cc.jpg,train
858307610.jpg,train
85881e82e.jpg,train
85b72c878.jpg,train
85b8f9d06.jpg,train
85be23fbf.jpg,train
85d2a92f3.jpg,train
85d958a51.jpg,train
85e251638.jpg,train
85e44e158.jpg,train
85f49a396.jpg,train
85f750ca7.jpg,train
86063fcba.jpg,train
860cee6a3.jpg,train
8611deb61.jpg,train
8612b1c18.jpg,train
8616dadc9.jpg,train
861a262c8.jpg,train
86217c4ba.jpg,train
86226216f.jpg,train
863868ed4.jpg,train
863b300cb.jpg,train
8640d3367.jpg,train
8645f73f1.jpg,train
8648b2010.jpg,train
864e176f3.jpg,train
8651a4a06.jpg,train
865286d6d.jpg,train
865574894.jpg,train
865b35014.jpg,train
865b83c3f.jpg,train
86654180d.jpg,train
86756300d.jpg,train
867f080f0.jpg,train
867f51798.jpg,train
8686e77d9.jpg,train
868759698.jpg,train
868a5c8a7.jpg,train
869055892.jpg,train
8690fe018.jpg,train
86947490c.jpg,train
869a36ad5.jpg,train
86a54a0e9.jpg,train
86a9a4ab0.jpg,train
86abf2aef.jpg,train
86b32c0d5.jpg,train
86b7dbfe8.jpg,train
86c678c32.jpg,train
86ded721f.jpg,train
86e195ec0.jpg,train
86e81413a.jpg,train
86f4141ce.jpg,train
86f6cc389.jpg,train
86f7029ee.jpg,train
86f7a8b1d.jpg,train
86ffabc49.jpg,train
870de47b5.jpg,train
8718d384c.jpg,train
871f864ef.jpg,train
8726206f5.jpg,train
872b09085.jpg,train
873e04ca8.jpg,train
875612422.jpg,train
875bf7f2e.jpg,train
875d01c22.jpg,train
8766919e9.jpg,train
876e74fd6.jpg,train
87754d760.jpg,train
87789797a.jpg,train
877d319fd.jpg,train
878154db9.jpg,train
8791b66e3.jpg,train
879427020.jpg,train
879ac99d0.jpg,train
879faadd1.jpg,train
87a14e62f.jpg,train
87a285597.jpg,train
87a5ac2f8.jpg,train
87ae117e9.jpg,train
87b5d669b.jpg,train
87b82c9cb.jpg,train
87b9b1d3d.jpg,train
87c733c21.jpg,train
87db744d8.jpg,train
87e057954.jpg,train
87e6e09c4.jpg,train
87e990d66.jpg,train
87ebb9d4f.jpg,train
87f0ecf9f.jpg,train
87f167395.jpg,train
87f2a67af.jpg,train
87f74731f.jpg,train
87ffa6b72.jpg,train
880f0b8cc.jpg,train
88178518d.jpg,train
8821b2e2c.jpg,train
88254037e.jpg,train
8827d2bd3.jpg,train
882e71082.jpg,train
8838f2e8d.jpg,train
883ce8f4f.jpg,train
8840bb118.jpg,train
8847458a0.jpg,train
8848794d4.jpg,train
885ca98f3.jpg,train
885e9371e.jpg,train
88646d398.jpg,train
8866a93f6.jpg,train
88683b031.jpg,train
886eebf8c.jpg,train
887e72cb4.jpg,train
888263bf8.jpg,train
8886a8a54.jpg,train
888e8c4b4.jpg,train
889454305.jpg,train
88957ccdd.jpg,train
8898932bd.jpg,train
889c66e18.jpg,train
88ab9068d.jpg,train
88af2f89b.jpg,train
88b4105df.jpg,train
88b8b20dd.jpg,train
88d46c359.jpg,train
88d4948ed.jpg,train
88df5f0d8.jpg,train
88e6e44c1.jpg,train
88f00028d.jpg,train
890787f71.jpg,train
89087f994.jpg,train
89158744a.jpg,train
891837278.jpg,train
892321605.jpg,train
892582cf9.jpg,train
89332ba01.jpg,train
8934fde20.jpg,train
8938b12eb.jpg,train
89472ccc3.jpg,train
8954af5c0.jpg,train
8957f8d0e.jpg,train
896d1ac05.jpg,train
896f524b3.jpg,train
896f852dd.jpg,train
89737dc96.jpg,train
8976f1c8b.jpg,train
8981bc1ff.jpg,train
8981c24c8.jpg,train
8984056a5.jpg,train
8991e4a44.jpg,train
89a27ad96.jpg,train
89a7db911.jpg,train
89c18c6b6.jpg,train
89c7d289e.jpg,train
89cc0aae0.jpg,train
89ce91437.jpg,train
89dcbb574.jpg,train
89eec1aae.jpg,train
89ef83ab7.jpg,train
89f119c0a.jpg,train
89f3cc3f1.jpg,train
8a06952d6.jpg,train
8a09333c4.jpg,train
8a09e8354.jpg,train
8a17572d8.jpg,train
8a28acf4e.jpg,train
8a2a8a476.jpg,train
8a35c59f9.jpg,train
8a375b486.jpg,train
8a3adca3c.jpg,train
8a3c1e50c.jpg,train
8a3ce8312.jpg,train
8a3de2473.jpg,train
8a485f766.jpg,train
8a49034a3.jpg,train
8a58a494a.jpg,train
8a642f9d3.jpg,train
8a66a89ef.jpg,train
8a68175fc.jpg,train
8a7121b61.jpg,train
8a7f75f86.jpg,train
8a87b9578.jpg,train
8a87c8067.jpg,train
8a886614f.jpg,train
8a88f573c.jpg,train
8a90952b4.jpg,train
8aa3af3da.jpg,train
8aaaf636b.jpg,train
8aacab1a1.jpg,train
8aaebf6ec.jpg,train
8aaf23412.jpg,train
8aaf235ef.jpg,train
8ab72fe26.jpg,train
8ab80ae38.jpg,train
8ab887d08.jpg,train
8abd1fbf5.jpg,train
8abee6870.jpg,train
8ac4ba80d.jpg,train
8ac717af9.jpg,train
8acb40548.jpg,train
8acdec0d2.jpg,train
8ad6069fe.jpg,train
8ade0ca6d.jpg,train
8adfbc19f.jpg,train
8ae110bc5.jpg,train
8ae3d3ad2.jpg,train
8ae5a614a.jpg,train
8aefde0ce.jpg,train
8af6db1f9.jpg,train
8afa2aa27.jpg,train
8afa9dfaf.jpg,train
8afe5eb8e.jpg,train
8b0496df3.jpg,train
8b0964301.jpg,train
8b0b1eb8e.jpg,train
8b119716b.jpg,train
8b1fd00ed.jpg,train
8b31c67c8.jpg,train
8b4657500.jpg,train
8b4863f6a.jpg,train
8b495e389.jpg,train
8b4a58055.jpg,train
8b4af5900.jpg,train
8b4bb1228.jpg,train
8b4c9a3d0.jpg,train
8b4e90080.jpg,train
8b502495c.jpg,train
8b591e353.jpg,train
8b6c404ac.jpg,train
8b6cfcf35.jpg,train
8b87f24ec.jpg,train
8b9050902.jpg,train
8b9649f99.jpg,train
8b9681587.jpg,train
8b9c035ec.jpg,train
8b9fdd8b6.jpg,train
8bab4626b.jpg,train
8bb5ada5c.jpg,train
8bb64b5b3.jpg,train
8bb714882.jpg,train
8bba1760b.jpg,train
8bc5aeca3.jpg,train
8bcb8ebc4.jpg,train
8bcf692a1.jpg,train
8bdf6cee5.jpg,train
8be1d2178.jpg,train
8be674249.jpg,train
8becd4279.jpg,train
8beef62a7.jpg,train
8bf2250f0.jpg,train
8bf6656ef.jpg,train
8bf89777a.jpg,train
8bf955276.jpg,train
8bfc35309.jpg,train
8c1825273.jpg,train
8c2be5c87.jpg,train
8c45db9c2.jpg,train
8c504c51c.jpg,train
8c6138a1d.jpg,train
8c64a3681.jpg,train
8c6c0ef90.jpg,train
8c732ade1.jpg,train
8c75dcd4a.jpg,train
8c7e2be20.jpg,train
8c7f9bc51.jpg,train
8c80c8059.jpg,train
8c81bbce4.jpg,train
8c85e9faa.jpg,train
8c8914931.jpg,train
8c8e79fa0.jpg,train
8c9286f4e.jpg,train
8ca764a09.jpg,train
8cb91efdd.jpg,train
8cb9d43f0.jpg,train
8cc1c837b.jpg,train
8cc65d1f7.jpg,train
8ccb9bbc9.jpg,train
8cceaf17c.jpg,train
8cd4a4a89.jpg,train
8cd6472c3.jpg,train
8cd9ca854.jpg,train
8ce8ed455.jpg,train
8ce96e6e8.jpg,train
8ceba5ea5.jpg,train
8cec737ef.jpg,train
8cf99bbea.jpg,train
8d0addbbc.jpg,train
8d0ec9630.jpg,train
8d1cd3b88.jpg,train
8d23e30d7.jpg,train
8d25eb2c7.jpg,train
8d26ca58c.jpg,train
8d2e8b456.jpg,train
8d36899b1.jpg,train
8d4206f2a.jpg,train
8d5ca7f3a.jpg,train
8d5f90317.jpg,train
8d5fd264c.jpg,train
8d67593de.jpg,train
8d74ea350.jpg,train
8d7f2d82b.jpg,train
8d800b61c.jpg,train
8d83b39c0.jpg,train
8d86c3edb.jpg,train
8d8785ce2.jpg,train
8d938b3e7.jpg,train
8d96c4c5c.jpg,train
8d9b43515.jpg,train
8d9b704ff.jpg,train
8d9ec6e09.jpg,train
8dbca8b82.jpg,train
8dbe6a9d8.jpg,train
8dc0f0966.jpg,train
8dca0f3f7.jpg,train
8dce4f71f.jpg,train
8dd5b0f4d.jpg,train
8ddf889d8.jpg,train
8de7a3873.jpg,train
8df12e874.jpg,train
8dfcc174b.jpg,train
8dfe396ef.jpg,train
8e01fb963.jpg,train
8e0334d54.jpg,train
8e08d9cd6.jpg,train
8e11e6dff.jpg,train
8e1fb6f5a.jpg,train
8e25d0757.jpg,train
8e2d247c4.jpg,train
8e30601c8.jpg,train
8e36f751c.jpg,train
8e431ebe0.jpg,train
8e49af649.jpg,train
8e50a63bb.jpg,train
8e53eee1d.jpg,train
8e56a6400.jpg,train
8e5a5ca0f.jpg,train
8e6d94a54.jpg,train
8e6f1eb4f.jpg,train
8e75db0a0.jpg,train
8e761fd28.jpg,train
8e7672872.jpg,train
8e8404fe0.jpg,train
8e85eb81f.jpg,train
8e933231b.jpg,train
8eb1062a2.jpg,train
8eb422b05.jpg,train
8eb427a2d.jpg,train
8ebc9cadc.jpg,train
8ec1b9582.jpg,train
8ec6ccc3c.jpg,train
8ece18d8a.jpg,train
8ed31effd.jpg,train
8ed6b8054.jpg,train
8edd818de.jpg,train
8eddcadff.jpg,train
8edf2ed7d.jpg,train
8ee3a6508.jpg,train
8ee659e65.jpg,train
8eec15551.jpg,train
8ef5515f7.jpg,train
8ef6dc341.jpg,train
8f0795458.jpg,train
8f080792b.jpg,train
8f0a7e8af.jpg,train
8f0dcad21.jpg,train
8f0e1809d.jpg,train
8f295e1a6.jpg,train
8f2f64ae9.jpg,train
8f31ce4d8.jpg,train
8f38c1314.jpg,train
8f42319aa.jpg,train
8f499b94d.jpg,train
8f4a566fb.jpg,train
8f61a514d.jpg,train
8f64891a6.jpg,train
8f6f43755.jpg,train
8f7032bd2.jpg,train
8f7426e6d.jpg,train
8f76dd4ec.jpg,train
8f7a6532b.jpg,train
8f8104c9c.jpg,train
8f81e6d35.jpg,train
8f82d86db.jpg,train
8f85d6fd4.jpg,train
8f8a23f39.jpg,train
8faba402b.jpg,train
8fb078599.jpg,train
8fb4575f3.jpg,train
8fbd70ddf.jpg,train
8fc48f131.jpg,train
8fd5f880e.jpg,train
8fd88a0c1.jpg,train
8fddb859f.jpg,train
8fecff476.jpg,train
8ff35e571.jpg,train
90004577c.jpg,train
90010b3b7.jpg,train
90047b73a.jpg,train
90054535f.jpg,train
9017797fd.jpg,train
9019c0e1e.jpg,train
901e8ea73.jpg,train
90246e919.jpg,train
9028ff68e.jpg,train
90360df70.jpg,train
903a4f9e6.jpg,train
903ba6c8b.jpg,train
903d4e8ce.jpg,train
904584541.jpg,train
904677cea.jpg,train
9046fb20f.jpg,train
90524c39b.jpg,train
905404a9e.jpg,train
905964016.jpg,train
9078fb095.jpg,train
9082e5906.jpg,train
9082ff635.jpg,train
9085aef37.jpg,train
9087518f1.jpg,train
908bebc17.jpg,train
909116a55.jpg,train
90b0043d9.jpg,train
90b268acf.jpg,train
90b45e095.jpg,train
90b461f2a.jpg,train
90b5b429a.jpg,train
90cd42d5b.jpg,train
90dbb625a.jpg,train
90efd69df.jpg,train
90f4dd6e5.jpg,train
910127691.jpg,train
910540b7d.jpg,train
910ad3edf.jpg,train
911b6d7d7.jpg,train
911d78b0a.jpg,train
911deff94.jpg,train
91222b4c9.jpg,train
912f9cca9.jpg,train
913120490.jpg,train
91420d21b.jpg,train
9147356db.jpg,train
914b6941d.jpg,train
914cd79a8.jpg,train
914cf1f65.jpg,train
915b0078c.jpg,train
9163ec76b.jpg,train
91649dea7.jpg,train
9165be267.jpg,train
9169b4f3a.jpg,train
916d55994.jpg,train
9170e3614.jpg,train
9172281a1.jpg,train
917607322.jpg,train
917cdbff6.jpg,train
918a753e9.jpg,train
918c32419.jpg,train
91a713a73.jpg,train
91a819cc5.jpg,train
91acd9d7a.jpg,train
91b250f41.jpg,train
91c27607f.jpg,train
91c93baf0.jpg,train
91d9d473a.jpg,train
91dcc7d1c.jpg,train
91e4352d4.jpg,train
91e9eaf93.jpg,train
91f059953.jpg,train
91f2a3209.jpg,train
91fc61e33.jpg,train
9202ebeb6.jpg,train
92057aa8a.jpg,train
9205c7f19.jpg,train
92079664c.jpg,train
9207ba274.jpg,train
921096816.jpg,train
9211ac1a1.jpg,train
921340245.jpg,train
921dc8805.jpg,train
921de27f7.jpg,train
9225b7290.jpg,train
9236b3124.jpg,train
9236f984c.jpg,train
924b2f84a.jpg,train
924bccdc1.jpg,train
924edab1b.jpg,train
9252073f0.jpg,train
9253b216e.jpg,train
925645342.jpg,train
92565d0e6.jpg,train
927100ebb.jpg,train
9271c7e3d.jpg,train
9278ab6ba.jpg,train
927ba7fc4.jpg,train
927be944d.jpg,train
927c96c9c.jpg,train
9296c86e5.jpg,train
92ca72504.jpg,train
92dce921f.jpg,train
92ded43da.jpg,train
92e4102b4.jpg,train
92e699da4.jpg,train
92ebbbaea.jpg,train
92f49dcb1.jpg,train
930391b64.jpg,train
9307b3de8.jpg,train
930fe8fc7.jpg,train
93126606c.jpg,train
931c4b9aa.jpg,train
9323bd21d.jpg,train
933533867.jpg,train
933675d91.jpg,train
933a9dc8b.jpg,train
933f29b10.jpg,train
9341d848d.jpg,train
934508437.jpg,train
9345f1250.jpg,train
9347e65bb.jpg,train
935654dc9.jpg,train
935e893bb.jpg,train
9364ef68b.jpg,train
936e1759a.jpg,train
93775b19c.jpg,train
9378a6f12.jpg,train
9384459df.jpg,train
9385c4719.jpg,train
938963fe8.jpg,train
938a15be6.jpg,train
93a72a8b6.jpg,train
93a9c65bf.jpg,train
93ad48645.jpg,train
93b0d8e2f.jpg,train
93b2882fd.jpg,train
93b7b01f1.jpg,train
93c5acf9d.jpg,train
93c71782d.jpg,train
93e01b862.jpg,train
93e2b398b.jpg,train
93f27e439.jpg,train
93fb48b72.jpg,train
94006aec5.jpg,train
94050efd8.jpg,train
9406cb49a.jpg,train
940dd7878.jpg,train
940e8cd2f.jpg,train
9412c0cf6.jpg,train
9414a2469.jpg,train
9417bd5b3.jpg,train
9424f9664.jpg,train
9426ce32a.jpg,train
94353a55a.jpg,train
943747042.jpg,train
9438d5eef.jpg,train
943c5abcd.jpg,train
9444656a8.jpg,train
945fbed15.jpg,train
946227d6c.jpg,train
946525536.jpg,train
94753d945.jpg,train
9483f74ad.jpg,train
94882163b.jpg,train
948f9558f.jpg,train
94947e1f9.jpg,train
949a23e72.jpg,train
94a109703.jpg,train
94a3786cb.jpg,train
94a5728a6.jpg,train
94a97adc8.jpg,train
94aad1346.jpg,train
94b398cb1.jpg,train
94b8f7a17.jpg,train
94bf15000.jpg,train
94c746443.jpg,train
94c910b08.jpg,train
94caf2212.jpg,train
94d76b2cc.jpg,train
94da85f76.jpg,train
94dac8944.jpg,train
94dd36776.jpg,train
94e721678.jpg,train
94f2c7910.jpg,train
94f95f5ec.jpg,train
9515afade.jpg,train
9519a2ec8.jpg,train
9528617c0.jpg,train
952ae1377.jpg,train
953052b34.jpg,train
9531c4b99.jpg,train
953b008d8.jpg,train
9546b5abe.jpg,train
954d4296b.jpg,train
954fe7dcf.jpg,train
9553974f4.jpg,train
9557969ee.jpg,train
955965785.jpg,train
955b5bbf3.jpg,train
955feead2.jpg,train
9570a27f4.jpg,train
9574104d6.jpg,train
9576b930b.jpg,train
9586cb6e3.jpg,train
9589d49ee.jpg,train
958de1e12.jpg,train
959218299.jpg,train
959c91306.jpg,train
95a319375.jpg,train
95a8e91c4.jpg,train
95b95a425.jpg,train
95c66fec8.jpg,train
95d7ea988.jpg,train
95e38ad8e.jpg,train
95eaae02e.jpg,train
95f725037.jpg,train
96102cead.jpg,train
9612cf3ee.jpg,train
9612e2ee3.jpg,train
961333d4e.jpg,train
961c00401.jpg,train
961c828de.jpg,train
961e93bde.jpg,train
9622959c1.jpg,train
96299c17c.jpg,train
963e616e0.jpg,train
963f946a9.jpg,train
9644c103b.jpg,train
96588d8eb.jpg,train
9661e7677.jpg,train
9663d6a79.jpg,train
9664c1477.jpg,train
967802d76.jpg,train
968701cce.jpg,train
9699f82fe.jpg,train
96a0c2754.jpg,train
96ad2b246.jpg,train
96be45db1.jpg,train
96be77390.jpg,train
96c46e1c9.jpg,train
96c8dd5a2.jpg,train
96d2d702d.jpg,train
96d357cc4.jpg,train
96ef8f053.jpg,train
96f47ecaf.jpg,train
97047587f.jpg,train
9707626fa.jpg,train
970a14c31.jpg,train
970da5bb9.jpg,train
97192a78b.jpg,train
9719f1eba.jpg,train
9723d431a.jpg,train
9728351cd.jpg,train
972837f87.jpg,train
97412f06b.jpg,train
974171041.jpg,train
9741c9475.jpg,train
974750ad1.jpg,train
974f00b13.jpg,train
9753787e9.jpg,train
975b2e5fa.jpg,train
9766ccf1b.jpg,train
976a6c529.jpg,train
976b8a242.jpg,train
976eea5bf.jpg,train
977eee415.jpg,train
9781a26de.jpg,train
9789423c2.jpg,train
978a4f978.jpg,train
97963658b.jpg,train
979af8d89.jpg,train
97a67b410.jpg,train
97a6a8f0b.jpg,train
97a933eaa.jpg,train
97afbb897.jpg,train
97b77f9e6.jpg,train
97bbf0668.jpg,train
97bf2a97c.jpg,train
97ca3e697.jpg,train
97d7de56a.jpg,train
97dbd1162.jpg,train
97e10407d.jpg,train
97e7fd732.jpg,train
97eb88e35.jpg,train
97eef7fca.jpg,train
97fe33051.jpg,train
98017b765.jpg,train
9804396ef.jpg,train
9805e5d5d.jpg,train
98111e480.jpg,train
9811d8099.jpg,train
981943659.jpg,train
981a45fda.jpg,train
981f9c663.jpg,train
9822aabfc.jpg,train
9825b8905.jpg,train
982c2e937.jpg,train
983a7f683.jpg,train
9844183a4.jpg,train
9846785ee.jpg,train
9848d62a6.jpg,train
984c6e129.jpg,train
9853a668c.jpg,train
9856bebc1.jpg,train
9856e7969.jpg,train
985c8ac4f.jpg,train
985d33724.jpg,train
98605cc93.jpg,train
986d8cdc6.jpg,train
987b603f7.jpg,train
9884127c9.jpg,train
98876c103.jpg,train
988afc273.jpg,train
988cf521f.jpg,train
988f05868.jpg,train
98937deb7.jpg,train
9899c9114.jpg,train
989eff877.jpg,train
98a013baf.jpg,train
98ac8a784.jpg,train
98b373b67.jpg,train
98bb49ca7.jpg,train
98c0127d3.jpg,train
98c061bdd.jpg,train
98c634937.jpg,train
98c72ec09.jpg,train
98d2c50b7.jpg,train
98dd5b46e.jpg,train
98e76e2a0.jpg,train
98ed0f752.jpg,train
98f108423.jpg,train
98f2b3f79.jpg,train
990195c76.jpg,train
990431713.jpg,train
990640fa8.jpg,train
990664b68.jpg,train
9906c980e.jpg,train
990d967ad.jpg,train
9916058df.jpg,train
99224c3d5.jpg,train
99288b018.jpg,train
9932d3827.jpg,train
9941cb9f1.jpg,train
994aa6f1d.jpg,train
9958480e2.jpg,train
995ef2622.jpg,train
9962aa302.jpg,train
9962acd22.jpg,train
99743b154.jpg,train
99852bd26.jpg,train
998a49fb9.jpg,train
998d686d8.jpg,train
99923d074.jpg,train
999263047.jpg,train
999497bb8.jpg,train
99972b00f.jpg,train
99984eccf.jpg,train
99a3eb6a2.jpg,train
99a9163bc.jpg,train
99a941366.jpg,train
99ab45301.jpg,train
99b7bd247.jpg,train
99bc6c5c2.jpg,train
99c626f1b.jpg,train
99cbebcec.jpg,train
99d359803.jpg,train
99e38d1ee.jpg,train
99ead2c8b.jpg,train
99ec77394.jpg,train
99eee45f5.jpg,train
99f9d2375.jpg,train
9a016fe15.jpg,train
9a064450d.jpg,train
9a18e4457.jpg,train
9a1f7c238.jpg,train
9a3e774ff.jpg,train
9a5f7a855.jpg,train
9a67575cf.jpg,train
9a6ac5406.jpg,train
9a72fd89e.jpg,train
9a762b892.jpg,train
9a7b2f3af.jpg,train
9a7b427b4.jpg,train
9a81a8056.jpg,train
9a83c23d1.jpg,train
9a8475c90.jpg,train
9a8c769b4.jpg,train
9a8f98a4b.jpg,train
9aa301f3e.jpg,train
9aa437d47.jpg,train
9aa44fa54.jpg,train
9aa721852.jpg,train
9ab015391.jpg,train
9ab57a2fa.jpg,train
9aca6db08.jpg,train
9ad1ad629.jpg,train
9ad36a571.jpg,train
9ad4e14ae.jpg,train
9adebade1.jpg,train
9ae440fd0.jpg,train
9aec868be.jpg,train
9af9dc45b.jpg,train
9b1abd245.jpg,train
9b2298962.jpg,train
9b2801e98.jpg,train
9b2ed195e.jpg,train
9b3ad1da3.jpg,train
9b3d6aa5f.jpg,train
9b3ef82c7.jpg,train
9b40d78e0.jpg,train
9b4b832e8.jpg,train
9b57cbc21.jpg,train
9b62dc81c.jpg,train
9b63ed48c.jpg,train
9b668835f.jpg,train
9b67d53e6.jpg,train
9b6a94186.jpg,train
9b6b87145.jpg,train
9b6c6fea2.jpg,train
9b72243dc.jpg,train
9b7aa28e9.jpg,train
9b7f10d4b.jpg,train
9b8365463.jpg,train
9ba68fdaa.jpg,train
9bac5408a.jpg,train
9bb56797d.jpg,train
9bba9fd75.jpg,train
9bbc60816.jpg,train
9bc5a31d9.jpg,train
9bc62ca61.jpg,train
9bc663aae.jpg,train
9bd5122c0.jpg,train
9bd8189cb.jpg,train
9be9c98eb.jpg,train
9beece43e.jpg,train
9bf40dacc.jpg,train
9bf6b84b3.jpg,train
9bf80f2fd.jpg,train
9bf863558.jpg,train
9bf97c980.jpg,train
9bf9dcf53.jpg,train
9bfa8c569.jpg,train
9bfcca020.jpg,train
9c01e6441.jpg,train
9c05fdb53.jpg,train
9c078fc6b.jpg,train
9c14e3f70.jpg,train
9c19a106d.jpg,train
9c1b65eb2.jpg,train
9c1c0d47b.jpg,train
9c1c7f69c.jpg,train
9c27c1365.jpg,train
9c2dc4bfc.jpg,train
9c33cdef5.jpg,train
9c3705f4e.jpg,train
9c3c1d8a6.jpg,train
9c41af5a0.jpg,train
9c42e727c.jpg,train
9c45e55ca.jpg,train
9c47d5ca7.jpg,train
9c4c38dab.jpg,train
9c4e61003.jpg,train
9c522d453.jpg,train
9c5884cdd.jpg,train
9c5e87950.jpg,train
9c624a8d9.jpg,train
9c707885a.jpg,train
9c7a6cf21.jpg,train
9c7d10c89.jpg,train
9c81f6e2e.jpg,train
9c840a05c.jpg,train
9c850bf6c.jpg,train
9c936d05f.jpg,train
9c98c13cc.jpg,train
9c9ea5f57.jpg,train
9ca4a3d92.jpg,train
9cbbc9472.jpg,train
9cc9355cd.jpg,train
9cccdc9c0.jpg,train
9cd1d622e.jpg,train
9ce68c10a.jpg,train
9ce9f9c78.jpg,train
9cee4ab2e.jpg,train
9cf46dde4.jpg,train
9cf6c69a5.jpg,train
9cfa7be25.jpg,train
9d0b3a0f7.jpg,train
9d0c9812c.jpg,train
9d1e2defb.jpg,train
9d1e8be32.jpg,train
9d22ddbf2.jpg,train
9d24b2e5b.jpg,train
9d299f398.jpg,train
9d2a467b0.jpg,train
9d34d1ed3.jpg,train
9d3b4a019.jpg,train
9d3bed2a3.jpg,train
9d3f69524.jpg,train
9d415d2b1.jpg,train
9d4b9f63c.jpg,train
9d4d73931.jpg,train
9d64b3372.jpg,train
9d685a825.jpg,train
9d73bc0ef.jpg,train
9d7410696.jpg,train
9d742f4b4.jpg,train
9d76f9e55.jpg,train
9d77811eb.jpg,train
9d7ed0880.jpg,train
9d8369659.jpg,train
9d9e8722f.jpg,train
9da113655.jpg,train
9db16f031.jpg,train
9db1d6f4c.jpg,train
9db392648.jpg,train
9db428c2d.jpg,train
9db7b8d33.jpg,train
9dbb7b85c.jpg,train
9dc65bc1e.jpg,train
9ddbb8f42.jpg,train
9df65465f.jpg,train
9dfb319cc.jpg,train
9dfd2503e.jpg,train
9e09a89da.jpg,train
9e130c0b6.jpg,train
9e1406b36.jpg,train
9e1d4b339.jpg,train
9e1f9aaaf.jpg,train
9e2325f2a.jpg,train
9e26c5b98.jpg,train
9e2d7ad80.jpg,train
9e2ecb1bc.jpg,train
9e33829a0.jpg,train
9e355ac77.jpg,train
9e3840cd6.jpg,train
9e3aec0e0.jpg,train
9e4147d6b.jpg,train
9e450923e.jpg,train
9e467cb05.jpg,train
9e5b91357.jpg,train
9e64fcd30.jpg,train
9e676691b.jpg,train
9e76cabaa.jpg,train
9e908d39e.jpg,train
9e94842da.jpg,train
9e9c6cd05.jpg,train
9ea0fe458.jpg,train
9ea9ca4c8.jpg,train
9eaaf83d7.jpg,train
9eace863c.jpg,train
9ead58088.jpg,train
9eb76f829.jpg,train
9eb8c84bd.jpg,train
9ebb54e56.jpg,train
9ec897b68.jpg,train
9ed47c324.jpg,train
9ed6f9c81.jpg,train
9ed73526a.jpg,train
9edb5294f.jpg,train
9edf820d2.jpg,train
9eea99817.jpg,train
9eed09712.jpg,train
9eed4fc7c.jpg,train
9ef683a79.jpg,train
9ef6d3730.jpg,train
9ef832f8d.jpg,train
9efb4b561.jpg,train
9efbc9bb6.jpg,train
9efbf2ac6.jpg,train
9efc6682e.jpg,train
9efc711f5.jpg,train
9f054c54f.jpg,train
9f179959b.jpg,train
9f1a90c97.jpg,train
9f24a3e5c.jpg,train
9f282448c.jpg,train
9f2871e90.jpg,train
9f38e4503.jpg,train
9f43931af.jpg,train
9f6016bcc.jpg,train
9f8f010ab.jpg,train
9f96b3c41.jpg,train
9f9fd2ade.jpg,train
9fa18df3e.jpg,train
9fab4894b.jpg,train
9fac588ab.jpg,train
9fb53a74b.jpg,train
9fb6cec57.jpg,train
9fbd05c12.jpg,train
9fbfe9582.jpg,train
9fce63e11.jpg,train
9fcfa539e.jpg,train
9fda4f231.jpg,train
9fdb4a6aa.jpg,train
9fdcc3ff0.jpg,train
9fed72af4.jpg,train
9fee0c63a.jpg,train
9ffe5113f.jpg,train
a0058b3fe.jpg,train
a008ffb41.jpg,train
a013f42d6.jpg,train
a0155346d.jpg,train
a01bc9da8.jpg,train
a01c8ce20.jpg,train
a0256a733.jpg,train
a025c6ed2.jpg,train
a02de9f58.jpg,train
a0383c60d.jpg,train
a0444f94b.jpg,train
a045e21e6.jpg,train
a04b954ec.jpg,train
a053e52ca.jpg,train
a056c104a.jpg,train
a05708135.jpg,train
a0709a1e6.jpg,train
a080c7611.jpg,train
a083a8cbc.jpg,train
a08573f08.jpg,train
a08ace855.jpg,train
a08e02e56.jpg,train
a0906d0b3.jpg,train
a09117fd7.jpg,train
a09855d99.jpg,train
a09e5bfb0.jpg,train
a0a34a07c.jpg,train
a0a58dd59.jpg,train
a0ae0cbcf.jpg,train
a0b425852.jpg,train
a0b60506e.jpg,train
a0b862abb.jpg,train
a0baccc57.jpg,train
a0bfe723c.jpg,train
a0c3dc23f.jpg,train
a0c4d93c1.jpg,train
a0c6fd992.jpg,train
a0ce98154.jpg,train
a0d0e8d7a.jpg,train
a0d19387f.jpg,train
a0d7cf4d8.jpg,train
a0de93374.jpg,train
a0e01eb84.jpg,train
a0e033c85.jpg,train
a0ee1d0ac.jpg,train
a0ee7a955.jpg,train
a0fcb1803.jpg,train
a10226cb3.jpg,train
a10a35f4f.jpg,train
a10c18895.jpg,train
a10c2a8dd.jpg,train
a10fb7849.jpg,train
a115aabc4.jpg,train
a129732b2.jpg,train
a130c38e0.jpg,train
a13437817.jpg,train
a135808ff.jpg,train
a13c52c08.jpg,train
a1456c075.jpg,train
a14c30405.jpg,train
a14d16eed.jpg,train
a14e96726.jpg,train
a14eeb75d.jpg,train
a152690b6.jpg,train
a154fdcfd.jpg,train
a15500c55.jpg,train
a1570342b.jpg,train
a16672b15.jpg,train
a1708dc79.jpg,train
a17a84d8f.jpg,train
a17bb5212.jpg,train
a17df17bd.jpg,train
a182761fa.jpg,train
a189ded53.jpg,train
a18bdb241.jpg,train
a1982cad5.jpg,train
a1a0111dd.jpg,train
a1b3fa11b.jpg,train
a1b56b236.jpg,train
a1bede9b1.jpg,train
a1c385029.jpg,train
a1c4d9bfa.jpg,train
a1d0b7617.jpg,train
a1d39efe0.jpg,train
a1d5d669f.jpg,train
a1dba4777.jpg,train
a1eb6b356.jpg,train
a1ecc1ddb.jpg,train
a1eedc997.jpg,train
a1f5481df.jpg,train
a2098618c.jpg,train
a20f83481.jpg,train
a21bfa25a.jpg,train
a21d00db9.jpg,train
a21d2da50.jpg,train
a21fa9b86.jpg,train
a223350f7.jpg,train
a231b46ec.jpg,train
a2337ccb3.jpg,train
a2370a6d5.jpg,train
a2377d13f.jpg,train
a239718e1.jpg,train
a2444ac38.jpg,train
a2554a434.jpg,train
a259c1a4d.jpg,train
a26432b80.jpg,train
a272e2e20.jpg,train
a27bd6af7.jpg,train
a27d1d567.jpg,train
a2889c2fa.jpg,train
a28a7b7be.jpg,train
a298592e9.jpg,train
a29c6239f.jpg,train
a2a8ba02d.jpg,train
a2b2c9e3e.jpg,train
a2bde42d4.jpg,train
a2befa67f.jpg,train
a2c0731d2.jpg,train
a2cb5be8f.jpg,train
a2d35199d.jpg,train
a2d475315.jpg,train
a2e328f50.jpg,train
a2e51f9a0.jpg,train
a2e96800f.jpg,train
a2fcb4144.jpg,train
a2ff5d12e.jpg,train
a2ffeeef4.jpg,train
a30d21396.jpg,train
a30f25e82.jpg,train
a30fa9eb5.jpg,train
a30fe9da2.jpg,train
a3110d7db.jpg,train
a314405e3.jpg,train
a3148f47c.jpg,train
a316898ca.jpg,train
a31917703.jpg,train
a3217ee57.jpg,train
a323256b5.jpg,train
a32f079ad.jpg,train
a335e099a.jpg,train
a335fc5cc.jpg,train
a33b2c662.jpg,train
a33ec265a.jpg,train
a3432d804.jpg,train
a345caa40.jpg,train
a34704ab8.jpg,train
a3513946d.jpg,train
a353cf4d5.jpg,train
a35e7e370.jpg,train
a369c5c1f.jpg,train
a36c9a89e.jpg,train
a36d791ee.jpg,train
a36e53e97.jpg,train
a3714aefc.jpg,train
a37447f04.jpg,train
a37853f39.jpg,train
a37cc5202.jpg,train
a37e8f7f5.jpg,train
a38aa9808.jpg,train
a39b0ef7e.jpg,train
a3a0e9991.jpg,train
a3a47b0f8.jpg,train
a3a66a86a.jpg,train
a3a790c8f.jpg,train
a3c50494f.jpg,train
a3c64cf6e.jpg,train
a3d5e7319.jpg,train
a3e0c4e52.jpg,train
a3eab84cd.jpg,train
a3eac30dc.jpg,train
a3f913d5c.jpg,train
a3fa62a41.jpg,train
a3fc0bdd6.jpg,train
a3fe8d17b.jpg,train
a4082ae09.jpg,train
a41ba727f.jpg,train
a41d19162.jpg,train
a41f575ff.jpg,train
a426cd7bf.jpg,train
a42786f51.jpg,train
a42c54240.jpg,train
a42dee222.jpg,train
a430d56ba.jpg,train
a4334d7da.jpg,train
a434d334f.jpg,train
a44dd8116.jpg,train
a44f7491d.jpg,train
a467f34e0.jpg,train
a470f2761.jpg,train
a481be5cc.jpg,train
a4844715b.jpg,train
a485b97e7.jpg,train
a485d538c.jpg,train
a48712720.jpg,train
a4906327e.jpg,train
a493cde22.jpg,train
a494826be.jpg,train
a49b73fd3.jpg,train
a49cff42b.jpg,train
a49d608f5.jpg,train
a4a007ea2.jpg,train
a4a328b6f.jpg,train
a4a648cf6.jpg,train
a4aa453df.jpg,train
a4b1020cc.jpg,train
a4c928e9d.jpg,train
a4c93ac65.jpg,train
a4c99b1bd.jpg,train
a4d22b821.jpg,train
a4d3149e0.jpg,train
a4d75754c.jpg,train
a4d9a97f6.jpg,train
a4dc8cd6c.jpg,train
a4dff615e.jpg,train
a4e819837.jpg,train
a4e947fb4.jpg,train
a4e9ea485.jpg,train
a4f349030.jpg,train
a4fa37d47.jpg,train
a5006914c.jpg,train
a506b44b3.jpg,train
a508a338a.jpg,train
a508dd004.jpg,train
a5092043e.jpg,train
a50c4eeba.jpg,train
a51dab2d5.jpg,train
a52aa70f7.jpg,train
a52f36666.jpg,train
a53891ed0.jpg,train
a56476e8b.jpg,train
a5655b60f.jpg,train
a567b95ad.jpg,train
a56c153e4.jpg,train
a56d4b7be.jpg,train
a56df9123.jpg,train
a58bc739c.jpg,train
a59a92ca2.jpg,train
a59ed020a.jpg,train
a5a04bc33.jpg,train
a5a0e4b19.jpg,train
a5a30d7e6.jpg,train
a5a87540b.jpg,train
a5aa4829b.jpg,train
a5ab1671d.jpg,train
a5ac1a50b.jpg,train
a5b108eba.jpg,train
a5b484508.jpg,train
a5b7b7fcc.jpg,train
a5c3d1132.jpg,train
a5d571de0.jpg,train
a5d62699f.jpg,train
a5d8010d4.jpg,train
a5da48f64.jpg,train
a5e0a4b23.jpg,train
a5e7b9502.jpg,train
a5e9195b6.jpg,train
a5ed4358c.jpg,train
a5f3540e9.jpg,train
a5f450999.jpg,train
a5f52444d.jpg,train
a5f996baa.jpg,train
a605eae5c.jpg,train
a61636c13.jpg,train
a61727238.jpg,train
a61996577.jpg,train
a61ce7b8a.jpg,train
a62465bd7.jpg,train
a629cce39.jpg,train
a62c06b43.jpg,train
a634d3a24.jpg,train
a63669b29.jpg,train
a63f10d77.jpg,train
a64a77431.jpg,train
a6521a8d9.jpg,train
a65a8503a.jpg,train
a65d823b7.jpg,train
a662c0df3.jpg,train
a664d8138.jpg,train
a67df9196.jpg,train
a687ef75e.jpg,train
a68906588.jpg,train
a689f4047.jpg,train
a68a791fb.jpg,train
a68dcc7d2.jpg,train
a697f938a.jpg,train
a6980dd61.jpg,train
a6984e46c.jpg,train
a6a8cf809.jpg,train
a6af7373c.jpg,train
a6b00abd7.jpg,train
a6b4602b6.jpg,train
a6b56df05.jpg,train
a6ba6acf0.jpg,train
a6c28501b.jpg,train
a6c3abdb9.jpg,train
a6c7b60b3.jpg,train
a6de0caa4.jpg,train
a6ecee828.jpg,train
a6f761c3f.jpg,train
a6fcd0f71.jpg,train
a70390e7a.jpg,train
a705b49f9.jpg,train
a705ed228.jpg,train
a70b5d0c5.jpg,train
a71670d83.jpg,train
a71e53574.jpg,train
a71e7121c.jpg,train
a725b623a.jpg,train
a72c797c1.jpg,train
a72f6f83d.jpg,train
a732b1b72.jpg,train
a733a2220.jpg,train
a73464691.jpg,train
a7391743c.jpg,train
a73c4e62c.jpg,train
a73cf6a39.jpg,train
a74cb0466.jpg,train
a7509c7cd.jpg,train
a750dc23a.jpg,train
a7545c9c0.jpg,train
a75bb4c01.jpg,train
a75ec2a42.jpg,train
a763e8b83.jpg,train
a7655a8d3.jpg,train
a76b26d44.jpg,train
a76baea54.jpg,train
a76da9e56.jpg,train
a77935a71.jpg,train
a77af14dd.jpg,train
a78f72e04.jpg,train
a79e9a769.jpg,train
a7a723242.jpg,train
a7a9a1648.jpg,train
a7b1e00e6.jpg,train
a7b2ab721.jpg,train
a7b7d8e30.jpg,train
a7b8b9357.jpg,train
a7bedd82e.jpg,train
a7c57d74f.jpg,train
a7d470272.jpg,train
a7d5ae972.jpg,train
a7e79695b.jpg,train
a7f29f0b3.jpg,train
a7f3a0644.jpg,train
a800aee21.jpg,train
a803d991e.jpg,train
a81499b19.jpg,train
a817da1df.jpg,train
a8188747f.jpg,train
a81d409c6.jpg,train
a8241cf3d.jpg,train
a826d9481.jpg,train
a82acacf2.jpg,train
a82b34c33.jpg,train
a8312b3b0.jpg,train
a831d2806.jpg,train
a832e130a.jpg,train
a83442a46.jpg,train
a835a0e50.jpg,train
a838b8e5c.jpg,train
a85276d6e.jpg,train
a85db4eac.jpg,train
a86b9299f.jpg,train
a86d2a653.jpg,train
a87090528.jpg,train
a8767436f.jpg,train
a886bfcfc.jpg,train
a88757126.jpg,train
a88dc13d6.jpg,train
a890f04af.jpg,train
a89b353af.jpg,train
a8a543129.jpg,train
a8a6276cc.jpg,train
a8a69d47e.jpg,train
a8a7216e4.jpg,train
a8a982a07.jpg,train
a8b171a05.jpg,train
a8b769ee0.jpg,train
a8b77ce4d.jpg,train
a8b83f498.jpg,train
a8bc0275d.jpg,train
a8c20e35b.jpg,train
a8c34c3ee.jpg,train
a8ca5b17d.jpg,train
a8cbcb924.jpg,train
a8d60ce91.jpg,train
a8de477f0.jpg,train
a8eaf15a1.jpg,train
a8eed9902.jpg,train
a8f977b31.jpg,train
a8f9c8c03.jpg,train
a8fc850dc.jpg,train
a8fcfff62.jpg,train
a90767710.jpg,train
a909833f5.jpg,train
a9107b3b6.jpg,train
a912cf0b9.jpg,train
a91b97969.jpg,train
a922818e9.jpg,train
a9378655a.jpg,train
a93b52e93.jpg,train
a94abfda7.jpg,train
a9531d54c.jpg,train
a96489280.jpg,train
a96ddfce2.jpg,train
a97abc0aa.jpg,train
a97d3a84e.jpg,train
a9840c747.jpg,train
a985a9c7c.jpg,train
a98f00f6b.jpg,train
a9914e83b.jpg,train
a9945ecd5.jpg,train
a997f247d.jpg,train
a99fdaaab.jpg,train
a9a045b71.jpg,train
a9a0a7c73.jpg,train
a9a5ac063.jpg,train
a9a69d683.jpg,train
a9af4d1c1.jpg,train
a9b1abf48.jpg,train
a9b30f4b1.jpg,train
a9b4c5d52.jpg,train
a9b87142c.jpg,train
a9bc755fe.jpg,train
a9c5e9f1e.jpg,train
a9cb86e69.jpg,train
a9d3b0f3e.jpg,train
a9d54a2fe.jpg,train
a9d679c95.jpg,train
a9dcd6f0b.jpg,train
a9ddaaca6.jpg,train
a9e1fc1bc.jpg,train
a9e2530ed.jpg,train
a9e5fc9ff.jpg,train
a9ebd5d01.jpg,train
a9ee60102.jpg,train
a9eed3b01.jpg,train
a9f605949.jpg,train
aa029b4a0.jpg,train
aa14f39fd.jpg,train
aa1c7c9cd.jpg,train
aa1eff0d1.jpg,train
aa218783a.jpg,train
aa29aae31.jpg,train
aa2db8e29.jpg,train
aa3632918.jpg,train
aa394081e.jpg,train
aa3fee531.jpg,train
aa49482e5.jpg,train
aa6a2b3e5.jpg,train
aa6bd6ba3.jpg,train
aa741b586.jpg,train
aa7a0bcf3.jpg,train
aa88568ad.jpg,train
aa8b6ebcf.jpg,train
aa92ea82d.jpg,train
aa96b12e7.jpg,train
aa9762436.jpg,train
aa9a7363b.jpg,train
aaa145a7e.jpg,train
aac764a88.jpg,train
aaca761e4.jpg,train
aacd660b3.jpg,train
aad06b99e.jpg,train
aad145da9.jpg,train
aad347618.jpg,train
aae6bc5be.jpg,train
aae7792ca.jpg,train
aae9a3452.jpg,train
aaeff73c9.jpg,train
ab0010546.jpg,train
ab081e95e.jpg,train
ab1293c8f.jpg,train
ab13f368e.jpg,train
ab16f0e09.jpg,train
ab1865ed6.jpg,train
ab1dda536.jpg,train
ab2300506.jpg,train
ab2541958.jpg,train
ab2b3d3d9.jpg,train
ab3065e7f.jpg,train
ab312df89.jpg,train
ab3fed191.jpg,train
ab4fab99e.jpg,train
ab573218d.jpg,train
ab6afa374.jpg,train
ab6f35523.jpg,train
ab70f8ba6.jpg,train
ab710a287.jpg,train
ab88df761.jpg,train
ab93fca16.jpg,train
ab9ac2006.jpg,train
aba64bfab.jpg,train
abab01f92.jpg,train
abac4e544.jpg,train
abb5daaa0.jpg,train
abc73ae71.jpg,train
abcbb4a74.jpg,train
abdbfd065.jpg,train
abdf26bbd.jpg,train
abe217835.jpg,train
abe8e7faf.jpg,train
abedd15e2.jpg,train
ac029e83f.jpg,train
ac03345dc.jpg,train
ac0590cf3.jpg,train
ac0682b30.jpg,train
ac068dbec.jpg,train
ac077ad0e.jpg,train
ac095f7d7.jpg,train
ac12eb284.jpg,train
ac15719f1.jpg,train
ac172af5a.jpg,train
ac1a64a23.jpg,train
ac2b13f3f.jpg,train
ac2b7af8c.jpg,train
ac2f58068.jpg,train
ac30b2306.jpg,train
ac31ed0c3.jpg,train
ac3895afd.jpg,train
ac39eca81.jpg,train
ac461b596.jpg,train
ac47aefbc.jpg,train
ac48ab24b.jpg,train
ac4ba5c1a.jpg,train
ac504079d.jpg,train
ac550233a.jpg,train
ac59becc1.jpg,train
ac5de187a.jpg,train
ac6367260.jpg,train
ac681cbde.jpg,train
ac68f9acc.jpg,train
ac6b3e4bc.jpg,train
ac6d3cefd.jpg,train
ac7848f35.jpg,train
ac7b3fdd1.jpg,train
ac7e898e6.jpg,train
ac85ff364.jpg,train
ac8edd837.jpg,train
ac912ddc4.jpg,train
ac97767a7.jpg,train
ac98d5840.jpg,train
ac9947293.jpg,train
ac9c592aa.jpg,train
ac9cc4f1b.jpg,train
acbe1e2c1.jpg,train
acc4098ce.jpg,train
acc420cb3.jpg,train
accb65244.jpg,train
accc38459.jpg,train
acce2ad4e.jpg,train
acd295ec3.jpg,train
acd30588b.jpg,train
acd30bd6a.jpg,train
acd54b2af.jpg,train
ace59105f.jpg,train
ace8c1151.jpg,train
acf1b04a4.jpg,train
acfbc40a2.jpg,train
ad0e7ff59.jpg,train
ad26af6e4.jpg,train
ad2e93a85.jpg,train
ad3630cdc.jpg,train
ad43f6c96.jpg,train
ad50e3e3a.jpg,train
ad56c5372.jpg,train
ad64c0940.jpg,train
ad6506c7b.jpg,train
ad6aed3f4.jpg,train
ad6fb4fab.jpg,train
ad76bc064.jpg,train
ad7ee3637.jpg,train
ad8744ba7.jpg,train
ad8ffec02.jpg,train
ad9688790.jpg,train
ad991d6dd.jpg,train
ad9ad21f4.jpg,train
ada3dacbe.jpg,train
ada4050a4.jpg,train
ada45f479.jpg,train
ada6c433b.jpg,train
adaa22413.jpg,train
adaa47142.jpg,train
adae21280.jpg,train
adbe07a60.jpg,train
adc257b59.jpg,train
adcc1cac6.jpg,train
add5c87e5.jpg,train
add8603ba.jpg,train
add980018.jpg,train
addd390e9.jpg,train
adf017a56.jpg,train
adf68e54a.jpg,train
adf93f9bf.jpg,train
ae00d2b3d.jpg,train
ae09481ab.jpg,train
ae29b9e4d.jpg,train
ae2c96c4e.jpg,train
ae2fd4efe.jpg,train
ae3047bf7.jpg,train
ae35b6067.jpg,train
ae3ad362b.jpg,train
ae3f34ab1.jpg,train
ae4555b5b.jpg,train
ae4753c89.jpg,train
ae4e898e8.jpg,train
ae51109d0.jpg,train
ae562552d.jpg,train
ae5a0fa7c.jpg,train
ae5cdf4ea.jpg,train
ae65ed912.jpg,train
ae677bed4.jpg,train
ae6b5adc2.jpg,train
ae6d0bf01.jpg,train
ae765c316.jpg,train
ae7a2de0d.jpg,train
ae86464c0.jpg,train
ae8e00590.jpg,train
ae93df7d1.jpg,train
ae9a53e90.jpg,train
ae9a759a1.jpg,train
ae9c7966a.jpg,train
aea1eb689.jpg,train
aea51e93f.jpg,train
aea7d7051.jpg,train
aeaa1deef.jpg,train
aeadf8fde.jpg,train
aeb34560d.jpg,train
aebbc40a6.jpg,train
aec9cbfb0.jpg,train
aecfe5ad8.jpg,train
aeda5b216.jpg,train
aee116071.jpg,train
aee20074e.jpg,train
aee406fff.jpg,train
aef3c904b.jpg,train
aefa93267.jpg,train
aeff95093.jpg,train
af0534891.jpg,train
af094b41c.jpg,train
af09a0336.jpg,train
af0dd8534.jpg,train
af17634f8.jpg,train
af1c8d7bb.jpg,train
af1cd15ef.jpg,train
af1debfe3.jpg,train
af21f49bb.jpg,train
af27e8276.jpg,train
af328f32c.jpg,train
af33842ad.jpg,train
af3414f93.jpg,train
af3692d16.jpg,train
af36d22ab.jpg,train
af3bec1f0.jpg,train
af426e1d3.jpg,train
af4cdefaa.jpg,train
af4e9bbc9.jpg,train
af61c6bf8.jpg,train
af67d55bd.jpg,train
af730b980.jpg,train
af7a5f3e7.jpg,train
af7c08f36.jpg,train
af7ca17d0.jpg,train
af7db8470.jpg,train
af807ce02.jpg,train
af828b126.jpg,train
af940d1ae.jpg,train
af9b9176f.jpg,train
afb3e0467.jpg,train
afb67e4d9.jpg,train
afb854388.jpg,train
afbab41f0.jpg,train
afc26c2a0.jpg,train
afc4ca4f0.jpg,train
afcd4d5ee.jpg,train
afcf048de.jpg,train
afd067550.jpg,train
afdb25da1.jpg,train
afdf9c916.jpg,train
afef30338.jpg,train
aff01777f.jpg,train
b0038b54c.jpg,train
b008ebddf.jpg,train
b00fa58e7.jpg,train
b0161473e.jpg,train
b0254cb54.jpg,train
b0271d280.jpg,train
b02923eea.jpg,train
b030ec597.jpg,train
b0348d794.jpg,train
b03643b7c.jpg,train
b03bdbc0c.jpg,train
b044d761a.jpg,train
b045a0df2.jpg,train
b046e320f.jpg,train
b04b907b2.jpg,train
b04e7875c.jpg,train
b05365219.jpg,train
b05584f2f.jpg,train
b059badb4.jpg,train
b06523fa7.jpg,train
b07380a2e.jpg,train
b080280d8.jpg,train
b08435f96.jpg,train
b08712015.jpg,train
b08d40600.jpg,train
b08d86101.jpg,train
b08f17760.jpg,train
b090ddc4b.jpg,train
b0b0ca485.jpg,train
b0d290bbf.jpg,train
b0daf9907.jpg,train
b0f641041.jpg,train
b1019292f.jpg,train
b107bf5bd.jpg,train
b1096a78f.jpg,train
b10ca1dc4.jpg,train
b110ca8c2.jpg,train
b119d8dd6.jpg,train
b1276a404.jpg,train
b12fc900b.jpg,train
b1331b5aa.jpg,train
b138e942e.jpg,train
b14355f10.jpg,train
b147f0f0f.jpg,train
b14b855e6.jpg,train
b15e6ca53.jpg,train
b1623b91f.jpg,train
b1639af61.jpg,train
b1639e054.jpg,train
b16ab3735.jpg,train
b17038bf6.jpg,train
b18d448a7.jpg,train
b19603805.jpg,train
b197ca6e6.jpg,train
b19fbab56.jpg,train
b1adeb194.jpg,train
b1b3ec5fd.jpg,train
b1b94f0fc.jpg,train
b1b95cd4d.jpg,train
b1ba20011.jpg,train
b1ba60ced.jpg,train
b1bbea81b.jpg,train
b1c4d3872.jpg,train
b1c6e8959.jpg,train
b1c892c12.jpg,train
b1cf6d807.jpg,train
b1d3f12b6.jpg,train
b1d574c91.jpg,train
b1e3c11ad.jpg,train
b1e5931af.jpg,train
b1e74e71d.jpg,train
b1e9c469c.jpg,train
b1f5ce725.jpg,train
b1f771047.jpg,train
b1fd37779.jpg,train
b20fb15ff.jpg,train
b2148a422.jpg,train
b217432b9.jpg,train
b21f4da7f.jpg,train
b228e91a7.jpg,train
b229bd6b5.jpg,train
b22b846c8.jpg,train
b23512d3b.jpg,train
b23e854e8.jpg,train
b23f90fb7.jpg,train
b2461e55e.jpg,train
b2488a745.jpg,train
b24896622.jpg,train
b248be5ad.jpg,train
b24d691a6.jpg,train
b2564fb98.jpg,train
b25c40d67.jpg,train
b266f6742.jpg,train
b26acc3a8.jpg,train
b27127d1d.jpg,train
b28263013.jpg,train
b2866fa08.jpg,train
b28c3ee61.jpg,train
b2985ca11.jpg,train
b29f4c4ed.jpg,train
b2ba56cd7.jpg,train
b2bc836da.jpg,train
b2c9fde17.jpg,train
b2cbd553f.jpg,train
b2cdd1c41.jpg,train
b2d4a1767.jpg,train
b2e59bdaa.jpg,train
b2ec9ed47.jpg,train
b2ef42176.jpg,train
b2f297777.jpg,train
b2fcc9bd6.jpg,train
b303bf6e5.jpg,train
b309c82de.jpg,train
b30d2f225.jpg,train
b312bf98c.jpg,train
b3139b9a1.jpg,train
b3192c13d.jpg,train
b31b54a50.jpg,train
b31d1c693.jpg,train
b3262467d.jpg,train
b32e4eb4b.jpg,train
b33a903ac.jpg,train
b33edc431.jpg,train
b34272d97.jpg,train
b34e9a47e.jpg,train
b34f3d4dc.jpg,train
b35a08d7a.jpg,train
b35ab5606.jpg,train
b35d94e9c.jpg,train
b37a57736.jpg,train
b38f593fd.jpg,train
b3920826e.jpg,train
b3a8bd174.jpg,train
b3aa31a86.jpg,train
b3ac3189c.jpg,train
b3ae9675d.jpg,train
b3af1181e.jpg,train
b3b1e1046.jpg,train
b3b742102.jpg,train
b3b8f0c9e.jpg,train
b3bbd7121.jpg,train
b3bdf31d8.jpg,train
b3cbe980b.jpg,train
b3ce6af86.jpg,train
b3cea5fb4.jpg,train
b3d4ba1e2.jpg,train
b3d4c7809.jpg,train
b3d88bde6.jpg,train
b3e51537d.jpg,train
b3f6a891f.jpg,train
b3ff13646.jpg,train
b3ff830e0.jpg,train
b40abdab2.jpg,train
b40e4ebd6.jpg,train
b4124fe84.jpg,train
b41747a10.jpg,train
b418b6f8f.jpg,train
b41ab39a5.jpg,train
b41f45416.jpg,train
b43445f69.jpg,train
b43730232.jpg,train
b43e2c4d6.jpg,train
b43ea2c01.jpg,train
b442ff31d.jpg,train
b4482a765.jpg,train
b44895d41.jpg,train
b44b62755.jpg,train
b44cfa5ba.jpg,train
b44f92bd6.jpg,train
b44fc6ba9.jpg,train
b4562e772.jpg,train
b46c4d64b.jpg,train
b46dafae2.jpg,train
b46ecc387.jpg,train
b474eba9f.jpg,train
b482a5d55.jpg,train
b483a0a1a.jpg,train
b48564b41.jpg,train
b4862994a.jpg,train
b494c20d6.jpg,train
b496d0a29.jpg,train
b49b2a0ee.jpg,train
b4a2c233f.jpg,train
b4aa8dbf0.jpg,train
b4ad3aac5.jpg,train
b4af4e1ff.jpg,train
b4b21055e.jpg,train
b4b5c6a86.jpg,train
b4b6a1104.jpg,train
b4c2a01b6.jpg,train
b4c7a5a60.jpg,train
b4cc410e5.jpg,train
b4cc6a4ed.jpg,train
b4d0843ed.jpg,train
b4d309794.jpg,train
b4d920147.jpg,train
b4efad45e.jpg,train
b4f5b36a3.jpg,train
b504ef19c.jpg,train
b509edc06.jpg,train
b50c7a02c.jpg,train
b51e25392.jpg,train
b52d1fcd8.jpg,train
b5352d213.jpg,train
b537ab3ce.jpg,train
b54038841.jpg,train
b54ede08d.jpg,train
b556cffd3.jpg,train
b559544b5.jpg,train
b55ffe803.jpg,train
b56726dee.jpg,train
b568146ec.jpg,train
b5696c8f3.jpg,train
b56b55a7e.jpg,train
b56de2940.jpg,train
b56eaf11d.jpg,train
b57c00a3f.jpg,train
b57d15322.jpg,train
b5804f43f.jpg,train
b58132808.jpg,train
b5867dc30.jpg,train
b5940545e.jpg,train
b595566b3.jpg,train
b5967f1ce.jpg,train
b5ab2fdda.jpg,train
b5ab7a42f.jpg,train
b5ad8fb0f.jpg,train
b5b5e513b.jpg,train
b5b6de778.jpg,train
b5b99c878.jpg,train
b5cba8cac.jpg,train
b5cda37bc.jpg,train
b5cdb72ff.jpg,train
b5d029fdf.jpg,train
b5d9dfe6d.jpg,train
b5df32617.jpg,train
b5e275395.jpg,train
b5e9007e5.jpg,train
b5f7a1627.jpg,train
b6098bce0.jpg,train
b613acfb7.jpg,train
b619085bc.jpg,train
b62d34440.jpg,train
b63488e9d.jpg,train
b641f8ae5.jpg,train
b646b6038.jpg,train
b64b9969e.jpg,train
b64e18b92.jpg,train
b64f0985f.jpg,train
b657c7ed4.jpg,train
b658e6c9f.jpg,train
b662b5b00.jpg,train
b664c557f.jpg,train
b6656880b.jpg,train
b66721b1f.jpg,train
b66e31dfb.jpg,train
b66e36656.jpg,train
b67f8e63f.jpg,train
b682bfafd.jpg,train
b687a4580.jpg,train
b688d23eb.jpg,train
b68a9259a.jpg,train
b68c2531c.jpg,train
b68c95b87.jpg,train
b695035c7.jpg,train
b69920a15.jpg,train
b69aaf096.jpg,train
b69d1ed6a.jpg,train
b69d73277.jpg,train
b69f4f03c.jpg,train
b6a5c7a5b.jpg,train
b6a5f38fa.jpg,train
b6b66ca8c.jpg,train
b6c0a38e9.jpg,train
b6c567b64.jpg,train
b6c7c2cb9.jpg,train
b6d3f2485.jpg,train
b6d6d52ac.jpg,train
b6d964955.jpg,train
b6db869b7.jpg,train
b6e3b8a8c.jpg,train
b6f5f2414.jpg,train
b6f61c6b0.jpg,train
b6fc52f4e.jpg,train
b6fdc1d5e.jpg,train
b708523c7.jpg,train
b70e904f7.jpg,train
b712be0ba.jpg,train
b7155ddaf.jpg,train
b719010ac.jpg,train
b71af94cb.jpg,train
b71ee7bd0.jpg,train
b722f7475.jpg,train
b724e0d0e.jpg,train
b72d341bf.jpg,train
b733d1672.jpg,train
b754c1efe.jpg,train
b7688a29f.jpg,train
b76bbb3cf.jpg,train
b77466d80.jpg,train
b778a2a3e.jpg,train
b782bd738.jpg,train
b78ea8d16.jpg,train
b7982b7d8.jpg,train
b799d56cd.jpg,train
b79a0d30f.jpg,train
b79c520bb.jpg,train
b7a1d89ae.jpg,train
b7b6fd4ed.jpg,train
b7be0627c.jpg,train
b7d19b506.jpg,train
b7dab02ec.jpg,train
b7df222b1.jpg,train
b7e06286b.jpg,train
b7e50e93e.jpg,train
b7e90de47.jpg,train
b7ec604f7.jpg,train
b7f1c1eea.jpg,train
b7f1eee15.jpg,train
b7f84836b.jpg,train
b7fd1f63b.jpg,train
b833028fe.jpg,train
b83d7659f.jpg,train
b845c99d9.jpg,train
b845ef149.jpg,train
b8576af47.jpg,train
b859b9175.jpg,train
b862a5d9f.jpg,train
b868c43ca.jpg,train
b86c963d6.jpg,train
b87571cc4.jpg,train
b87a1d850.jpg,train
b87c9b9b4.jpg,train
b881357b7.jpg,train
b895d1213.jpg,train
b89d58ef2.jpg,train
b8a315e5d.jpg,train
b8a69919f.jpg,train
b8a955c48.jpg,train
b8ae3032c.jpg,train
b8b03dcfe.jpg,train
b8b5ed4d0.jpg,train
b8ba151b1.jpg,train
b8be43898.jpg,train
b8c07feb2.jpg,train
b8cfc82f8.jpg,train
b8d2805f9.jpg,train
b8eadd5bf.jpg,train
b8ef73f38.jpg,train
b8f1c53e2.jpg,train
b8f684e65.jpg,train
b8fc355a4.jpg,train
b9071870c.jpg,train
b90e286a5.jpg,train
b913b77cc.jpg,train
b925ef3b7.jpg,train
b93118acc.jpg,train
b933f4591.jpg,train
b93cc6719.jpg,train
b93f5fdc0.jpg,train
b941e37d2.jpg,train
b941eeaa7.jpg,train
b949db636.jpg,train
b94f92e51.jpg,train
b9517e2e2.jpg,train
b95bf9f14.jpg,train
b95e49245.jpg,train
b9752d783.jpg,train
b97e53bb3.jpg,train
b9888ed87.jpg,train
b98aee209.jpg,train
b98f3f3b7.jpg,train
b99b4abea.jpg,train
b9aa11e17.jpg,train
b9acd9a0f.jpg,train
b9b3aaaea.jpg,train
b9b3b12aa.jpg,train
b9bef4fe1.jpg,train
b9ca31b9c.jpg,train
b9ca7f9f9.jpg,train
b9d6356b4.jpg,train
b9d8a4502.jpg,train
b9dbbf8ac.jpg,train
b9def70a3.jpg,train
b9f4d70ec.jpg,train
b9f5fe198.jpg,train
b9f8d4019.jpg,train
b9f8dffba.jpg,train
b9fa8b135.jpg,train
ba027ff62.jpg,train
ba0c890a2.jpg,train
ba0e69f45.jpg,train
ba11c9dc3.jpg,train
ba12ba223.jpg,train
ba1848fc8.jpg,train
ba1b1787f.jpg,train
ba1ce59a8.jpg,train
ba1d5f5b5.jpg,train
ba26aaf35.jpg,train
ba3358802.jpg,train
ba369b556.jpg,train
ba3cdb064.jpg,train
ba4284649.jpg,train
ba47ceeec.jpg,train
ba4ac3636.jpg,train
ba54b162d.jpg,train
ba5b942fd.jpg,train
ba5e54030.jpg,train
ba61430df.jpg,train
ba6e09636.jpg,train
ba7ed19b3.jpg,train
ba9f5bb00.jpg,train
baa040ac6.jpg,train
baa5a076a.jpg,train
baa9d44b3.jpg,train
bab5271b6.jpg,train
baba8612a.jpg,train
babc63c5b.jpg,train
babc99f0c.jpg,train
babdf889d.jpg,train
bac478920.jpg,train
bac68f2c3.jpg,train
baca6503a.jpg,train
bacb738d3.jpg,train
bacfd8fc8.jpg,train
badc586ae.jpg,train
badc94207.jpg,train
bae2c9821.jpg,train
bae58dc36.jpg,train
bae6afeb1.jpg,train
baeee87bf.jpg,train
bb01e08e4.jpg,train
bb0b18744.jpg,train
bb0f9bfcf.jpg,train
bb177c530.jpg,train
bb1977eed.jpg,train
bb1c6efac.jpg,train
bb21cd153.jpg,train
bb25018fc.jpg,train
bb2975da4.jpg,train
bb3421ee8.jpg,train
bb352d01e.jpg,train
bb371f33d.jpg,train
bb43fd55f.jpg,train
bb47cc54c.jpg,train
bb4e89121.jpg,train
bb52ff5d9.jpg,train
bb5b38c31.jpg,train
bb5d32d98.jpg,train
bb65f4269.jpg,train
bb6f86b58.jpg,train
bb6fe9479.jpg,train
bb765d50c.jpg,train
bb78033f6.jpg,train
bb830bb4a.jpg,train
bba274c50.jpg,train
bba583ae1.jpg,train
bbae1c48a.jpg,train
bbafbaab3.jpg,train
bbb96273d.jpg,train
bbbfc8375.jpg,train
bbc220ad9.jpg,train
bbc246c1b.jpg,train
bbcf45362.jpg,train
bbd1b8f11.jpg,train
bbd271bd8.jpg,train
bbd3d337f.jpg,train
bbd5080f6.jpg,train
bbde78fe1.jpg,train
bbe1b1724.jpg,train
bbe2a369a.jpg,train
bbe88f4c8.jpg,train
bbebbd412.jpg,train
bbec1ee47.jpg,train
bbef58539.jpg,train
bbf5db291.jpg,train
bbfd791f8.jpg,train
bbfdbc490.jpg,train
bbff17cbf.jpg,train
bc0a90164.jpg,train
bc12102b8.jpg,train
bc138a5ee.jpg,train
bc2185ce3.jpg,train
bc21fab1b.jpg,train
bc23b3e0f.jpg,train
bc2756713.jpg,train
bc2a7a375.jpg,train
bc395145e.jpg,train
bc3c8163e.jpg,train
bc486ffb1.jpg,train
bc5caa66d.jpg,train
bc623fb4e.jpg,train
bc64a47ef.jpg,train
bc67d17de.jpg,train
bc68e0820.jpg,train
bc72a7548.jpg,train
bc73f75a5.jpg,train
bc746015b.jpg,train
bc751c15d.jpg,train
bc7f3ef1c.jpg,train
bc9e986b3.jpg,train
bca9c5489.jpg,train
bcafc5791.jpg,train
bcbdbf3ac.jpg,train
bcbf6b185.jpg,train
bcbf7a4ab.jpg,train
bcc4f678a.jpg,train
bcd819a3b.jpg,train
bcda255e8.jpg,train
bce091bac.jpg,train
bceeb4256.jpg,train
bcf5dc58c.jpg,train
bd02a666e.jpg,train
bd0e26062.jpg,train
bd1d00d38.jpg,train
bd2366c49.jpg,train
bd23fafce.jpg,train
bd3e08bae.jpg,train
bd411a664.jpg,train
bd4957b80.jpg,train
bd51cf4b6.jpg,train
bd54aaaea.jpg,train
bd5aeaa60.jpg,train
bd5c85ced.jpg,train
bd5cc7d1b.jpg,train
bd60e8f14.jpg,train
bd6298d4f.jpg,train
bd680c39b.jpg,train
bd697eec9.jpg,train
bd6a86721.jpg,train
bd70c4b99.jpg,train
bd77f2c37.jpg,train
bd794618f.jpg,train
bd8556ab8.jpg,train
bd8860de4.jpg,train
bd894f161.jpg,train
bd8e1d238.jpg,train
bd967bd29.jpg,train
bd99469d2.jpg,train
bd9e49b45.jpg,train
bda7b8a7e.jpg,train
bda954cd8.jpg,train
bdac05a8c.jpg,train
bdae09f43.jpg,train
bdae6df7b.jpg,train
bdafa8bf2.jpg,train
bdb24ff3b.jpg,train
bdb31300b.jpg,train
bdb473db4.jpg,train
bdbf5535f.jpg,train
bdc4fe767.jpg,train
bdc5e666b.jpg,train
bdc800e05.jpg,train
bdcc4b222.jpg,train
bdce84e23.jpg,train
bdd1c7fa8.jpg,train
bdd265724.jpg,train
bde16c127.jpg,train
bdee0e677.jpg,train
bdf2e7b93.jpg,train
bdf3ca236.jpg,train
bdfa2974d.jpg,train
bdff0aefc.jpg,train
be04fa57f.jpg,train
be10893b2.jpg,train
be13b4853.jpg,train
be1e1cb10.jpg,train
be1e3408f.jpg,train
be2216e98.jpg,train
be3d5d136.jpg,train
be4f811a7.jpg,train
be53ca411.jpg,train
be59e708c.jpg,train
be65d7bb7.jpg,train
be6a4a1d1.jpg,train
be6c49e45.jpg,train
be783de55.jpg,train
be8e28587.jpg,train
bea606041.jpg,train
bea7ff137.jpg,train
beb14dec4.jpg,train
bebb35a5e.jpg,train
bec23c703.jpg,train
bec64003f.jpg,train
bedfbcf7b.jpg,train
bedff6112.jpg,train
bee1352f9.jpg,train
bee2f16b2.jpg,train
bf02703ff.jpg,train
bf1005177.jpg,train
bf28ecdb5.jpg,train
bf295a8e9.jpg,train
bf3431728.jpg,train
bf3bea2f0.jpg,train
bf3d21ec7.jpg,train
bf3db21e9.jpg,train
bf49c40f4.jpg,train
bf541d182.jpg,train
bf5502c1c.jpg,train
bf5e1ed13.jpg,train
bf828b30d.jpg,train
bf96d0602.jpg,train
bf9b21859.jpg,train
bf9ec9501.jpg,train
bf9fbfaf7.jpg,train
bfa13f841.jpg,train
bfa17327e.jpg,train
bfab9345f.jpg,train
bfaf69bd5.jpg,train
bfb064127.jpg,train
bfb1c6139.jpg,train
bfbdc381c.jpg,train
bfbf7dc87.jpg,train
bfc087920.jpg,train
bfc38d5ba.jpg,train
bfc738650.jpg,train
bfc7f2dfa.jpg,train
bfc82bcbd.jpg,train
bfcffb683.jpg,train
bfd00e92b.jpg,train
bfd24be30.jpg,train
bfd38637f.jpg,train
bfd56c3d2.jpg,train
bfd7696b4.jpg,train
bfd7ecfe9.jpg,train
bfd93cc8c.jpg,train
bfe025097.jpg,train
bfe1815d5.jpg,train
bfe627357.jpg,train
bfe812911.jpg,train
bff6601a3.jpg,train
bff6cdfad.jpg,train
bff7d63af.jpg,train
c01fd972f.jpg,train
c030db0ad.jpg,train
c038c0588.jpg,train
c03aa5c4a.jpg,train
c048dbdc5.jpg,train
c04aa9618.jpg,train
c04ac576d.jpg,train
c04b0d160.jpg,train
c05799ac4.jpg,train
c057d7bc1.jpg,train
c0598f956.jpg,train
c05e59fa6.jpg,train
c05ffed36.jpg,train
c064a385e.jpg,train
c07ab074e.jpg,train
c07b4a53e.jpg,train
c081bd8c5.jpg,train
c084838d5.jpg,train
c08abccb0.jpg,train
c08bdfa3c.jpg,train
c097a0af1.jpg,train
c098f8eff.jpg,train
c0a428ebb.jpg,train
c0cab7860.jpg,train
c0ceecd96.jpg,train
c0d04c74f.jpg,train
c0d23ec4a.jpg,train
c0dee2521.jpg,train
c0e730a68.jpg,train
c0eb3a086.jpg,train
c10467a1f.jpg,train
c12842f5e.jpg,train
c12bbdec9.jpg,train
c130e2db0.jpg,train
c131d5030.jpg,train
c13a6a141.jpg,train
c1422b149.jpg,train
c1482dc0c.jpg,train
c148b01b4.jpg,train
c14eabf41.jpg,train
c15d5b333.jpg,train
c15deb6c0.jpg,train
c1601bb3b.jpg,train
c167117c8.jpg,train
c169ffecd.jpg,train
c16f9e03c.jpg,train
c17607edb.jpg,train
c177e4d14.jpg,train
c184f9f35.jpg,train
c18a0f128.jpg,train
c18e129a3.jpg,train
c191c77e1.jpg,train
c1a90e9c8.jpg,train
c1b035207.jpg,train
c1b52c5f9.jpg,train
c1c3651cc.jpg,train
c1c8a2312.jpg,train
c1e29d626.jpg,train
c1e621914.jpg,train
c1ee793b9.jpg,train
c1f1011b0.jpg,train
c204673e4.jpg,train
c204bdd10.jpg,train
c20989bd4.jpg,train
c20b32738.jpg,train
c210d2e08.jpg,train
c21edfb97.jpg,train
c2234a956.jpg,train
c223d7b2e.jpg,train
c22accc84.jpg,train
c232eea0c.jpg,train
c248ca201.jpg,train
c24caa9be.jpg,train
c24f45fd3.jpg,train
c2514d9c0.jpg,train
c2562fab2.jpg,train
c25e12747.jpg,train
c262b89bb.jpg,train
c267ba17c.jpg,train
c26f189f5.jpg,train
c26f7ab21.jpg,train
c27075976.jpg,train
c270e97fc.jpg,train
c2759d94e.jpg,train
c2760fc1a.jpg,train
c2798319f.jpg,train
c27abfe11.jpg,train
c27bf0c0e.jpg,train
c27ce861d.jpg,train
c27f43f5c.jpg,train
c27fcd22a.jpg,train
c293952c8.jpg,train
c2956fc84.jpg,train
c296dafca.jpg,train
c2a409a0b.jpg,train
c2a43c185.jpg,train
c2a4d7a03.jpg,train
c2acb1fd5.jpg,train
c2ad68694.jpg,train
c2afd0495.jpg,train
c2bce72b1.jpg,train
c2c5086dc.jpg,train
c2d0a2e19.jpg,train
c2d1aece4.jpg,train
c2d2af726.jpg,train
c2d90ffc6.jpg,train
c2d93de82.jpg,train
c2eb19445.jpg,train
c2ee826a9.jpg,train
c303505d3.jpg,train
c30805f9e.jpg,train
c30ecf35c.jpg,train
c30efa47d.jpg,train
c31982371.jpg,train
c319a0d11.jpg,train
c3206fb3c.jpg,train
c32d6a8c5.jpg,train
c330ba942.jpg,train
c33296732.jpg,train
c33c289a5.jpg,train
c3429572b.jpg,train
c34bf9bec.jpg,train
c34f14586.jpg,train
c3528b146.jpg,train
c357d41a1.jpg,train
c35fa49e2.jpg,train
c374f493e.jpg,train
c38ded308.jpg,train
c38e52b4a.jpg,train
c39185609.jpg,train
c3a2f51d0.jpg,train
c3a93c97a.jpg,train
c3bffce10.jpg,train
c3c091454.jpg,train
c3c2bebd8.jpg,train
c3c47c1c4.jpg,train
c3cae8972.jpg,train
c3d462329.jpg,train
c3d61db2f.jpg,train
c3e823e83.jpg,train
c3ee7a878.jpg,train
c3fc438be.jpg,train
c3ff1a7cd.jpg,train
c3ff6937c.jpg,train
c4042c9f4.jpg,train
c404df4f4.jpg,train
c40a05198.jpg,train
c414ca6fe.jpg,train
c41ca6add.jpg,train
c42076330.jpg,train
c4260033a.jpg,train
c42e40dd9.jpg,train
c4370b942.jpg,train
c4373a6ad.jpg,train
c44015e28.jpg,train
c446fae7d.jpg,train
c44784905.jpg,train
c448a41ee.jpg,train
c44c93192.jpg,train
c4562eb61.jpg,train
c45c92aa2.jpg,train
c45da738a.jpg,train
c480b0e1a.jpg,train
c48774b2c.jpg,train
c487b1ce1.jpg,train
c495e234e.jpg,train
c49d3da1b.jpg,train
c4c004e9d.jpg,train
c4c5b8e2a.jpg,train
c4cde08c3.jpg,train
c4d0af8e1.jpg,train
c4d13072d.jpg,train
c4d5657bc.jpg,train
c4dc92ef9.jpg,train
c4dd4b18b.jpg,train
c4ec74d18.jpg,train
c4f5ebbb2.jpg,train
c4fc6bbdc.jpg,train
c5054fd93.jpg,train
c5094dee9.jpg,train
c50fd5e7b.jpg,train
c51011137.jpg,train
c515ddabf.jpg,train
c51fb3d88.jpg,train
c521c444d.jpg,train
c528593e7.jpg,train
c53423923.jpg,train
c53577f91.jpg,train
c53999687.jpg,train
c539c7336.jpg,train
c5406794b.jpg,train
c543e902b.jpg,train
c54db71af.jpg,train
c54f5ce35.jpg,train
c5615e977.jpg,train
c569ca145.jpg,train
c56baaa61.jpg,train
c56e3ffcb.jpg,train
c571c7c32.jpg,train
c579d8413.jpg,train
c58d3772f.jpg,train
c59bddadd.jpg,train
c5a2172a9.jpg,train
c5a41d53c.jpg,train
c5a43f4e1.jpg,train
c5a65a795.jpg,train
c5a76e581.jpg,train
c5af9872c.jpg,train
c5b08d4e3.jpg,train
c5b0cfd34.jpg,train
c5b83f5b3.jpg,train
c5b9dccf7.jpg,train
c5c88f5ee.jpg,train
c5cd270f2.jpg,train
c5cf9f24e.jpg,train
c5d7c08da.jpg,train
c5d85e8ec.jpg,train
c5da9e8c7.jpg,train
c5dbdf433.jpg,train
c5e2b8fff.jpg,train
c5e69fd8f.jpg,train
c5ee627e2.jpg,train
c5f88471b.jpg,train
c5fccc67c.jpg,train
c609cbe50.jpg,train
c60f92f8b.jpg,train
c61d682a4.jpg,train
c61f973ba.jpg,train
c62b766cc.jpg,train
c62ca3c1f.jpg,train
c62da61d8.jpg,train
c633454bd.jpg,train
c63388081.jpg,train
c635aeb23.jpg,train
c6458c18b.jpg,train
c645ee923.jpg,train
c646462b5.jpg,train
c6510fb5a.jpg,train
c65471f28.jpg,train
c6632541a.jpg,train
c66591b5f.jpg,train
c66ba3e27.jpg,train
c683195bf.jpg,train
c686055be.jpg,train
c695855a7.jpg,train
c6a29f8f0.jpg,train
c6a37a198.jpg,train
c6ad39495.jpg,train
c6af2acac.jpg,train
c6af59abe.jpg,train
c6b51947f.jpg,train
c6bbd2e4f.jpg,train
c6c2fb1c4.jpg,train
c6c4d6ba7.jpg,train
c6c8a3760.jpg,train
c6cac1cac.jpg,train
c6cb040ad.jpg,train
c6cbf9f18.jpg,train
c6d3371a8.jpg,train
c6d849ce2.jpg,train
c6d8f17d0.jpg,train
c6ee10d49.jpg,train
c6ef2006c.jpg,train
c6f74537e.jpg,train
c6f7fe1d2.jpg,train
c704ec6ca.jpg,train
c70599c3a.jpg,train
c70702ea2.jpg,train
c709f2ca6.jpg,train
c71558eac.jpg,train
c720250a2.jpg,train
c7370d3be.jpg,train
c7423a8c8.jpg,train
c746f473d.jpg,train
c74abe00a.jpg,train
c74b2baa5.jpg,train
c75d53df5.jpg,train
c75e6bd36.jpg,train
c7755caf9.jpg,train
c783a9679.jpg,train
c78564801.jpg,train
c78f55508.jpg,train
c79086497.jpg,train
c795455ba.jpg,train
c7a4a7472.jpg,train
c7a631017.jpg,train
c7a7f24d9.jpg,train
c7adf7112.jpg,train
c7aeb9c82.jpg,train
c7af743ef.jpg,train
c7b41dbf4.jpg,train
c7b4afcee.jpg,train
c7b88e40a.jpg,train
c7c7168ae.jpg,train
c7c8c2424.jpg,train
c7d002c29.jpg,train
c7dc8ae5d.jpg,train
c7dca83c0.jpg,train
c7eb26d69.jpg,train
c7edb8625.jpg,train
c7f5f72b0.jpg,train
c7f93d8bd.jpg,train
c7fb9db8c.jpg,train
c7fe435c0.jpg,train
c802d3e11.jpg,train
c80be4ee4.jpg,train
c80f387aa.jpg,train
c811d489f.jpg,train
c8157d623.jpg,train
c81628edc.jpg,train
c81c30ca0.jpg,train
c8216657a.jpg,train
c8330f9d9.jpg,train
c838e1ba6.jpg,train
c83a2e190.jpg,train
c83b606d1.jpg,train
c84c64ac0.jpg,train
c85251430.jpg,train
c85960383.jpg,train
c85dc059a.jpg,train
c85ed5c64.jpg,train
c860271b4.jpg,train
c8642ccd0.jpg,train
c873d7724.jpg,train
c87ca8539.jpg,train
c89490346.jpg,train
c89e96115.jpg,train
c8a11db96.jpg,train
c8b9415d1.jpg,train
c8b9b27b9.jpg,train
c8bb69681.jpg,train
c8c0e5b9d.jpg,train
c8cf3e9bf.jpg,train
c8de313f6.jpg,train
c8e4b3a1e.jpg,train
c8ed5e8ab.jpg,train
c8f2eeaeb.jpg,train
c8f6c1533.jpg,train
c9091ca20.jpg,train
c910e9cbf.jpg,train
c91c7b0ad.jpg,train
c91f6f9ed.jpg,train
c92192495.jpg,train
c92792c38.jpg,train
c92d43a0f.jpg,train
c92d8ef22.jpg,train
c92de07ea.jpg,train
c9358e43f.jpg,train
c9415c620.jpg,train
c94629328.jpg,train
c94938299.jpg,train
c95db6975.jpg,train
c96f172ef.jpg,train
c970d2407.jpg,train
c971ea296.jpg,train
c98404d89.jpg,train
c98702129.jpg,train
c987a8155.jpg,train
c98cafcf4.jpg,train
c98f15480.jpg,train
c992477d4.jpg,train
c99ef85c9.jpg,train
c99ffee7e.jpg,train
c9a28779c.jpg,train
c9a52fbb7.jpg,train
c9a8a25c4.jpg,train
c9ae4cb29.jpg,train
c9b12b9d3.jpg,train
c9c1384be.jpg,train
c9c186f0b.jpg,train
c9c5c1bdc.jpg,train
c9c7d9ddb.jpg,train
c9d24ef83.jpg,train
c9d2f6b05.jpg,train
c9e0634d0.jpg,train
c9f73af1b.jpg,train
c9fb9abd9.jpg,train
ca026733c.jpg,train
ca02e9e92.jpg,train
ca19b9c48.jpg,train
ca1ba152c.jpg,train
ca2aeb52a.jpg,train
ca30909ec.jpg,train
ca32966ae.jpg,train
ca3372f43.jpg,train
ca3a80cea.jpg,train
ca3f209ad.jpg,train
ca492d6f1.jpg,train
ca520c90f.jpg,train
ca55df343.jpg,train
ca5709ed8.jpg,train
ca609ece8.jpg,train
ca65e7cbe.jpg,train
ca6b5420f.jpg,train
ca6b7eb23.jpg,train
ca850ca04.jpg,train
ca98e7a24.jpg,train
ca9d7749b.jpg,train
caab1635c.jpg,train
caab76443.jpg,train
caaf0535e.jpg,train
cab4a0c41.jpg,train
cac09c825.jpg,train
cac7e2298.jpg,train
cadf3a94f.jpg,train
cae8be92c.jpg,train
caead5f75.jpg,train
caf1289d0.jpg,train
caf2ca4e0.jpg,train
caf3be05f.jpg,train
caf49d870.jpg,train
caf83e426.jpg,train
cb094c2cb.jpg,train
cb18e0f90.jpg,train
cb1f7d883.jpg,train
cb2b5cbbe.jpg,train
cb2dee2dd.jpg,train
cb2f34991.jpg,train
cb3155db9.jpg,train
cb37fc190.jpg,train
cb383b2f7.jpg,train
cb3ba3c45.jpg,train
cb3e3974d.jpg,train
cb4d72e56.jpg,train
cb4f01ce6.jpg,train
cb53b96ce.jpg,train
cb6fa8f89.jpg,train
cb70a10d6.jpg,train
cb7a45fa6.jpg,train
cb7bc1d2b.jpg,train
cb7c34c05.jpg,train
cb933c3e8.jpg,train
cb93f342e.jpg,train
cb95ba6d9.jpg,train
cb9991b64.jpg,train
cb9c3d622.jpg,train
cb9e7a337.jpg,train
cb9f5e3fc.jpg,train
cb9fe5699.jpg,train
cba8dc603.jpg,train
cbb495392.jpg,train
cbb659739.jpg,train
cbba0f365.jpg,train
cbbe86379.jpg,train
cbc2172be.jpg,train
cbc433467.jpg,train
cbc860446.jpg,train
cbcd45716.jpg,train
cbd13f6da.jpg,train
cbd1444bd.jpg,train
cbd27127f.jpg,train
cbd4afcc0.jpg,train
cbd81d5c5.jpg,train
cbdb0828d.jpg,train
cbe07eb15.jpg,train
cbe5423d0.jpg,train
cbf837e30.jpg,train
cbfbf3686.jpg,train
cbfeaed02.jpg,train
cc00b69e7.jpg,train
cc0113d2c.jpg,train
cc02b6f5a.jpg,train
cc0723fde.jpg,train
cc0bf97cf.jpg,train
cc0df4327.jpg,train
cc21f2f40.jpg,train
cc3b99f17.jpg,train
cc4f577af.jpg,train
cc59639b2.jpg,train
cc5bae861.jpg,train
cc5f6debe.jpg,train
cc7c66720.jpg,train
cc82046b0.jpg,train
cc897a7fe.jpg,train
cc93ff156.jpg,train
cc979e0ef.jpg,train
cc9c8cb56.jpg,train
cc9e159dd.jpg,train
ccbd751f2.jpg,train
ccbeeb18a.jpg,train
ccd0ad960.jpg,train
ccd5a9004.jpg,train
ccd8a89ee.jpg,train
ccd94dc85.jpg,train
cceb73e77.jpg,train
ccef0f068.jpg,train
ccf39a604.jpg,train
cd04164a0.jpg,train
cd042da54.jpg,train
cd0c2417f.jpg,train
cd14c73db.jpg,train
cd23a468a.jpg,train
cd23d4841.jpg,train
cd2ac68a2.jpg,train
cd2afa0c5.jpg,train
cd38fd93a.jpg,train
cd3b9899c.jpg,train
cd3c9a39d.jpg,train
cd3cb2083.jpg,train
cd465dc7d.jpg,train
cd475d2a3.jpg,train
cd4a71d17.jpg,train
cd4bd2cca.jpg,train
cd4cd2c97.jpg,train
cd52bfb5a.jpg,train
cd59b3ff5.jpg,train
cd5b14850.jpg,train
cd634f053.jpg,train
cd6365314.jpg,train
cd64c39a7.jpg,train
cd662eda7.jpg,train
cd66a2861.jpg,train
cd7186a59.jpg,train
cd78d5408.jpg,train
cd7d5af6d.jpg,train
cd7f7f904.jpg,train
cd835f121.jpg,train
cd8bf9803.jpg,train
cd914e3f8.jpg,train
cd940e191.jpg,train
cda956cd7.jpg,train
cdac57fe4.jpg,train
cdb3a875b.jpg,train
cdb6b6c23.jpg,train
cdbc4d8ec.jpg,train
cdbc80c3d.jpg,train
cdc029021.jpg,train
cdc267505.jpg,train
cdc4a0cf8.jpg,train
cdd3113af.jpg,train
cddba1672.jpg,train
cde989d95.jpg,train
cdef07364.jpg,train
cdf44eab9.jpg,train
cdf523bf0.jpg,train
cdfc07953.jpg,train
ce02060b9.jpg,train
ce02c322e.jpg,train
ce05c2c3f.jpg,train
ce067d78c.jpg,train
ce0697dee.jpg,train
ce06d92b1.jpg,train
ce0b7102f.jpg,train
ce11ffd78.jpg,train
ce13a3739.jpg,train
ce1988f13.jpg,train
ce22cd852.jpg,train
ce32285f5.jpg,train
ce330fd8a.jpg,train
ce34adc8c.jpg,train
ce3818dfd.jpg,train
ce408e4bc.jpg,train
ce42693fb.jpg,train
ce43bdd06.jpg,train
ce44910a4.jpg,train
ce54cb872.jpg,train
ce58cf8e1.jpg,train
ce5f0cec3.jpg,train
ce61b565b.jpg,train
ce6358d6f.jpg,train
ce68af0bf.jpg,train
ce71311e1.jpg,train
ce72a126f.jpg,train
ce7570214.jpg,train
ce7dd1fac.jpg,train
ce817d720.jpg,train
ce8a0a234.jpg,train
ce8c0267e.jpg,train
ce8da6d72.jpg,train
ce93931e9.jpg,train
cea2ea962.jpg,train
ceab96202.jpg,train
ceae95bea.jpg,train
ceba9dc16.jpg,train
cebdada28.jpg,train
cec71df2a.jpg,train
cececa61c.jpg,train
ced4439da.jpg,train
ced626afb.jpg,train
cede14189.jpg,train
cedf1a460.jpg,train
cee5fab38.jpg,train
cee644043.jpg,train
cee6f5bec.jpg,train
ceeab1c90.jpg,train
cef5ff47d.jpg,train
cefae46dd.jpg,train
cefbcc992.jpg,train
cf048c9d2.jpg,train
cf06584db.jpg,train
cf1152c44.jpg,train
cf29a866a.jpg,train
cf2af7292.jpg,train
cf2c7e42c.jpg,train
cf3589519.jpg,train
cf37ed7ca.jpg,train
cf384e2e4.jpg,train
cf4008024.jpg,train
cf45f7a4a.jpg,train
cf5231a23.jpg,train
cf5a6b951.jpg,train
cf5e8eb2c.jpg,train
cf7dbc448.jpg,train
cf853b06f.jpg,train
cf85856f2.jpg,train
cf86d1632.jpg,train
cf938dcaa.jpg,train
cfc00dc7f.jpg,train
cfcd8a44e.jpg,train
cfe40128c.jpg,train
cfedba84c.jpg,train
cff20dde9.jpg,train
cff387e60.jpg,train
cff9230ae.jpg,train
cffc0e85b.jpg,train
d002b93da.jpg,train
d01d3e444.jpg,train
d0274160d.jpg,train
d02f1b229.jpg,train
d0328c686.jpg,train
d03dd68d9.jpg,train
d04b0722b.jpg,train
d04e02d1f.jpg,train
d0557935f.jpg,train
d0566a76a.jpg,train
d0577e299.jpg,train
d0578ca87.jpg,train
d06052fa8.jpg,train
d068f2cd9.jpg,train
d07524f7c.jpg,train
d075922ef.jpg,train
d07afd5bf.jpg,train
d081c88b5.jpg,train
d0a4de7c8.jpg,train
d0a956f92.jpg,train
d0aa4a6df.jpg,train
d0ab4f210.jpg,train
d0b18f33e.jpg,train
d0b234faa.jpg,train
d0ba35b7f.jpg,train
d0cf465a8.jpg,train
d0da68d07.jpg,train
d0dde3c93.jpg,train
d0efba2d6.jpg,train
d0f88f6d2.jpg,train
d0fa0e7d6.jpg,train
d0fb25531.jpg,train
d103df723.jpg,train
d10c885f3.jpg,train
d11130898.jpg,train
d111e8715.jpg,train
d1202c95e.jpg,train
d1267facd.jpg,train
d127abcc8.jpg,train
d12cfc50a.jpg,train
d12e3a4dc.jpg,train
d13688eac.jpg,train
d137859d1.jpg,train
d13d67029.jpg,train
d142b7f92.jpg,train
d14c9c6e6.jpg,train
d15823291.jpg,train
d160b5de3.jpg,train
d169e1b81.jpg,train
d174d21ae.jpg,train
d178d246a.jpg,train
d17a26f0c.jpg,train
d183a7238.jpg,train
d1886af80.jpg,train
d1890b5e7.jpg,train
d18bec611.jpg,train
d194687f4.jpg,train
d1987c227.jpg,train
d19e7a3c2.jpg,train
d1a618e4f.jpg,train
d1a774781.jpg,train
d1aaada08.jpg,train
d1ac060b3.jpg,train
d1ba24779.jpg,train
d1bc386ce.jpg,train
d1cd969d5.jpg,train
d1cea465b.jpg,train
d1cfa9327.jpg,train
d1dc95b58.jpg,train
d1dd9098c.jpg,train
d1e1bf13e.jpg,train
d1e9e969f.jpg,train
d1fdc8367.jpg,train
d20bb7f7b.jpg,train
d20ee0a9b.jpg,train
d2133ec61.jpg,train
d21be4a4b.jpg,train
d23373fe5.jpg,train
d238605c1.jpg,train
d2391cadf.jpg,train
d239a83c4.jpg,train
d23a1bdc9.jpg,train
d23d243cc.jpg,train
d245c4e7f.jpg,train
d246ea324.jpg,train
d250196f8.jpg,train
d251e9992.jpg,train
d25356a51.jpg,train
d25a9387d.jpg,train
d2649178a.jpg,train
d2670190d.jpg,train
d267355be.jpg,train
d26ead1d8.jpg,train
d27ccc7d1.jpg,train
d283f3744.jpg,train
d28dc89f1.jpg,train
d28e2e457.jpg,train
d291f8de6.jpg,train
d2938b2af.jpg,train
d2945fc9f.jpg,train
d2a854e69.jpg,train
d2bbde0a4.jpg,train
d2bf41a92.jpg,train
d2c14891a.jpg,train
d2dbe0265.jpg,train
d2e68511e.jpg,train
d2e7ba266.jpg,train
d2e980156.jpg,train
d2f07a8db.jpg,train
d2f6c8fa2.jpg,train
d2fd4e0d5.jpg,train
d3034da7a.jpg,train
d3053d477.jpg,train
d30ad2e83.jpg,train
d3162c193.jpg,train
d32cc0a14.jpg,train
d32f48999.jpg,train
d335a12b1.jpg,train
d3369b607.jpg,train
d3478f166.jpg,train
d34f96af3.jpg,train
d352c88ea.jpg,train
d35fb7129.jpg,train
d36a3a7a8.jpg,train
d36c6b5ec.jpg,train
d36deb533.jpg,train
d36df54f6.jpg,train
d3705e767.jpg,train
d37231205.jpg,train
d37c88411.jpg,train
d37fb426f.jpg,train
d38405dce.jpg,train
d38a0784b.jpg,train
d3a0a3378.jpg,train
d3b2a00de.jpg,train
d3ba7a242.jpg,train
d3c436e76.jpg,train
d3ce7af90.jpg,train
d3d2df811.jpg,train
d3d6d9b6a.jpg,train
d3e44d1b4.jpg,train
d3e7c7c17.jpg,train
d3f297e2d.jpg,train
d407563d4.jpg,train
d41b69a83.jpg,train
d422920e3.jpg,train
d426f0d76.jpg,train
d43062a18.jpg,train
d4387afd3.jpg,train
d43c06a93.jpg,train
d442be7a6.jpg,train
d444fedff.jpg,train
d4458a6bb.jpg,train
d449eeae4.jpg,train
d44db82d2.jpg,train
d451b5308.jpg,train
d452dff24.jpg,train
d46866225.jpg,train
d47afce21.jpg,train
d47dfa0e4.jpg,train
d47e33408.jpg,train
d48178eaa.jpg,train
d482f0159.jpg,train
d4841f891.jpg,train
d484c6454.jpg,train
d48b223c7.jpg,train
d4932b31a.jpg,train
d4935dbfe.jpg,train
d497baf53.jpg,train
d4a504f7c.jpg,train
d4a80d75f.jpg,train
d4aeee4c8.jpg,train
d4af6d206.jpg,train
d4b242b2a.jpg,train
d4c0b4c3b.jpg,train
d4ce2a21d.jpg,train
d4da4dc47.jpg,train
d4df89ff9.jpg,train
d4e26768d.jpg,train
d4f486ee1.jpg,train
d4f7f47eb.jpg,train
d4fc42b43.jpg,train
d50164a40.jpg,train
d501fc917.jpg,train
d50c2bbae.jpg,train
d50ea5181.jpg,train
d51288846.jpg,train
d5133ffca.jpg,train
d51a45df9.jpg,train
d51ea5c21.jpg,train
d520b53fa.jpg,train
d52150d70.jpg,train
d525bc38a.jpg,train
d52f44bd0.jpg,train
d531d3070.jpg,train
d5345c3da.jpg,train
d5353adfc.jpg,train
d535c41bf.jpg,train
d5425f5f5.jpg,train
d54e6eb82.jpg,train
d557c4ee7.jpg,train
d55dd8719.jpg,train
d56eec590.jpg,train
d571030d2.jpg,train
d572dc596.jpg,train
d57629343.jpg,train
d57873aaa.jpg,train
d57d0d3d1.jpg,train
d585a6acc.jpg,train
d588537b9.jpg,train
d58a16a93.jpg,train
d58b336d8.jpg,train
d598af62f.jpg,train
d598d9bef.jpg,train
d59b4476a.jpg,train
d5a1067a2.jpg,train
d5a746371.jpg,train
d5a7bd3de.jpg,train
d5b0b7372.jpg,train
d5b2ba152.jpg,train
d5b346386.jpg,train
d5b37beb7.jpg,train
d5b5a1a10.jpg,train
d5b6bb4bb.jpg,train
d5d024e03.jpg,train
d5d900def.jpg,train
d5e8af85b.jpg,train
d5f7cde8a.jpg,train
d5f86c715.jpg,train
d5ff65cd6.jpg,train
d6039d5d3.jpg,train
d606a3bc4.jpg,train
d60caeae2.jpg,train
d60d97779.jpg,train
d6102d7d2.jpg,train
d614b65db.jpg,train
d61dca6c7.jpg,train
d62bdbfa6.jpg,train
d62c3879c.jpg,train
d636cbd42.jpg,train
d6577ddc1.jpg,train
d65ad4cfa.jpg,train
d65b30b32.jpg,train
d65fc70b5.jpg,train
d66219b6a.jpg,train
d6674b01e.jpg,train
d66b6be33.jpg,train
d67745c5b.jpg,train
d6777d642.jpg,train
d67f4b258.jpg,train
d68320987.jpg,train
d68408f44.jpg,train
d685dc83f.jpg,train
d68b1117c.jpg,train
d68f45dc5.jpg,train
d691b03b6.jpg,train
d69cd7557.jpg,train
d6a450631.jpg,train
d6b6434e5.jpg,train
d6be92c8c.jpg,train
d6c91e8e7.jpg,train
d6cecaebc.jpg,train
d6d275bb5.jpg,train
d6d2ca6e1.jpg,train
d6d3224d2.jpg,train
d6d71b8ec.jpg,train
d6d78fa78.jpg,train
d6dab923a.jpg,train
d6dd8245a.jpg,train
d6de5f24f.jpg,train
d6deb1f35.jpg,train
d6f5d9247.jpg,train
d6f74b2a0.jpg,train
d6f8c31a2.jpg,train
d6ff87222.jpg,train
d706e7f5e.jpg,train
d708fbaa0.jpg,train
d717541d8.jpg,train
d717685ea.jpg,train
d71e73d6f.jpg,train
d7221e8ce.jpg,train
d72237bd5.jpg,train
d74442547.jpg,train
d7446a2b2.jpg,train
d74c7c967.jpg,train
d75725fc3.jpg,train
d75bc6f97.jpg,train
d7608fbdb.jpg,train
d762461d5.jpg,train
d767630fe.jpg,train
d7686d307.jpg,train
d773ff10c.jpg,train
d7749f865.jpg,train
d77a3d70e.jpg,train
d784bd04b.jpg,train
d78e97810.jpg,train
d7939330f.jpg,train
d79e948c4.jpg,train
d7a6b31ea.jpg,train
d7a966551.jpg,train
d7af729ba.jpg,train
d7b0f2130.jpg,train
d7b55e108.jpg,train
d7b5d31e5.jpg,train
d7bd3c79c.jpg,train
d7c2c6ba8.jpg,train
d7c3e7334.jpg,train
d7c4cd2dd.jpg,train
d7c560ed5.jpg,train
d7c5eab80.jpg,train
d7c7e1747.jpg,train
d7dba3a05.jpg,train
d7e693160.jpg,train
d7eb453fe.jpg,train
d7f6f26c4.jpg,train
d7fc606cd.jpg,train
d802b10c5.jpg,train
d806c4bd6.jpg,train
d808c5310.jpg,train
d80ccc3d8.jpg,train
d80d59653.jpg,train
d812de018.jpg,train
d81776111.jpg,train
d81eb8a93.jpg,train
d820dc2dd.jpg,train
d8254a8ee.jpg,train
d8255f13a.jpg,train
d836aca54.jpg,train
d84ad849e.jpg,train
d85c49519.jpg,train
d85d973bd.jpg,train
d85e86732.jpg,train
d85f94a97.jpg,train
d86727f32.jpg,train
d869026cd.jpg,train
d86b373f5.jpg,train
d86b4b652.jpg,train
d8907a2aa.jpg,train
d8a2472a7.jpg,train
d8a7f9cab.jpg,train
d8a8fed32.jpg,train
d8aeec2d5.jpg,train
d8b6334f7.jpg,train
d8bdca735.jpg,train
d8be02bfa.jpg,train
d8c10c73f.jpg,train
d8c29060a.jpg,train
d8cc693b1.jpg,train
d8ce6ab59.jpg,train
d8cf18d6b.jpg,train
d8d7851ee.jpg,train
d8dbdc59e.jpg,train
d8e11064e.jpg,train
d8e21a2ae.jpg,train
d8e384009.jpg,train
d8e9d10b6.jpg,train
d8f40c205.jpg,train
d8f5a6706.jpg,train
d8fe48b12.jpg,train
d9038cc42.jpg,train
d90687600.jpg,train
d9077b7f2.jpg,train
d91c205e6.jpg,train
d9285f64c.jpg,train
d930342a1.jpg,train
d931d995f.jpg,train
d9378a0a0.jpg,train
d94082fe6.jpg,train
d94942d60.jpg,train
d95598b3a.jpg,train
d95b18cf8.jpg,train
d963739c3.jpg,train
d96428a9e.jpg,train
d9697c9ab.jpg,train
d96a243a2.jpg,train
d96c0e264.jpg,train
d97933f5f.jpg,train
d97ec0357.jpg,train
d9845d7ae.jpg,train
d98592ff2.jpg,train
d98664198.jpg,train
d989f3b29.jpg,train
d99f9f7ac.jpg,train
d9a3af776.jpg,train
d9a5c3aae.jpg,train
d9a63b372.jpg,train
d9aa04f0f.jpg,train
d9acdf5cd.jpg,train
d9bfea1ea.jpg,train
d9ce68f4f.jpg,train
d9d94945c.jpg,train
d9d9f2b25.jpg,train
d9e856cff.jpg,train
d9efa06f0.jpg,train
d9fb2247f.jpg,train
d9fc7e2f2.jpg,train
da0262fcf.jpg,train
da0dfd191.jpg,train
da1cc77a7.jpg,train
da20fe743.jpg,train
da2c63b68.jpg,train
da2ee0937.jpg,train
da3d96f2f.jpg,train
da42cc9c1.jpg,train
da505edce.jpg,train
da515d6df.jpg,train
da522f333.jpg,train
da55b8d85.jpg,train
da57134fa.jpg,train
da5d7e692.jpg,train
da6fb7dc1.jpg,train
da730ca91.jpg,train
da800944b.jpg,train
da8ace073.jpg,train
dab5666d9.jpg,train
dabbc106c.jpg,train
dac8a53f7.jpg,train
dac8b95fb.jpg,train
dac8bf38a.jpg,train
daeb19735.jpg,train
daeea39b1.jpg,train
daf0cb98c.jpg,train
daf2897e4.jpg,train
daf330a10.jpg,train
dafaf1165.jpg,train
db03ee270.jpg,train
db0547371.jpg,train
db064ce4a.jpg,train
db1203cf7.jpg,train
db17c18f9.jpg,train
db17f3e99.jpg,train
db1b35480.jpg,train
db1b6f6b5.jpg,train
db1c5b4f7.jpg,train
db2d6da08.jpg,train
db3531bcf.jpg,train
db37f7aee.jpg,train
db3d85bc9.jpg,train
db4716807.jpg,train
db4867ee8.jpg,train
db5241f19.jpg,train
db5aabcb0.jpg,train
db5dd1ed3.jpg,train
db62a970a.jpg,train
db6b86601.jpg,train
db6f3871b.jpg,train
db749e5a8.jpg,train
db7670e3e.jpg,train
db82efbd9.jpg,train
db8942667.jpg,train
db89feeba.jpg,train
db8b09f05.jpg,train
db9a3c664.jpg,train
db9a5ede4.jpg,train
dba57b15f.jpg,train
dbac90dc5.jpg,train
dbb8a1051.jpg,train
dbc93dc99.jpg,train
dbcd9e81c.jpg,train
dbd727558.jpg,train
dbd7f1a99.jpg,train
dbe26ec70.jpg,train
dbe2d92ec.jpg,train
dbe3f3192.jpg,train
dbe808a3d.jpg,train
dbed55a94.jpg,train
dbfb99099.jpg,train
dc03b4f94.jpg,train
dc0c6c0de.jpg,train
dc0fc027e.jpg,train
dc1acc527.jpg,train
dc2b020ba.jpg,train
dc319912e.jpg,train
dc3740c5c.jpg,train
dc3959c7b.jpg,train
dc4900cb3.jpg,train
dc499be11.jpg,train
dc5110311.jpg,train
dc58fa33b.jpg,train
dc59b5377.jpg,train
dc5e7f2c8.jpg,train
dc5f711fa.jpg,train
dc6028399.jpg,train
dc607256d.jpg,train
dc636ab48.jpg,train
dc66cdc19.jpg,train
dc67d78bf.jpg,train
dc6bc2963.jpg,train
dc702eb04.jpg,train
dc7c4b465.jpg,train
dc815052a.jpg,train
dc845f534.jpg,train
dc8e7690a.jpg,train
dca8e6597.jpg,train
dcb12d9cc.jpg,train
dcb3d23c8.jpg,train
dcc2e4f93.jpg,train
dcc3c7a50.jpg,train
dcc794850.jpg,train
dccad1675.jpg,train
dccd32def.jpg,train
dcd1ff127.jpg,train
dcd2b0763.jpg,train
dcd6231d8.jpg,train
dce018412.jpg,train
dce70d399.jpg,train
dcebef38e.jpg,train
dcf0a3a06.jpg,train
dcf78e7eb.jpg,train
dcfd9b8c4.jpg,train
dd1088aa8.jpg,train
dd154baf9.jpg,train
dd1683e7b.jpg,train
dd172eb82.jpg,train
dd175c50c.jpg,train
dd2390317.jpg,train
dd2c992b2.jpg,train
dd2f53d43.jpg,train
dd3306311.jpg,train
dd345169c.jpg,train
dd39e9c31.jpg,train
dd3bf4f47.jpg,train
dd3efb748.jpg,train
dd41bdd9e.jpg,train
dd4364aa4.jpg,train
dd441d6a0.jpg,train
dd44675da.jpg,train
dd4508ac4.jpg,train
dd488d695.jpg,train
dd72a8eef.jpg,train
dd74ce9d1.jpg,train
dd7ddd0a8.jpg,train
dd7fcaf4e.jpg,train
dd8af6471.jpg,train
dd8df432e.jpg,train
dd8e822bb.jpg,train
dd939d22f.jpg,train
dd975164a.jpg,train
dd97d4b45.jpg,train
dd9e0257b.jpg,train
ddb6adb93.jpg,train
ddc1ce35c.jpg,train
ddca3e643.jpg,train
ddce2a301.jpg,train
dddb213a1.jpg,train
dde1f8ad2.jpg,train
ddef064ae.jpg,train
ddf1692c2.jpg,train
de001c4e1.jpg,train
de049d393.jpg,train
de087910f.jpg,train
de114dfdd.jpg,train
de144dd49.jpg,train
de1983d54.jpg,train
de1ca5185.jpg,train
de1f2b234.jpg,train
de3037e2a.jpg,train
de37ca856.jpg,train
de3e52e11.jpg,train
de3feffe8.jpg,train
de4a7df6e.jpg,train
de50ea03d.jpg,train
de5a08726.jpg,train
de6c85c29.jpg,train
de7529941.jpg,train
de7ccd490.jpg,train
de7e1bfcb.jpg,train
de7eb4006.jpg,train
de85a0a75.jpg,train
de8718f9d.jpg,train
de89591c4.jpg,train
de8aa269b.jpg,train
de90cb5f1.jpg,train
de964f1e4.jpg,train
de9737017.jpg,train
de9ce7271.jpg,train
dea277f4a.jpg,train
dea514023.jpg,train
dea52fa7a.jpg,train
deaa30604.jpg,train
deb688828.jpg,train
deb855665.jpg,train
debacdfce.jpg,train
dec7344c8.jpg,train
deca512a1.jpg,train
ded3e76e3.jpg,train
ded434019.jpg,train
ded5c87e8.jpg,train
dedd68ca3.jpg,train
dee367c77.jpg,train
def010af5.jpg,train
def2ac19d.jpg,train
def2e3f57.jpg,train
def2ff0c5.jpg,train
defcae4cc.jpg,train
defee8509.jpg,train
deff23782.jpg,train
df0168063.jpg,train
df0430717.jpg,train
df052e6d3.jpg,train
df17684d1.jpg,train
df233f70a.jpg,train
df3241f54.jpg,train
df404d739.jpg,train
df4b00e66.jpg,train
df4d01acb.jpg,train
df501d7c9.jpg,train
df55b085a.jpg,train
df562f187.jpg,train
df5c68422.jpg,train
df5fa0c40.jpg,train
df656b199.jpg,train
df6e8da02.jpg,train
df70a7e07.jpg,train
df7597610.jpg,train
df76ae5b5.jpg,train
df79cce6c.jpg,train
df8db80e1.jpg,train
df8e56f94.jpg,train
df917bee3.jpg,train
df957cf27.jpg,train
df997913a.jpg,train
df9f30a8f.jpg,train
dfbd6656a.jpg,train
dfc895f18.jpg,train
dfc9f643d.jpg,train
dfcbbe004.jpg,train
dfd0385e1.jpg,train
dfd8a544d.jpg,train
dff0b1993.jpg,train
dff1d028a.jpg,train
dff8ecef4.jpg,train
dffdd2aba.jpg,train
e00119994.jpg,train
e003d691f.jpg,train
e00ad65a3.jpg,train
e013286ef.jpg,train
e02ffc95b.jpg,train
e03364e95.jpg,train
e0354613c.jpg,train
e036add44.jpg,train
e03bf53d8.jpg,train
e047325fc.jpg,train
e04be8eca.jpg,train
e04f1f2a6.jpg,train
e04f5c163.jpg,train
e0524919c.jpg,train
e0546380b.jpg,train
e054a983d.jpg,train
e055a603c.jpg,train
e055afd50.jpg,train
e0593f542.jpg,train
e06eb8f50.jpg,train
e06ffc6cb.jpg,train
e078bff60.jpg,train
e07c94229.jpg,train
e07f3eb4b.jpg,train
e097b9586.jpg,train
e09da86ae.jpg,train
e09fc9a60.jpg,train
e0a10c8dc.jpg,train
e0a16fca0.jpg,train
e0a29a9da.jpg,train
e0ad8fed3.jpg,train
e0b3e7b3f.jpg,train
e0bbfc7b9.jpg,train
e0c12a442.jpg,train
e0c2546c3.jpg,train
e0c5c05ad.jpg,train
e0cc2a416.jpg,train
e0cf5558b.jpg,train
e0eade7b1.jpg,train
e0eefb4a2.jpg,train
e0ef5458c.jpg,train
e0f80254f.jpg,train
e0fc2a4c2.jpg,train
e11ed6a65.jpg,train
e11fba57d.jpg,train
e12136afc.jpg,train
e122028b3.jpg,train
e1260600a.jpg,train
e1295bfa5.jpg,train
e131b10b3.jpg,train
e1375b0a1.jpg,train
e13c443d5.jpg,train
e13c54eb6.jpg,train
e13e952d1.jpg,train
e1560e1d0.jpg,train
e15a18c3e.jpg,train
e1662a8c3.jpg,train
e16b7d494.jpg,train
e1727840b.jpg,train
e1811b98f.jpg,train
e18358461.jpg,train
e195c6b17.jpg,train
e19dec218.jpg,train
e1a1a00a7.jpg,train
e1a9e7c49.jpg,train
e1aec490e.jpg,train
e1b97f71c.jpg,train
e1bc34727.jpg,train
e1bf6b458.jpg,train
e1e0a91b8.jpg,train
e1eaea5df.jpg,train
e1f08c59c.jpg,train
e2037da93.jpg,train
e215c6958.jpg,train
e225d313b.jpg,train
e22b3105b.jpg,train
e22c8bee8.jpg,train
e23f2d103.jpg,train
e24be9ec4.jpg,train
e2512d5f4.jpg,train
e252d3c98.jpg,train
e2793bad2.jpg,train
e279406f9.jpg,train
e29a708e0.jpg,train
e29d6c141.jpg,train
e29f1a47a.jpg,train
e2abceace.jpg,train
e2b3cf9a4.jpg,train
e2bdd4236.jpg,train
e2c071661.jpg,train
e2c203a0f.jpg,train
e2c3cb4ec.jpg,train
e2c3eb1ff.jpg,train
e2c4275d6.jpg,train
e2cc5ba4f.jpg,train
e2d02393b.jpg,train
e2d64c010.jpg,train
e2d7cf5a9.jpg,train
e2ec0b2fc.jpg,train
e2f3d138a.jpg,train
e2f601a45.jpg,train
e30a322d7.jpg,train
e30ea20d9.jpg,train
e3134b6c1.jpg,train
e3143c8d2.jpg,train
e31906f91.jpg,train
e31ec1eb2.jpg,train
e31f8c3de.jpg,train
e3279f86e.jpg,train
e32bb7b41.jpg,train
e32bba07f.jpg,train
e32dfbf22.jpg,train
e33294689.jpg,train
e335e17b2.jpg,train
e336d67b7.jpg,train
e3485d08f.jpg,train
e3497bffb.jpg,train
e34f68168.jpg,train
e35988507.jpg,train
e364fb7b7.jpg,train
e36a70d40.jpg,train
e385380e1.jpg,train
e387ce326.jpg,train
e38fb8774.jpg,train
e39c0bbac.jpg,train
e39ce3e34.jpg,train
e3adffbc1.jpg,train
e3c8b3a70.jpg,train
e3cb41559.jpg,train
e3d92bcc1.jpg,train
e3ef636f3.jpg,train
e3f979ef5.jpg,train
e3fe831b7.jpg,train
e401b6539.jpg,train
e40b5fde7.jpg,train
e414bb64e.jpg,train
e4173df9a.jpg,train
e42311f08.jpg,train
e430d4f76.jpg,train
e4329f291.jpg,train
e43a0ca28.jpg,train
e43b67340.jpg,train
e4547788b.jpg,train
e461fe709.jpg,train
e4645dffc.jpg,train
e46526f80.jpg,train
e47028cb2.jpg,train
e473f2647.jpg,train
e475fb44e.jpg,train
e479a2e88.jpg,train
e481c68fd.jpg,train
e482bf630.jpg,train
e48411a83.jpg,train
e490e1b5b.jpg,train
e4911993d.jpg,train
e493a8167.jpg,train
e49407f6c.jpg,train
e495d5456.jpg,train
e4a08cef1.jpg,train
e4a7202d9.jpg,train
e4acd9063.jpg,train
e4b71594a.jpg,train
e4c674de4.jpg,train
e4c74d00a.jpg,train
e4c9c8ab3.jpg,train
e4d2933d9.jpg,train
e4d59620c.jpg,train
e4d934562.jpg,train
e4d9efbaa.jpg,train
e4da37c1e.jpg,train
e4dffa21c.jpg,train
e4e9700de.jpg,train
e4f4ee905.jpg,train
e4f959925.jpg,train
e4fe95209.jpg,train
e4ffb90cb.jpg,train
e514a96ce.jpg,train
e518fa6aa.jpg,train
e51c76beb.jpg,train
e523f2341.jpg,train
e529500db.jpg,train
e52f2f2de.jpg,train
e5396a44e.jpg,train
e55bc715f.jpg,train
e564abf31.jpg,train
e56c928ee.jpg,train
e56d5dfde.jpg,train
e56f52c1e.jpg,train
e573261f9.jpg,train
e573ac857.jpg,train
e57c6ff76.jpg,train
e57efd4b4.jpg,train
e5875ecbd.jpg,train
e589cb68b.jpg,train
e58d23f69.jpg,train
e59ee3b8e.jpg,train
e5a59184b.jpg,train
e5acd8af8.jpg,train
e5b65b5ec.jpg,train
e5c50b997.jpg,train
e5cc898b6.jpg,train
e5ccbb1b8.jpg,train
e5dc1f3a9.jpg,train
e5dd1ea97.jpg,train
e5dfaf632.jpg,train
e5e0fe470.jpg,train
e5ea04944.jpg,train
e5f1d5a38.jpg,train
e5f9a5bb9.jpg,train
e60c46d38.jpg,train
e6123fb08.jpg,train
e616ad745.jpg,train
e616d2879.jpg,train
e622e319f.jpg,train
e626f4152.jpg,train
e628d230c.jpg,train
e63a509d7.jpg,train
e63aa9aaa.jpg,train
e63ad114c.jpg,train
e642dfc8d.jpg,train
e658a2891.jpg,train
e658c360c.jpg,train
e65c374a9.jpg,train
e65e78f68.jpg,train
e6654d18f.jpg,train
e667de6f9.jpg,train
e669ef644.jpg,train
e66eb3d68.jpg,train
e66f146bd.jpg,train
e67d2a5b6.jpg,train
e685f521b.jpg,train
e6866fc42.jpg,train
e690329c1.jpg,train
e696ac71b.jpg,train
e6ac69712.jpg,train
e6ae8285e.jpg,train
e6b97f991.jpg,train
e6bf58db7.jpg,train
e6c0fca2a.jpg,train
e6c277ee2.jpg,train
e6c32de72.jpg,train
e6c67a7f2.jpg,train
e6c89d5fd.jpg,train
e6c97a0fe.jpg,train
e6c9dba7f.jpg,train
e6d535148.jpg,train
e6d66fce2.jpg,train
e6da1179b.jpg,train
e6f273c0f.jpg,train
e6f8789d6.jpg,train
e6f9e427b.jpg,train
e6fd24165.jpg,train
e6feea803.jpg,train
e7016d2fe.jpg,train
e7047e396.jpg,train
e715ab77a.jpg,train
e717b8fb9.jpg,train
e717ccca6.jpg,train
e7268620b.jpg,train
e72dc1d19.jpg,train
e72f4f080.jpg,train
e736e9daf.jpg,train
e73e6271d.jpg,train
e741e43bd.jpg,train
e744a55c6.jpg,train
e74522431.jpg,train
e745c7388.jpg,train
e74cf51d9.jpg,train
e75c7bbd9.jpg,train
e75d92916.jpg,train
e7634e770.jpg,train
e764efaa9.jpg,train
e76e3e8a5.jpg,train
e7758b305.jpg,train
e77710d02.jpg,train
e77ab758f.jpg,train
e77d57652.jpg,train
e78a524d2.jpg,train
e78fbf89f.jpg,train
e7916b283.jpg,train
e7aa7746f.jpg,train
e7aff0392.jpg,train
e7b061629.jpg,train
e7bfb9172.jpg,train
e7c3d93b7.jpg,train
e7c69aea5.jpg,train
e7c8bb535.jpg,train
e7c915edc.jpg,train
e7ca69c59.jpg,train
e7deb929f.jpg,train
e7e2036ef.jpg,train
e7e3c3df2.jpg,train
e7e8fd526.jpg,train
e7eebb438.jpg,train
e7f6f95c4.jpg,train
e7fb372da.jpg,train
e806a6fd3.jpg,train
e808d020e.jpg,train
e81458200.jpg,train
e816d6d9a.jpg,train
e81ee8548.jpg,train
e8226144f.jpg,train
e831de714.jpg,train
e837ab860.jpg,train
e83d27de8.jpg,train
e840cf262.jpg,train
e848a32dd.jpg,train
e850c3a86.jpg,train
e851fc03a.jpg,train
e857c7372.jpg,train
e859410a7.jpg,train
e862448c8.jpg,train
e863b1467.jpg,train
e8673ecfe.jpg,train
e868908d6.jpg,train
e869118bb.jpg,train
e869869f0.jpg,train
e86b2f3e2.jpg,train
e86fa030c.jpg,train
e8748c3e9.jpg,train
e874f3235.jpg,train
e880e3468.jpg,train
e8814afd2.jpg,train
e8843df4c.jpg,train
e8986ebbe.jpg,train
e899be178.jpg,train
e89c99064.jpg,train
e89d1f0d8.jpg,train
e89dfa2ad.jpg,train
e8a04b4f8.jpg,train
e8a40861a.jpg,train
e8a8676e0.jpg,train
e8aacce9c.jpg,train
e8b4ddc4d.jpg,train
e8c73d030.jpg,train
e8ea20f7f.jpg,train
e8f6b3f16.jpg,train
e8fefd824.jpg,train
e90b5cff0.jpg,train
e90bfe49b.jpg,train
e91814529.jpg,train
e91e8cf28.jpg,train
e91f2be81.jpg,train
e9309d54e.jpg,train
e93bfa412.jpg,train
e93c77e0f.jpg,train
e941885fb.jpg,train
e9463eb04.jpg,train
e95faa0b1.jpg,train
e96249f5a.jpg,train
e97006670.jpg,train
e970f97d5.jpg,train
e98824ca8.jpg,train
e98a1dd4a.jpg,train
e998b2a8c.jpg,train
e9ab2fa1c.jpg,train
e9b05db06.jpg,train
e9b0ea466.jpg,train
e9b10d130.jpg,train
e9b77950e.jpg,train
e9bb31483.jpg,train
e9c4686f0.jpg,train
e9c57b010.jpg,train
e9c9ac12d.jpg,train
e9ccb6f17.jpg,train
e9ccfe4b5.jpg,train
e9cd3ae87.jpg,train
e9cff204e.jpg,train
e9e65d5f1.jpg,train
e9e95609c.jpg,train
e9eb5a464.jpg,train
e9ed21340.jpg,train
e9f18d64d.jpg,train
e9fa75516.jpg,train
ea0cac9af.jpg,train
ea13e9557.jpg,train
ea168de6c.jpg,train
ea17260aa.jpg,train
ea23dae53.jpg,train
ea28bb97c.jpg,train
ea2ebb194.jpg,train
ea2f3714a.jpg,train
ea3af526f.jpg,train
ea463471d.jpg,train
ea476b31f.jpg,train
ea48b3962.jpg,train
ea497a14e.jpg,train
ea4f8eb1d.jpg,train
ea56440ac.jpg,train
ea5c8ec19.jpg,train
ea5d87b7d.jpg,train
ea6227174.jpg,train
ea64f7fc8.jpg,train
ea675dd1e.jpg,train
ea766c268.jpg,train
ea7752e39.jpg,train
ea7a4f8ca.jpg,train
ea80c7670.jpg,train
ea87a105c.jpg,train
ea8acd661.jpg,train
ea8e93bb5.jpg,train
ea970bedf.jpg,train
ea9f9985a.jpg,train
eaa65effb.jpg,train
eaaa61b15.jpg,train
eab6bfdea.jpg,train
eabbbc433.jpg,train
eabd4acaa.jpg,train
ead245f1f.jpg,train
ead7d8e70.jpg,train
eadff74bc.jpg,train
eae952e95.jpg,train
eaf7443a7.jpg,train
eafa8d983.jpg,train
eb082ef3e.jpg,train
eb0c5c725.jpg,train
eb10d7ae4.jpg,train
eb1195bcc.jpg,train
eb18f69ed.jpg,train
eb1f38f03.jpg,train
eb2008abd.jpg,train
eb27105ee.jpg,train
eb2b76683.jpg,train
eb38788df.jpg,train
eb3f5c9c8.jpg,train
eb41bc619.jpg,train
eb4225311.jpg,train
eb5a90623.jpg,train
eb5aec756.jpg,train
eb5d79866.jpg,train
eb6240583.jpg,train
eb62ffab1.jpg,train
eb630c931.jpg,train
eb68932f0.jpg,train
eb6983d21.jpg,train
eb6e21966.jpg,train
eb7ec1f85.jpg,train
eb81bea67.jpg,train
eb8aa849b.jpg,train
eb9a7b893.jpg,train
eba817e8d.jpg,train
ebb794625.jpg,train
ebb817ec9.jpg,train
ebb8247c6.jpg,train
ebce68542.jpg,train
ebcfa79fd.jpg,train
ebd992f54.jpg,train
ebdc35de8.jpg,train
ebde18416.jpg,train
ebe0d614b.jpg,train
ebe4ba4f4.jpg,train
ebeaefa1b.jpg,train
ebedf35c7.jpg,train
ebf129ba9.jpg,train
ebfa0cc57.jpg,train
ebfe6e61d.jpg,train
ebffb5d31.jpg,train
ec0c4dd47.jpg,train
ec1ab47d4.jpg,train
ec1ffc4eb.jpg,train
ec2ade8c1.jpg,train
ec37ebae6.jpg,train
ec3e9deb2.jpg,train
ec3f302f2.jpg,train
ec3fe85d6.jpg,train
ec52fac2d.jpg,train
ec58aa10d.jpg,train
ec5abc2f0.jpg,train
ec6a951ba.jpg,train
ec6d6e7ea.jpg,train
ec6e13f9c.jpg,train
ec80b6b6d.jpg,train
ec87938ad.jpg,train
ec8c34113.jpg,train
ec90adfcb.jpg,train
ec921fcc7.jpg,train
ec9f97e66.jpg,train
eca0aa4ff.jpg,train
eca85078d.jpg,train
ecad316bb.jpg,train
ecb2bea37.jpg,train
ecb3a4be6.jpg,train
ecb50399d.jpg,train
ecbab23d0.jpg,train
ecc0bf094.jpg,train
ecc3a7d10.jpg,train
ecca5b079.jpg,train
ecd0a7a42.jpg,train
ecd358e7b.jpg,train
ecd7ecf7e.jpg,train
ecd8fc5e7.jpg,train
ecdebc6ad.jpg,train
ece053dec.jpg,train
eceb96837.jpg,train
ecf1f5bb7.jpg,train
ed0d0866c.jpg,train
ed1c6be8d.jpg,train
ed1e66f9c.jpg,train
ed22af554.jpg,train
ed2871d8f.jpg,train
ed2d06ff7.jpg,train
ed30f8ba4.jpg,train
ed3276a76.jpg,train
ed32e2939.jpg,train
ed3615966.jpg,train
ed3942a81.jpg,train
ed3f080c3.jpg,train
ed4b2a7b2.jpg,train
ed4db5cf7.jpg,train
ed5030539.jpg,train
ed54a41e1.jpg,train
ed5d6f10a.jpg,train
ed60642e0.jpg,train
ed62608bc.jpg,train
ed64babcf.jpg,train
ed69c5fcf.jpg,train
ed73c3216.jpg,train
ed7b0a225.jpg,train
ed861754e.jpg,train
ed8d0e78c.jpg,train
ed94e8b34.jpg,train
ed992aa5a.jpg,train
ed9f33dc2.jpg,train
eda0fd38d.jpg,train
eda5114ee.jpg,train
edb2ae02b.jpg,train
edbb46a8e.jpg,train
edbd80289.jpg,train
edc0d2bf8.jpg,train
edd2ff0dd.jpg,train
edd793914.jpg,train
edf12f5f1.jpg,train
ee036e6f9.jpg,train
ee0ad947e.jpg,train
ee0f815a0.jpg,train
ee1450e82.jpg,train
ee1a3dcd6.jpg,train
ee1ab393a.jpg,train
ee20efe66.jpg,train
ee21b4b2d.jpg,train
ee329c310.jpg,train
ee346cc79.jpg,train
ee37864ff.jpg,train
ee44ebd2f.jpg,train
ee45a1736.jpg,train
ee4c5ab7f.jpg,train
ee57ddb83.jpg,train
ee63f3e1e.jpg,train
ee65fc6d8.jpg,train
ee68de193.jpg,train
ee73f4685.jpg,train
ee83f88d5.jpg,train
ee8e55668.jpg,train
ee9a247ad.jpg,train
eeaccd41b.jpg,train
eeae0a244.jpg,train
eebc69ef5.jpg,train
eec244672.jpg,train
eed32de1b.jpg,train
eedb60662.jpg,train
eee142d9a.jpg,train
eee687cf1.jpg,train
eef10580b.jpg,train
eef2cc092.jpg,train
eef6ec80a.jpg,train
eefe5b710.jpg,train
eeffa4c49.jpg,train
ef0f5ac32.jpg,train
ef17a2418.jpg,train
ef21b3e57.jpg,train
ef2286f15.jpg,train
ef24240a0.jpg,train
ef24da2ba.jpg,train
ef25cc709.jpg,train
ef3894ac2.jpg,train
ef3c774d4.jpg,train
ef5c1b08e.jpg,train
ef60f8163.jpg,train
ef6f50a86.jpg,train
ef6febf17.jpg,train
ef70641e3.jpg,train
ef7331888.jpg,train
ef88e0b13.jpg,train
ef8c8a263.jpg,train
ef94ca813.jpg,train
efa1000e0.jpg,train
efa836d61.jpg,train
efa879d07.jpg,train
efb89f410.jpg,train
efb8d2080.jpg,train
efc63b0b9.jpg,train
efd258b19.jpg,train
efd4c37d9.jpg,train
efda1f523.jpg,train
efdad5db3.jpg,train
efe5694bf.jpg,train
efe81e1da.jpg,train
eff2074df.jpg,train
eff908342.jpg,train
effb2ffd3.jpg,train
f00185797.jpg,train
f0074b888.jpg,train
f00c6d4b2.jpg,train
f024c4789.jpg,train
f02c1a600.jpg,train
f02f4630b.jpg,train
f0344b3ad.jpg,train
f03d88c73.jpg,train
f0437a9c3.jpg,train
f046dc5fa.jpg,train
f04d32eeb.jpg,train
f061c7c53.jpg,train
f0625054e.jpg,train
f06b3cff2.jpg,train
f06fbd0e7.jpg,train
f07399cf6.jpg,train
f07969848.jpg,train
f07e9ccda.jpg,train
f0859ea87.jpg,train
f0a08a10c.jpg,train
f0b2483fa.jpg,train
f0d32ba71.jpg,train
f0df48da0.jpg,train
f0e205516.jpg,train
f0e6210ea.jpg,train
f0f70d7ad.jpg,train
f0fdd6b7f.jpg,train
f0fe4df29.jpg,train
f10768627.jpg,train
f10e66f64.jpg,train
f1119e073.jpg,train
f11471db2.jpg,train
f114d1a28.jpg,train
f11d59e33.jpg,train
f12206185.jpg,train
f13107ec5.jpg,train
f1317e0c9.jpg,train
f1396bc02.jpg,train
f13f86ab1.jpg,train
f14611c67.jpg,train
f14b1878e.jpg,train
f14cec989.jpg,train
f14f39ad8.jpg,train
f1529241c.jpg,train
f157238ea.jpg,train
f1611c743.jpg,train
f1691b37f.jpg,train
f1699acad.jpg,train
f1699cb5a.jpg,train
f16c5b437.jpg,train
f17e982f9.jpg,train
f183f0192.jpg,train
f18461ad5.jpg,train
f186527ee.jpg,train
f195eeda7.jpg,train
f1a782eb5.jpg,train
f1becb8a5.jpg,train
f1bee5caa.jpg,train
f1c0e4d32.jpg,train
f1d7871fd.jpg,train
f1e00a7fb.jpg,train
f1e348d35.jpg,train
f1f6b0f09.jpg,train
f1feaa507.jpg,train
f20023b87.jpg,train
f210c637e.jpg,train
f21b0be46.jpg,train
f22ad3b42.jpg,train
f22b67de8.jpg,train
f23288425.jpg,train
f2370bcfb.jpg,train
f2444c793.jpg,train
f24af31d1.jpg,train
f25c52683.jpg,train
f2613b2c4.jpg,train
f26715715.jpg,train
f2675f133.jpg,train
f26a1060f.jpg,train
f273460c7.jpg,train
f2739a7ca.jpg,train
f27526824.jpg,train
f276116b0.jpg,train
f278ce929.jpg,train
f27cf9c58.jpg,train
f27d7bda2.jpg,train
f27dfe80a.jpg,train
f294b84ed.jpg,train
f297f6838.jpg,train
f298b80d1.jpg,train
f2991ba3c.jpg,train
f2a7da76d.jpg,train
f2aa8fa9e.jpg,train
f2aaef344.jpg,train
f2ad0871c.jpg,train
f2b20ecf8.jpg,train
f2b6d2c32.jpg,train
f2c12070d.jpg,train
f2cc60a91.jpg,train
f2ce832a0.jpg,train
f2f5ab55c.jpg,train
f2f69d7a4.jpg,train
f2ff5cfd7.jpg,train
f3045532b.jpg,train
f30897f72.jpg,train
f30beded6.jpg,train
f30cde286.jpg,train
f327ae983.jpg,train
f32bb5699.jpg,train
f338038be.jpg,train
f33e7a4b3.jpg,train
f33e7fc05.jpg,train
f33f47596.jpg,train
f34262e93.jpg,train
f348bf060.jpg,train
f35093ccb.jpg,train
f357575a6.jpg,train
f36729b47.jpg,train
f36acf83d.jpg,train
f36bc094e.jpg,train
f36cf3058.jpg,train
f375d814f.jpg,train
f37af29b7.jpg,train
f37f07255.jpg,train
f3805c0a8.jpg,train
f380e604c.jpg,train
f383950e8.jpg,train
f3862285d.jpg,train
f39c2310c.jpg,train
f3a39de53.jpg,train
f3a589343.jpg,train
f3a5aa94c.jpg,train
f3a9b7ad1.jpg,train
f3b180e26.jpg,train
f3b2ffe61.jpg,train
f3c12bd05.jpg,train
f3c800e30.jpg,train
f3c9fefb0.jpg,train
f3d2fbd91.jpg,train
f3d855e66.jpg,train
f3e1e7c47.jpg,train
f3e9dc39c.jpg,train
f3f049f32.jpg,train
f3f18f763.jpg,train
f3f8f84d8.jpg,train
f3fcb4c7f.jpg,train
f400d2c23.jpg,train
f4077b312.jpg,train
f40be459c.jpg,train
f40da0c0d.jpg,train
f40f6db0e.jpg,train
f415f1afc.jpg,train
f41732c94.jpg,train
f41aa7979.jpg,train
f41c0d27c.jpg,train
f4222bcd7.jpg,train
f4223a623.jpg,train
f42768e5d.jpg,train
f430ab232.jpg,train
f444c57a7.jpg,train
f4495532f.jpg,train
f44bc4cf4.jpg,train
f45b2b2b0.jpg,train
f45d1ea03.jpg,train
f45dffa97.jpg,train
f46d86fbe.jpg,train
f46e63337.jpg,train
f47f238a3.jpg,train
f480125b7.jpg,train
f4818a932.jpg,train
f4829742c.jpg,train
f482c3553.jpg,train
f49a67645.jpg,train
f4a852272.jpg,train
f4a8adfd2.jpg,train
f4a98f891.jpg,train
f4ac05153.jpg,train
f4c5a6321.jpg,train
f4c8845b6.jpg,train
f4d41a007.jpg,train
f4dde5dac.jpg,train
f4e2a1748.jpg,train
f4f73481c.jpg,train
f4fa0c7ac.jpg,train
f5018f891.jpg,train
f503725aa.jpg,train
f503817dd.jpg,train
f508bc529.jpg,train
f50ff910b.jpg,train
f514de546.jpg,train
f5222b1b3.jpg,train
f525de3a6.jpg,train
f52e7d092.jpg,train
f539d7bea.jpg,train
f53a8182a.jpg,train
f53e75337.jpg,train
f54c0a5b9.jpg,train
f5547eecf.jpg,train
f55acfc8e.jpg,train
f56a760ba.jpg,train
f57584fa6.jpg,train
f576a4e75.jpg,train
f58e82c13.jpg,train
f597d415e.jpg,train
f59f1dddb.jpg,train
f5a1bb561.jpg,train
f5a4016bb.jpg,train
f5a68b422.jpg,train
f5b46c3c1.jpg,train
f5b50a959.jpg,train
f5be628ef.jpg,train
f5cfc6f9c.jpg,train
f5d2ff551.jpg,train
f5d3a64cd.jpg,train
f5d65cd10.jpg,train
f5d8b0c31.jpg,train
f5dbb7e00.jpg,train
f5dbf6137.jpg,train
f5e54ba62.jpg,train
f5e981623.jpg,train
f605d5ede.jpg,train
f6082de16.jpg,train
f6091ef22.jpg,train
f60a5bc2b.jpg,train
f60cdbdcf.jpg,train
f613991f1.jpg,train
f618df512.jpg,train
f61bac8e3.jpg,train
f62546cde.jpg,train
f62aedad6.jpg,train
f63112dc2.jpg,train
f63292081.jpg,train
f634eed36.jpg,train
f645abdf0.jpg,train
f64bb97a6.jpg,train
f6565a40a.jpg,train
f65921e5a.jpg,train
f65c33996.jpg,train
f65f02fdb.jpg,train
f6620bebb.jpg,train
f66a9a7f3.jpg,train
f6749d6fe.jpg,train
f675eb92e.jpg,train
f67811762.jpg,train
f67d160b0.jpg,train
f67e682da.jpg,train
f68466331.jpg,train
f6854fafc.jpg,train
f69caf7dd.jpg,train
f6a0c323a.jpg,train
f6a144845.jpg,train
f6ada445d.jpg,train
f6b7fc8e4.jpg,train
f6c5aad59.jpg,train
f6c7845d2.jpg,train
f6c97e5e7.jpg,train
f6d0cca5b.jpg,train
f6d99d582.jpg,train
f6db0a2e8.jpg,train
f6e140d3c.jpg,train
f6e2cc602.jpg,train
f6ede545c.jpg,train
f6efc793c.jpg,train
f6f7902a9.jpg,train
f6fdd467c.jpg,train
f6ff3d051.jpg,train
f701e3865.jpg,train
f70d09439.jpg,train
f710d0506.jpg,train
f710ff0a1.jpg,train
f71c37a0f.jpg,train
f71f9c14b.jpg,train
f7202186a.jpg,train
f72f8467b.jpg,train
f735b179a.jpg,train
f74f33985.jpg,train
f75fb2c26.jpg,train
f76f8e798.jpg,train
f777798f2.jpg,train
f78601072.jpg,train
f789a780c.jpg,train
f789ae3cc.jpg,train
f78c3b312.jpg,train
f7911bc46.jpg,train
f7916450e.jpg,train
f793f797d.jpg,train
f7955d77f.jpg,train
f799d498a.jpg,train
f79e8cbcb.jpg,train
f79f9f617.jpg,train
f7a5fc620.jpg,train
f7b1dd93a.jpg,train
f7b62d489.jpg,train
f7c4aaaad.jpg,train
f7cdbc185.jpg,train
f7cf4e28e.jpg,train
f7d9253e4.jpg,train
f7f1db72c.jpg,train
f7f254746.jpg,train
f7f2d555c.jpg,train
f7f2e339e.jpg,train
f7f48c1a7.jpg,train
f7fc733a7.jpg,train
f801dd10b.jpg,train
f806c9662.jpg,train
f806ebb39.jpg,train
f80b4e4e4.jpg,train
f8107b51d.jpg,train
f81484e30.jpg,train
f8233dc1a.jpg,train
f824f4ba1.jpg,train
f8267203f.jpg,train
f8332f3fc.jpg,train
f8347d282.jpg,train
f836658ad.jpg,train
f83aa5759.jpg,train
f83d95885.jpg,train
f83ee60b3.jpg,train
f84697b80.jpg,train
f848466cb.jpg,train
f8496f4e2.jpg,train
f84ae7a4b.jpg,train
f84f601b2.jpg,train
f8507e526.jpg,train
f85515b8b.jpg,train
f8800a695.jpg,train
f88cdab63.jpg,train
f88d122b9.jpg,train
f88e7ab6d.jpg,train
f8952d06e.jpg,train
f8981ac65.jpg,train
f8a3b9065.jpg,train
f8a4b0829.jpg,train
f8aa3fcc1.jpg,train
f8ac50f34.jpg,train
f8bf12de0.jpg,train
f8c41046b.jpg,train
f8cdb7672.jpg,train
f8d0b85ef.jpg,train
f8dadfeb9.jpg,train
f8dcae030.jpg,train
f8e2dbdf4.jpg,train
f8e3ec37a.jpg,train
f8eb9b938.jpg,train
f8f2e908e.jpg,train
f8f3a1eb2.jpg,train
f8f942505.jpg,train
f8fe4e3d9.jpg,train
f8ff8457a.jpg,train
f901632bf.jpg,train
f910b7857.jpg,train
f917bca00.jpg,train
f91d56c49.jpg,train
f92794f0a.jpg,train
f928cdeea.jpg,train
f939530e3.jpg,train
f945df120.jpg,train
f9486d8fd.jpg,train
f950b713a.jpg,train
f95284047.jpg,train
f95867a2b.jpg,train
f95d6f436.jpg,train
f96003fac.jpg,train
f965e553b.jpg,train
f9668c7cd.jpg,train
f9683d4b0.jpg,train
f96b502c6.jpg,train
f96b6802d.jpg,train
f97db2626.jpg,train
f98a8ae54.jpg,train
f98ac3ca8.jpg,train
f98ddb64d.jpg,train
f9a93b750.jpg,train
f9b337a42.jpg,train
f9b806612.jpg,train
f9d0f27a0.jpg,train
f9da1e38a.jpg,train
f9db48c10.jpg,train
fa0a430a6.jpg,train
fa17c01fa.jpg,train
fa342395f.jpg,train
fa347a114.jpg,train
fa3828a07.jpg,train
fa3a68a38.jpg,train
fa434abec.jpg,train
fa492c084.jpg,train
fa4fe42af.jpg,train
fa52d8ecd.jpg,train
fa564380a.jpg,train
fa6567637.jpg,train
fa6905f76.jpg,train
fa6a65776.jpg,train
fa71602c6.jpg,train
fa764f687.jpg,train
fa7c44dbf.jpg,train
fa80cdac8.jpg,train
fa8f73d4b.jpg,train
fa9a5da40.jpg,train
fa9c1b2e4.jpg,train
faa053217.jpg,train
faa0cdf84.jpg,train
faa1000af.jpg,train
faa4010e1.jpg,train
faa80e2e8.jpg,train
faab4b759.jpg,train
fab50d91a.jpg,train
fac3481a4.jpg,train
fac87dc98.jpg,train
fac91988f.jpg,train
fac9867d0.jpg,train
fac9c2cb8.jpg,train
facc4ddc7.jpg,train
facfab806.jpg,train
fad2dd8ee.jpg,train
fad32acdd.jpg,train
fadccb348.jpg,train
fae50c768.jpg,train
faea44200.jpg,train
faf0dc448.jpg,train
fb0434dea.jpg,train
fb18f4f82.jpg,train
fb1a7bc67.jpg,train
fb208afce.jpg,train
fb22747f2.jpg,train
fb227f89f.jpg,train
fb23968c0.jpg,train
fb2c208eb.jpg,train
fb2d75aea.jpg,train
fb352c185.jpg,train
fb357de4d.jpg,train
fb36b84e7.jpg,train
fb37207e8.jpg,train
fb49750e4.jpg,train
fb4ad0679.jpg,train
fb565bc91.jpg,train
fb6666769.jpg,train
fb6ed1e5a.jpg,train
fb714819e.jpg,train
fb7812d7c.jpg,train
fb8a8c8be.jpg,train
fb8c8f732.jpg,train
fb9558035.jpg,train
fb9a07c8f.jpg,train
fb9bed1bb.jpg,train
fbab82e58.jpg,train
fbadf780f.jpg,train
fbb44ab31.jpg,train
fbbb8f8b2.jpg,train
fbbd2ed0d.jpg,train
fbbecd1d9.jpg,train
fbc970f36.jpg,train
fbc97ac61.jpg,train
fbcb3df55.jpg,train
fbce1e845.jpg,train
fbce992e6.jpg,train
fbdc2daae.jpg,train
fbdde63d5.jpg,train
fbe24003b.jpg,train
fbedb4788.jpg,train
fbf0bf047.jpg,train
fbf282a60.jpg,train
fbf7ac43e.jpg,train
fc0541a53.jpg,train
fc113cb7e.jpg,train
fc1e573df.jpg,train
fc1ee52dc.jpg,train
fc20db1e0.jpg,train
fc230eb3c.jpg,train
fc23f981b.jpg,train
fc2968239.jpg,train
fc3151ab5.jpg,train
fc37492b6.jpg,train
fc477f3c8.jpg,train
fc4ef4356.jpg,train
fc55baa4f.jpg,train
fc5cb6d9e.jpg,train
fc5e5979c.jpg,train
fc62ebb8b.jpg,train
fc6cbd71b.jpg,train
fc70bf091.jpg,train
fc8cb11db.jpg,train
fc921f66a.jpg,train
fc9557838.jpg,train
fc9f88417.jpg,train
fcacd299d.jpg,train
fcb1f2469.jpg,train
fcb25f2ec.jpg,train
fcbe0914f.jpg,train
fcc15caae.jpg,train
fcc7c9c3c.jpg,train
fcce5b9cc.jpg,train
fcd374576.jpg,train
fcd874407.jpg,train
fcddbcbc0.jpg,train
fcdec6c2f.jpg,train
fcdeccead.jpg,train
fcded3d29.jpg,train
fcdfdbf64.jpg,train
fcea4a36f.jpg,train
fcf0d3eeb.jpg,train
fcf5cf8e2.jpg,train
fcfffb388.jpg,train
fd02408b4.jpg,train
fd14dd6dc.jpg,train
fd184c14c.jpg,train
fd1c572bb.jpg,train
fd26ab9ad.jpg,train
fd2a53b9a.jpg,train
fd2f7b4f4.jpg,train
fd319a9a3.jpg,train
fd32f8ad3.jpg,train
fd3afa979.jpg,train
fd3dd0ae2.jpg,train
fd5de08ea.jpg,train
fd6208bbc.jpg,train
fd64f3fd7.jpg,train
fd76d8b3d.jpg,train
fd7b70c7b.jpg,train
fd83f3489.jpg,train
fd85c439e.jpg,train
fd86d4201.jpg,train
fd88ec534.jpg,train
fd8e2675c.jpg,train
fd9b1a987.jpg,train
fda1a539d.jpg,train
fda56a365.jpg,train
fda720bac.jpg,train
fdaaaf9d9.jpg,train
fdab86eb7.jpg,train
fdabe52ee.jpg,train
fdac6eb7b.jpg,train
fdb58f4ec.jpg,train
fdb5ae9d4.jpg,train
fdb705792.jpg,train
fdb71f007.jpg,train
fdb7c0397.jpg,train
fdb8a4e70.jpg,train
fdbae58d2.jpg,train
fdc7bc599.jpg,train
fdc83849e.jpg,train
fdc84bdc4.jpg,train
fdcaa4692.jpg,train
fdd363326.jpg,train
fdd592bf5.jpg,train
fdd63753f.jpg,train
fde8b6a20.jpg,train
fde8d37fc.jpg,train
fdf0d8b7a.jpg,train
fdf3a16fc.jpg,train
fdf6a925f.jpg,train
fdf8a8fda.jpg,train
fe01b0ce0.jpg,train
fe123ce40.jpg,train
fe1f25a02.jpg,train
fe2136368.jpg,train
fe2234ba6.jpg,train
fe2637bd9.jpg,train
fe3c40c86.jpg,train
fe44d3c92.jpg,train
fe471b6c5.jpg,train
fe56055d0.jpg,train
fe5f1f766.jpg,train
fe6065792.jpg,train
fe689cf0a.jpg,train
fe6f8e502.jpg,train
fe7459fe6.jpg,train
fe793c552.jpg,train
fe7b99496.jpg,train
fe849b86c.jpg,train
fe8e137c0.jpg,train
fe96a088d.jpg,train
fe9f07422.jpg,train
fea2f6ad2.jpg,train
fea3da755.jpg,train
fea4c4feb.jpg,train
fea8e46ad.jpg,train
feababedf.jpg,train
feb2cfa94.jpg,train
febaaaaa7.jpg,train
febd24f9a.jpg,train
fec4b10d0.jpg,train
fec666a05.jpg,train
fec86da3c.jpg,train
fee93875b.jpg,train
feebccc73.jpg,train
feebe80d4.jpg,train
fef3329b7.jpg,train
fef40d085.jpg,train
ff001adfe.jpg,train
ff09babee.jpg,train
ff1020719.jpg,train
ff18dded1.jpg,train
ff27b4b1b.jpg,train
ff300484e.jpg,train
ff3bac947.jpg,train
ff4ddccf9.jpg,train
ff52f9fe2.jpg,train
ff5483763.jpg,train
ff5590fbe.jpg,train
ff6cc90ca.jpg,train
ff6e35e0a.jpg,train
ff6f1a404.jpg,train
ff73c8e76.jpg,train
ff882d69e.jpg,train
ff8c44174.jpg,train
ff933e271.jpg,train
ff96dfa95.jpg,train
ff9923932.jpg,train
ff9d46e95.jpg,train
ffa55c731.jpg,train
ffa8210a1.jpg,train
ffaa05016.jpg,train
ffb48ee43.jpg,train
ffbd081d5.jpg,train
ffc9fdf70.jpg,train
ffcf72ecf.jpg,train
ffd0223a7.jpg,train
ffe93442c.jpg,train
fff0295e1.jpg,train
fffe98443.jpg,train
ffff4eaa8.jpg,train
ffffd67df.jpg,train
